month,adep_accuracy,adep_coverage,adep_gt_ooa_share,adep_inarea_accuracy,adep_inarea_coverage,adep_ooa_precision,adep_ooa_recall,adep_overall,adep_pred_ooa_share,ades_accuracy,ades_coverage,ades_gt_ooa_share,ades_inarea_accuracy,ades_inarea_coverage,ades_ooa_precision,ades_ooa_recall,ades_overall,ades_pred_ooa_share,max_endpoint_agl_ft,max_endpoint_dist_nm,n_ground_truth,days,cleaned,sched_penalty_nm,variant
2024-06,0.9863856845881058,0.2643670729210444,0.0794297352342158,0.9865633292616148,0.2779065411808775,0.8327974276527331,0.1054131054131054,0.260767896205778,0.0100539876507289,0.9719765081206496,0.2972445823769652,0.0798284464272244,0.9729064039408868,0.3185581618671756,0.6744639376218323,0.04670626349892,0.2889147512365435,0.0055280768111725,0.0,1.0,92799,"2024-06-05,2024-06-06,2024-06-07",False,15,default
2024-06,0.9891542135264212,0.3497343721376308,0.0794297352342158,0.9893566623503774,0.3706396029404879,0.8789592760180995,0.1054131054131054,0.3459412278149549,0.0095259647194474,0.9714412750530133,0.3150680503022662,0.0798284464272244,0.972310784585528,0.3379278846716867,0.6744639376218323,0.04670626349892,0.3060701085141004,0.0055280768111725,500.0,1.0,92799,"2024-06-05,2024-06-06,2024-06-07",False,15,default
2024-06,0.9892566134613238,0.3861679543960603,0.0794297352342158,0.9894418445382948,0.4102167907477642,0.8900343642611683,0.1054131054131054,0.3820192027931335,0.0094074289593637,0.9704014748054076,0.3156499531244949,0.0798284464272244,0.9712556208924248,0.3385602698176623,0.6744639376218323,0.04670626349892,0.3063071800342676,0.0055280768111725,1000.0,1.0,92799,"2024-06-05,2024-06-06,2024-06-07",False,15,default
2024-06,0.9889900662251656,0.390521449584586,0.0794297352342158,0.989167230873392,0.4149459193706981,0.8900343642611683,0.1054131054131054,0.3862218342870074,0.0094074289593637,0.9699099344978166,0.3158654726882833,0.0798284464272244,0.970756999654338,0.338794486538394,0.6744639376218323,0.04670626349892,0.3063610599252147,0.0055280768111725,2000.0,1.0,92799,"2024-06-05,2024-06-06,2024-06-07",False,15,default
2024-06,0.988562766983602,0.3910063686031099,0.0794297352342158,0.9887301721466204,0.415472678747015,0.8900343642611683,0.1054131054131054,0.3865343376545005,0.0094074289593637,0.9694833282245156,0.3163934956195648,0.0798284464272244,0.9703233375892888,0.3393683175041866,0.6744639376218323,0.04670626349892,0.3067382191618444,0.0055280768111725,5000.0,1.0,92799,"2024-06-05,2024-06-06,2024-06-07",False,15,default
2024-06,0.9885437320995814,0.3912973200142243,0.0794297352342158,0.9887105855855856,0.4157887343728051,0.8900343642611683,0.1054131054131054,0.3868145130874255,0.0094074289593637,0.9693762972540748,0.3166952230088686,0.0798284464272244,0.970214086255042,0.339696220913211,0.6744639376218323,0.04670626349892,0.3069968426383905,0.0055280768111725,8000.0,1.0,92799,"2024-06-05,2024-06-06,2024-06-07",False,15,default
2024-06,0.9884949906418584,0.3915128395780127,0.0794297352342158,0.9886606640405178,0.4160228496511682,0.8900343642611683,0.1054131054131054,0.387008480694835,0.0094074289593637,0.9690634030256672,0.3169753984417935,0.0798284464272244,0.9699297327087352,0.3399889918141256,0.6744639376218323,0.04670626349892,0.3071692582894212,0.0055280768111725,10000.0,1.0,92799,"2024-06-05,2024-06-06,2024-06-07",False,15,default
2024-06,0.9875552869426664,0.3922563820730826,0.0794297352342158,0.987699738830071,0.4168305473615208,0.8900343642611683,0.1054131054131054,0.3873748639532753,0.0094074289593637,0.967694964613457,0.3182254119117663,0.0798284464272244,0.968606326768682,0.3413240271222962,0.6744639376218323,0.04670626349892,0.3079451287190595,0.0055280768111725,15000.0,1.0,92799,"2024-06-05,2024-06-06,2024-06-07",False,15,default
2024-06,0.9872872048325096,0.3924611256586817,0.0794297352342158,0.9874256202986416,0.4170529568759657,0.8900343642611683,0.1054131054131054,0.3874718477569801,0.0094074289593637,0.9669720428653528,0.3187642108212373,0.0798284464272244,0.9679386175241488,0.3418861472520523,0.6744639376218323,0.04670626349892,0.3082360801301738,0.0055280768111725,20000.0,1.0,92799,"2024-06-05,2024-06-06,2024-06-07",False,15,default
2024-06,0.9849173327493704,0.3936680352158967,0.0794297352342158,0.9858302996359564,0.4180128295172542,0.8900343642611683,0.1054131054131054,0.3877304712335262,0.0094074289593637,0.9602425206241924,0.3252513496912682,0.0798284464272244,0.964760974295051,0.3476127460739422,0.6744639376218323,0.04670626349892,0.312320175863964,0.0055280768111725,1000000000.0,1.0,92799,"2024-06-05,2024-06-06,2024-06-07",False,15,default
2024-06,0.9870609292266388,0.2889901830838694,0.0794297352342158,0.987281460134486,0.3046425059699396,0.8327974276527331,0.1054131054131054,0.2852509186521406,0.0100539876507289,0.9728011963734928,0.3458765719458184,0.0798284464272244,0.9738850690721,0.3713037673759529,0.6744639376218323,0.04670626349892,0.3364691429864546,0.0055280768111725,0.0,2.0,92799,"2024-06-05,2024-06-06,2024-06-07",False,15,default
2024-06,0.9901568668190318,0.4149182642054332,0.0794297352342158,0.990531759713566,0.4413658285339701,0.8819523269012486,0.1054131054131054,0.410834168471643,0.0094936367848791,0.974630438538042,0.4366534122134937,0.0798284464272244,0.975601854159398,0.4699090068039957,0.67578125,0.04670626349892,0.4255757066347698,0.0055173008329831,500.0,2.0,92799,"2024-06-05,2024-06-06,2024-06-07",False,15,default
2024-06,0.9907302637305248,0.4952208536729922,0.0794297352342158,0.991185134327036,0.5285269466685396,0.8961937716262975,0.1054131054131054,0.4906302869642991,0.0093427730902272,0.973898619310143,0.4417504498970894,0.0798284464272244,0.9748756096359428,0.4754365214132637,0.67578125,0.04670626349892,0.4302201532344099,0.0055173008329831,1000.0,2.0,92799,"2024-06-05,2024-06-06,2024-06-07",False,15,default
2024-06,0.990837537840565,0.5339497192857682,0.0794297352342158,0.9913419913419912,0.5705506391347099,0.9003476245654692,0.1054131054131054,0.5290574251877714,0.0092996691774695,0.9734873406925456,0.4422138169592344,0.0798284464272244,0.974459289879678,0.4759400873628368,0.67578125,0.04670626349892,0.4304895526891453,0.0055173008329831,2000.0,2.0,92799,"2024-06-05,2024-06-06,2024-06-07",False,15,default
2024-06,0.9904285053588304,0.5359001713380532,0.0794297352342158,0.9909243285229548,0.5726693824038956,0.9003476245654692,0.1054131054131054,0.5307708057198892,0.0092996691774695,0.9731504450605574,0.4430866711925775,0.0798284464272244,0.9741171848141054,0.4768886650818001,0.67578125,0.04670626349892,0.4311899912714577,0.0055173008329831,5000.0,2.0,92799,"2024-06-05,2024-06-06,2024-06-07",False,15,default
2024-06,0.9904145650382814,0.5362450026401147,0.0794297352342158,0.9909098337214528,0.5730439668492766,0.9003476245654692,0.1054131054131054,0.5311048610437612,0.0092996691774695,0.9730668350495434,0.4437116779275639,0.0798284464272244,0.9740313879352624,0.4775678935719221,0.67578125,0.04670626349892,0.4317611181154969,0.0055173008329831,8000.0,2.0,92799,"2024-06-05,2024-06-06,2024-06-07",False,15,default
2024-06,0.9903598971722364,0.5365575060076079,0.0794297352342158,0.9908539697446052,0.573383434002903,0.9003476245654692,0.1054131054131054,0.5313850364766862,0.0092996691774695,0.972828723920427,0.4441858209678984,0.0798284464272244,0.9738137814467336,0.4780714595214952,0.67578125,0.04670626349892,0.4321167253957478,0.0055173008329831,10000.0,2.0,92799,"2024-06-05,2024-06-06,2024-06-07",False,15,default
2024-06,0.989631798491898,0.5373333764372461,0.0794297352342158,0.9901131383141372,0.5742262490050101,0.9003476245654692,0.1054131054131054,0.5317621957133158,0.0092996691774695,0.9718160063812816,0.4458129936745008,0.0798284464272244,0.9728351069022748,0.4798163740909463,0.67578125,0.04670626349892,0.4332482031056369,0.0055173008329831,15000.0,2.0,92799,"2024-06-05,2024-06-06,2024-06-07",False,15,default
2024-06,0.9893167104287346,0.5376243278483605,0.0794297352342158,0.9897925919889166,0.5745423046308002,0.9003476245654692,0.1054131054131054,0.5318807314733995,0.0092996691774695,0.9711935149219524,0.4466535199732755,0.0798284464272244,0.9722519976612746,0.4807063976297268,0.67578125,0.04670626349892,0.4337870020151079,0.0055173008329831,20000.0,2.0,92799,"2024-06-05,2024-06-06,2024-06-07",False,15,default
2024-06,0.9871864067966016,0.5390683089257428,0.0794297352342158,0.9882283576627496,0.5757597040782881,0.9003476245654692,0.1054131054131054,0.5321609069063244,0.0092996691774695,0.9653060259199696,0.4556514617614414,0.0798284464272244,0.969297090168842,0.4889859587075921,0.6745098039215687,0.0464362850971922,0.439843101757562,0.0054957488766042,1000000000.0,2.0,92799,"2024-06-05,2024-06-06,2024-06-07",False,15,default
2024-06,0.9870149033495648,0.2921152167588012,0.0794297352342158,0.9872316169485084,0.3080371775062041,0.8327974276527331,0.1054131054131054,0.2883220724361254,0.0100539876507289,0.9726838291968553,0.3495188525738424,0.0798284464272244,0.973815617002684,0.3752386082842454,0.6744639376218323,0.04670626349892,0.3399713358980161,0.0055280768111725,0.0,3.0,92799,"2024-06-05,2024-06-06,2024-06-07",False,15,default
2024-06,0.990118273513901,0.4209312600351297,0.0794297352342158,0.990513028251836,0.4478976448002996,0.8818181818181818,0.1052774386107719,0.4167717324540135,0.0094828608066897,0.975411360044622,0.4636687895343699,0.0798284464272244,0.976378691562478,0.4992446510756403,0.67578125,0.04670626349892,0.4522678046099634,0.0055173008329831,500.0,3.0,92799,"2024-06-05,2024-06-06,2024-06-07",False,15,default
2024-06,0.9907752615096188,0.5058136402331922,0.0794297352342158,0.9912429011141456,0.5400337126000843,0.8960739030023095,0.1052774386107719,0.5011476416771733,0.0093319971120378,0.9751873071837814,0.4890138902358861,0.0798284464272244,0.976123782846472,0.5267768265976508,0.67578125,0.04670626349892,0.476880138794599,0.0055173008329831,1000.0,3.0,92799,"2024-06-05,2024-06-06,2024-06-07",False,15,default
2024-06,0.9912219825565038,0.574521277168935,0.0794297352342158,0.991715232544852,0.6146228402865571,0.9012775842044136,0.1052774386107719,0.5694781193762863,0.0092781172210907,0.9747729122220512,0.4899514003383657,0.0798284464272244,0.9757039206549956,0.5277956693328336,0.67578125,0.04670626349892,0.4775913533551008,0.0055173008329831,2000.0,3.0,92799,"2024-06-05,2024-06-06,2024-06-07",False,15,default
2024-06,0.9905427782888684,0.5856744145949848,0.0794297352342158,0.991016230552287,0.6267383059418458,0.9012775842044136,0.1052774386107719,0.5801355618056229,0.0092781172210907,0.9743910467412772,0.4910613260918759,0.0798284464272244,0.9753165677853538,0.5290018854446019,0.67578125,0.04670626349892,0.4784857595448227,0.0055173008329831,5000.0,3.0,92799,"2024-06-05,2024-06-06,2024-06-07",False,15,default
2024-06,0.990514880241172,0.5862239894826453,0.0794297352342158,0.9909874608150472,0.6273352999016716,0.9012775842044136,0.1052774386107719,0.5806635847369045,0.0092781172210907,0.9741949616648412,0.4919234043470296,0.0798284464272244,0.9751386709685974,0.5299270414914921,0.67578125,0.04670626349892,0.4792293020398926,0.0055173008329831,8000.0,3.0,92799,"2024-06-05,2024-06-06,2024-06-07",False,15,default
2024-06,0.9904660433161268,0.5866119246974644,0.0794297352342158,0.990937569926158,0.6277567074027252,0.9012775842044136,0.1052774386107719,0.5810191920171554,0.0092781172210907,0.9739006781885802,0.4925699630383948,0.0798284464272244,0.9748620613551092,0.5306179808176505,0.67578125,0.04670626349892,0.4797142210584166,0.0055173008329831,10000.0,3.0,92799,"2024-06-05,2024-06-06,2024-06-07",False,15,default
2024-06,0.9896922343274276,0.5875278828435652,0.0794297352342158,0.9901513600059576,0.6287516973357681,0.9012775842044136,0.1052774386107719,0.581471783101111,0.0092781172210907,0.9729081754974828,0.4944126553087856,0.0798284464272244,0.9739000417775237,0.5325971121078333,0.67578125,0.04670626349892,0.4810181144193364,0.0055173008329831,15000.0,3.0,92799,"2024-06-05,2024-06-06,2024-06-07",False,15,default
2024-06,0.9892952066721658,0.587883490123816,0.0794297352342158,0.9897480742752948,0.6291379875450672,0.9012775842044136,0.1052774386107719,0.5815903188611946,0.0092781172210907,0.9721787174802052,0.4953932693240229,0.0798284464272244,0.9732048806179776,0.5336393765150894,0.67578125,0.04670626349892,0.4816107932197545,0.0055173008329831,20000.0,3.0,92799,"2024-06-05,2024-06-06,2024-06-07",False,15,default
2024-06,0.986462539050368,0.5898447181542904,0.0794297352342158,0.987879350348028,0.6306480310905089,0.9042056074766356,0.105006105006105,0.5818597183159301,0.0092242373301436,0.9650803790056424,0.5060938156661171,0.0798284464272244,0.9694814431656535,0.5433593704254547,0.6765285996055227,0.0463012958963282,0.4884212114354681,0.005463420942036,1000000000.0,3.0,92799,"2024-06-05,2024-06-06,2024-06-07",False,15,default
2024-06,0.987017776794276,0.2921798726279378,0.0794297352342158,0.9872345275635424,0.308107412089713,0.8327974276527331,0.1054131054131054,0.2883867283052619,0.0100539876507289,0.97249684314269,0.3498852358322826,0.0798284464272244,0.973655494933749,0.3756250658734527,0.6744639376218323,0.04670626349892,0.3402622873091305,0.0055280768111725,0.0,5.0,92799,"2024-06-05,2024-06-06,2024-06-07",False,15,default
2024-06,0.9899994884648832,0.4213191952499488,0.0794297352342158,0.9903913940311756,0.4483190523013531,0.8818181818181818,0.1052774386107719,0.4171057877778855,0.0094828608066897,0.9755215959004392,0.4710395586159334,0.0798284464272244,0.9764972064459528,0.5072431520886276,0.67578125,0.04670626349892,0.4595092619532538,0.0055173008329831,500.0,5.0,92799,"2024-06-05,2024-06-06,2024-06-07",False,15,default
2024-06,0.9905515832482124,0.5063847670772315,0.0794297352342158,0.991101392166627,0.5406541180877464,0.8955916473317865,0.104734771401438,0.5016002327611289,0.0092888931992801,0.9756606688097524,0.5162340111423614,0.0798284464272244,0.9768391796858552,0.5561944467215515,0.67578125,0.04670626349892,0.5036692205734976,0.0055173008329831,1000.0,5.0,92799,"2024-06-05,2024-06-06,2024-06-07",False,15,default
2024-06,0.9908642932285034,0.5838748262373517,0.0794297352342158,0.9915311399235556,0.6247600318396779,0.9003516998827668,0.1041921041921041,0.5785407170335887,0.0091919093955753,0.9749608126539504,0.5293483765988858,0.0798284464272244,0.9761645691761276,0.5704231125060018,0.675146771037182,0.0465712742980561,0.516093923425899,0.0055065248547936,2000.0,5.0,92799,"2024-06-05,2024-06-06,2024-06-07",False,15,default
2024-06,0.9901844701844702,0.6279701289884589,0.0794297352342158,0.990811638591118,0.6726600177927612,0.9012925969447708,0.1040564373897707,0.6218062694641106,0.0091703574391965,0.974355853114222,0.531147964956519,0.0798284464272244,0.9755503723708978,0.5723788221241114,0.675146771037182,0.0465712742980561,0.5175271285250919,0.0055065248547936,5000.0,5.0,92799,"2024-06-05,2024-06-06,2024-06-07",False,15,default
2024-06,0.99006124054877,0.6299421329971228,0.0794297352342158,0.9906846843721268,0.6748021725897833,0.9012925969447708,0.1040564373897707,0.6236812896690697,0.0091703574391965,0.9740349032375484,0.5328828974450156,0.0798284464272244,0.9752426788481932,0.5742525558899649,0.675146771037182,0.0465712742980561,0.5190465414498001,0.0055065248547936,8000.0,5.0,92799,"2024-06-05,2024-06-06,2024-06-07",False,15,default
2024-06,0.9899853026626106,0.6305455877757303,0.0794297352342158,0.9906070741555898,0.6754576953691998,0.9012925969447708,0.1040564373897707,0.6242308645567302,0.0091703574391965,0.9736135505622514,0.533766527656548,0.0798284464272244,0.9748355966366024,0.5752011336089283,0.675146771037182,0.0465712742980561,0.5196823241629759,0.0055065248547936,10000.0,5.0,92799,"2024-06-05,2024-06-06,2024-06-07",False,15,default
2024-06,0.989221454762514,0.6318494811366502,0.0794297352342158,0.989831211953514,0.6768740928032964,0.9012925969447708,0.1040564373897707,0.6250390629209367,0.0091703574391965,0.9723300287558568,0.5358786193816744,0.0798284464272244,0.9735758755652896,0.5774730358000257,0.675146771037182,0.0465712742980561,0.5210508733930322,0.0055065248547936,15000.0,5.0,92799,"2024-06-05,2024-06-06,2024-06-07",False,15,default
2024-06,0.9886344272910064,0.6323990560243106,0.0794297352342158,0.9892354211663068,0.6774710867631222,0.9012925969447708,0.1040564373897707,0.6252114785719673,0.0091703574391965,0.9712508777209348,0.5371286328516471,0.0798284464272244,0.9725240263024784,0.5788080711081964,0.675146771037182,0.0465712742980561,0.521686656106208,0.0055065248547936,20000.0,5.0,92799,"2024-06-05,2024-06-06,2024-06-07",False,15,default
2024-06,0.9849641923768796,0.6349852907897714,0.0794297352342158,0.9866678150030144,0.6795781242683897,0.906810035842294,0.1029711029711029,0.6254377741139452,0.0090194937445446,0.9619068136861278,0.5502106703736032,0.0798284464272244,0.9668358244459422,0.5907648347015494,0.6779324055666004,0.0460313174946004,0.529251392795181,0.0054203170292783,1000000000.0,5.0,92799,"2024-06-05,2024-06-06,2024-06-07",False,15,default
2024-06,0.985745331319754,0.2925570318645675,0.0794297352342158,0.9859235088784336,0.3085171138268483,0.8327974276527331,0.1054131054131054,0.2883867283052619,0.0100539876507289,0.9710167199409884,0.3506072263709738,0.0798284464272244,0.972154813017236,0.3764096918879038,0.6744639376218323,0.04670626349892,0.3404454789383506,0.0055280768111725,0.0,10.0,92799,"2024-06-05,2024-06-06,2024-06-07",False,15,default
2024-06,0.9886845466155813,0.4218795461157986,0.0794297352342158,0.9890485254621784,0.4489277520250971,0.8818181818181818,0.1052774386107719,0.4171057877778855,0.0094828608066897,0.9743747858855772,0.471826205023761,0.0798284464272244,0.9753382349551708,0.5080980431192983,0.67578125,0.04670626349892,0.4597355574952316,0.0055173008329831,500.0,10.0,92799,"2024-06-05,2024-06-06,2024-06-07",False,15,default
2024-06,0.989414615482719,0.5069666698994602,0.0794297352342158,0.9899653979238754,0.5412745235754085,0.8955916473317865,0.104734771401438,0.5016002327611289,0.0092888931992801,0.974434304288036,0.5171822972230304,0.0798284464272244,0.9756000168130806,0.5572250002927709,0.67578125,0.04670626349892,0.5039601719846118,0.0055173008329831,1000.0,10.0,92799,"2024-06-05,2024-06-06,2024-06-07",False,15,default
2024-06,0.9893683667452832,0.5848338882962101,0.0794297352342158,0.9903664490544156,0.6257784333005572,0.8983253588516746,0.1018857685524352,0.5786161488809146,0.0090087177663552,0.9739115002366304,0.5464714059418744,0.0798284464272244,0.97508797741416,0.5890199201320983,0.675146771037182,0.0465712742980561,0.5322147867972715,0.0055065248547936,2000.0,10.0,92799,"2024-06-05,2024-06-06,2024-06-07",False,15,default
2024-06,0.9885845119594692,0.6636170648390608,0.0794297352342158,0.98966578354095,0.7113475675422578,0.8990267639902676,0.1002577669244336,0.6560415521718984,0.0088578540717033,0.972355632870703,0.5698983825256738,0.0798284464272244,0.9738502296681724,0.614432434331487,0.6646464646464646,0.0444114470842332,0.5541439024127415,0.0053341092037629,5000.0,10.0,92799,"2024-06-05,2024-06-06,2024-06-07",False,15,default
2024-06,0.9882717905699498,0.6808370779857541,0.0794297352342158,0.9894495486395049,0.7300533782834667,0.898034398034398,0.0991724325057658,0.6728520781473938,0.0087716462461879,0.9707999177462472,0.5764394012866518,0.0798284464272244,0.97260377216287,0.6215292009696572,0.6527196652719666,0.0421166306695464,0.5596073233547775,0.0051509175745428,8000.0,10.0,92799,"2024-06-05,2024-06-06,2024-06-07",False,15,default
2024-06,0.9880388422858402,0.6846948781775666,0.0794297352342158,0.989206855320845,0.7342440417661656,0.898034398034398,0.0991724325057658,0.6765051347536073,0.0087716462461879,0.9693881339570802,0.5804803931076844,0.0798284464272244,0.9713548000823246,0.6259090536473398,0.6460554371002132,0.040901727861771,0.5627108050733305,0.005053933770838,10000.0,10.0,92799,"2024-06-05,2024-06-06,2024-06-07",False,15,default
2024-06,0.9868159709732408,0.6890268214097135,0.0794297352342158,0.988055823973894,0.7389497588612632,0.8983890954151177,0.098358431691765,0.6799426717960323,0.008696214398862,0.96664821988563,0.584165777648466,0.0798284464272244,0.9687279217640278,0.6298790270637421,0.6436285097192225,0.0402267818574514,0.5646828090819944,0.0049892779017015,15000.0,10.0,92799,"2024-06-05,2024-06-06,2024-06-07",False,15,default
2024-06,0.985640481356038,0.6904061466179593,0.0794297352342158,0.9868626986009011,0.7404480966427869,0.8983890954151177,0.098358431691765,0.6804922466836927,0.008696214398862,0.9646600227999852,0.586062349809804,0.0798284464272244,0.9667531504818384,0.6319167125341079,0.6436285097192225,0.0402267818574514,0.5653509197297385,0.0049892779017015,20000.0,10.0,92799,"2024-06-05,2024-06-06,2024-06-07",False,15,default
2024-06,0.9777860338395332,0.6961174150583519,0.0794297352342158,0.9805325295151972,0.7456103385306925,0.903061224489796,0.096052096052096,0.680653886356534,0.0084483669005053,0.9480642115203022,0.6048233278375844,0.0798284464272244,0.9552707581227436,0.6487803164267897,0.6430155210643016,0.0391468682505399,0.5734113514154248,0.0048599661634284,1000000000.0,10.0,92799,"2024-06-05,2024-06-06,2024-06-07",False,15,default
2024-06,0.9825978412511932,0.2935160939234259,0.0794297352342158,0.9826810361126868,0.3095589268155639,0.8327974276527331,0.1054131054131054,0.2884082802616407,0.0100539876507289,0.9674565270634338,0.3519865515792196,0.0798284464272244,0.968577626278277,0.3779086789005867,0.6764705882352942,0.0465712742980561,0.3405316867638659,0.0054957488766042,0.0,20.0,92799,"2024-06-05,2024-06-06,2024-06-07",False,15,default
2024-06,0.98566408637197,0.4231942154549079,0.0794297352342158,0.9859898107714702,0.4503441494591937,0.8818181818181818,0.1052774386107719,0.4171273397342643,0.0094828608066897,0.9695324215022492,0.4742939040291382,0.0798284464272244,0.9704918032786886,0.5107681137356396,0.6777996070726916,0.0465712742980561,0.4598433172771258,0.0054849728984148,500.0,20.0,92799,"2024-06-05,2024-06-06,2024-06-07",False,15,default
2024-06,0.9865632417768736,0.5084537548896001,0.0794297352342158,0.987084114970783,0.5428782132321955,0.8955916473317865,0.104734771401438,0.5016217847175077,0.0092888931992801,0.969754762743838,0.5198224118794383,0.0798284464272244,0.9709154016643666,0.5600824442856975,0.6777996070726916,0.0465712742980561,0.5041002597010744,0.0054849728984148,1000.0,20.0,92799,"2024-06-05,2024-06-06,2024-06-07",False,15,default
2024-06,0.9865875392727874,0.5865041649155702,0.0794297352342158,0.9875589875589876,0.6275811209439528,0.8983253588516746,0.1018857685524352,0.5786377008372935,0.0090087177663552,0.969283276450512,0.5493809200530179,0.0798284464272244,0.9704544555630266,0.5921701350259395,0.6771653543307087,0.0464362850971922,0.5325057382083859,0.0054741969202254,2000.0,20.0,92799,"2024-06-05,2024-06-06,2024-06-07",False,15,default
2024-06,0.9856747885980373,0.6664834750374465,0.0794297352342158,0.9867772115809998,0.7144144776888139,0.8990267639902676,0.1002577669244336,0.6569359583616203,0.0088578540717033,0.9685821028286782,0.6057177340273063,0.0798284464272244,0.9699946226922388,0.6533475424810578,0.6666666666666666,0.0442764578833693,0.5866873565447903,0.0053017812691947,5000.0,20.0,92799,"2024-06-05,2024-06-06,2024-06-07",False,15,default
2024-06,0.9850270539212638,0.6930678132307461,0.0794297352342158,0.9862042898988944,0.7432925972748982,0.898034398034398,0.0991724325057658,0.6826905462343344,0.0087716462461879,0.9656968421778798,0.6248235433571483,0.0798284464272244,0.9673743094402556,0.6740991439378857,0.6553911205073996,0.0418466522678185,0.6033901227383915,0.0050970376835957,8000.0,20.0,92799,"2024-06-05,2024-06-06,2024-06-07",False,15,default
2024-06,0.9847331743994132,0.7051369088028966,0.0794297352342158,0.9859017611191928,0.7564030528632298,0.897908979089791,0.0990367657034323,0.6943717065916658,0.0087608702679985,0.9625756648303068,0.6337568292761775,0.0798284464272244,0.964427622114133,0.6837722945041046,0.6479481641468683,0.0404967602591792,0.6100389012812638,0.0049892779017015,10000.0,20.0,92799,"2024-06-05,2024-06-06,2024-06-07",False,15,default
2024-06,0.9821114980504212,0.7240810784598972,0.0794297352342158,0.983472693032015,0.7769700800674252,0.9224806201550388,0.0968660968660968,0.7111283526762142,0.0083406071186111,0.9563202623126338,0.6441448722507785,0.0798284464272244,0.9584800741427248,0.6949795645911162,0.6876513317191283,0.0383369330453563,0.6160087931982026,0.0044504789922305,15000.0,20.0,92799,"2024-06-05,2024-06-06,2024-06-07",False,15,default
2024-06,0.9778856367284317,0.730438905591655,0.0794297352342158,0.979198088553722,0.7838764807791356,0.9344692005242464,0.0967304300637634,0.7142857142857143,0.0082220713585275,0.9505197090957394,0.6489940624360176,0.0798284464272244,0.9527353615092572,0.7002025974634329,0.6972704714640199,0.0379319654427645,0.6168816474315456,0.0043427192103363,20000.0,20.0,92799,"2024-06-05,2024-06-06,2024-06-07",False,15,default
2024-06,0.9585942584424036,0.7451050119074559,0.0794297352342158,0.9637664130658286,0.7969986421313855,0.9636627906976744,0.0899470899470899,0.714253386351146,0.007413872994321,0.9131932971442058,0.6848672938285973,0.0798284464272244,0.9253915382890816,0.7312948671405651,0.7254335260115607,0.0338822894168466,0.6254162221575663,0.0037284884535393,1000000000.0,20.0,92799,"2024-06-05,2024-06-06,2024-06-07",False,15,default
2024-06,0.9822011816947412,0.2936346296835095,0.0794297352342158,0.9822724523737526,0.3096876902186636,0.8327974276527331,0.1054131054131054,0.2884082802616407,0.0100539876507289,0.966162310866575,0.35253612646688,0.0798284464272244,0.967295792079208,0.3784942207024159,0.6764705882352942,0.0465712742980561,0.3406071186111919,0.0054957488766042,0.0,40.0,92799,"2024-06-05,2024-06-06,2024-06-07",False,15,default
2024-06,0.9853128340884794,0.4233450791495598,0.0794297352342158,0.985631138595853,0.4505080301540478,0.8818181818181818,0.1052774386107719,0.4171273397342643,0.0094828608066897,0.9683954986840912,0.4749620146768823,0.0798284464272244,0.9693653264951004,0.5114824747338712,0.6777996070726916,0.0465712742980561,0.45995107705902,0.0054849728984148,500.0,40.0,92799,"2024-06-05,2024-06-06,2024-06-07",False,15,default
2024-06,0.9861870259734756,0.5086477224970096,0.0794297352342158,0.9867011531415024,0.5430889169827223,0.8955916473317865,0.104734771401438,0.5016217847175077,0.0092888931992801,0.9685378373902964,0.520609058287266,0.0798284464272244,0.969706459559898,0.5609256244803317,0.6777996070726916,0.0465712742980561,0.5042295714393474,0.0054849728984148,1000.0,40.0,92799,"2024-06-05,2024-06-06,2024-06-07",False,15,default
2024-06,0.9858629996144456,0.586935204043147,0.0794297352342158,0.9868227312545432,0.628049351500679,0.8983253588516746,0.1018857685524352,0.5786377008372935,0.0090087177663552,0.9678682618315678,0.5503399821118762,0.0798284464272244,0.969044892802148,0.5932006885971589,0.6771653543307087,0.0464362850971922,0.5326566019030378,0.0054741969202254,2000.0,40.0,92799,"2024-06-05,2024-06-06,2024-06-07",False,15,default
2024-06,0.9848629262855204,0.6670438259032964,0.0794297352342158,0.9859535386277688,0.7150231774125579,0.8990267639902676,0.1002577669244336,0.6569467343398097,0.0088578540717033,0.9668431021968878,0.6087242319421545,0.0798284464272244,0.9682528358421916,0.6566031548992283,0.6666666666666666,0.0442764578833693,0.5885408247933707,0.0053017812691947,5000.0,40.0,92799,"2024-06-05,2024-06-06,2024-06-07",False,15,default
2024-06,0.9838554441305224,0.6941669630060668,0.0794297352342158,0.9850157232704404,0.7444865851945498,0.898034398034398,0.0991724325057658,0.6829599456890699,0.0087716462461879,0.9624991504112008,0.6341878684037543,0.0798284464272244,0.9641616320662684,0.6842524387816046,0.6553911205073996,0.0418466522678185,0.6104052845397041,0.0050970376835957,8000.0,40.0,92799,"2024-06-05,2024-06-06,2024-06-07",False,15,default
2024-06,0.9833267290517268,0.7070550329206133,0.0794297352342158,0.9844895439462922,0.7584749730767429,0.897908979089791,0.0990367657034323,0.6952661127813877,0.0087608702679985,0.9574534983782352,0.6511708100302805,0.0798284464272244,0.9592513582880572,0.7026735838671523,0.6479481641468683,0.0404967602591792,0.6234657701052813,0.0049892779017015,10000.0,40.0,92799,"2024-06-05,2024-06-06,2024-06-07",False,15,default
2024-06,0.9790519967209276,0.7361286220756689,0.0794297352342158,0.9804116226347998,0.790010301072248,0.923673997412678,0.0968660968660968,0.7207081972866087,0.0083298311404217,0.94517054510679,0.6760848716042199,0.0798284464272244,0.9473075997110988,0.7296436392594068,0.6898263027295285,0.0375269978401727,0.6390155066326145,0.0043427192103363,15000.0,40.0,92799,"2024-06-05,2024-06-06,2024-06-07",False,15,default
2024-06,0.9695109737602656,0.7531762195713316,0.0794297352342158,0.9710438685391632,0.8085171138268483,0.9545454545454546,0.094017094017094,0.7302126100496773,0.007823360165519,0.9317193026385804,0.6885634543475684,0.0798284464272244,0.934095027972579,0.7431111007014791,0.7081081081081081,0.0353671706263498,0.6415478615071283,0.0039871119300854,20000.0,40.0,92799,"2024-06-05,2024-06-06,2024-06-07",False,15,default
2024-06,0.9078092271335731,0.8025517516352547,0.0794297352342158,0.9297482426703124,0.8476260710773985,0.9930555555555556,0.0388007054673721,0.728563885386696,0.003103481718553,0.8521671608075674,0.7632625351566289,0.0798284464272244,0.8759739597745511,0.804101134780012,0.7851851851851852,0.0286177105831533,0.6504272675352105,0.0029095141111434,1000000000.0,40.0,92799,"2024-06-05,2024-06-06,2024-06-07",False,15,default
2024-06,0.982021647404146,0.293699285552646,0.0794297352342158,0.9820875217292722,0.3097579248021725,0.8327974276527331,0.1054131054131054,0.2884190562398301,0.0100539876507289,0.96572057071278,0.3527085421179107,0.0798284464272244,0.9669078988062102,0.3786581724069281,0.6764705882352942,0.0465712742980561,0.3406178945893813,0.0054957488766042,0.0,1000000000.0,92799,"2024-06-05,2024-06-06,2024-06-07",False,15,default
2024-06,0.9851126097467872,0.4234420629532646,0.0794297352342158,0.9854266787894532,0.4506133820293112,0.8818181818181818,0.1052774386107719,0.4171381157124538,0.0094828608066897,0.9679796811574484,0.4751883102188601,0.0798284464272244,0.9689895869092574,0.5117049806185664,0.6777996070726916,0.0465712742980561,0.4599726290153988,0.0054849728984148,500.0,1000000000.0,92799,"2024-06-05,2024-06-06,2024-06-07",False,15,default
2024-06,0.9860202071551122,0.5087447063007144,0.0794297352342158,0.9865313335057324,0.5431942688579857,0.8955916473317865,0.104734771401438,0.5016325606956972,0.0092888931992801,0.9677999751830252,0.5210616493712217,0.0798284464272244,0.969001627101673,0.5613940579217951,0.6777996070726916,0.0465712742980561,0.5042834513302945,0.0054849728984148,1000.0,1000000000.0,92799,"2024-06-05,2024-06-06,2024-06-07",False,15,default
2024-06,0.9856822937699622,0.5870537398032306,0.0794297352342158,0.9866390876565296,0.6281781149037786,0.8983253588516746,0.1018857685524352,0.5786484768154829,0.0090087177663552,0.9670005085873008,0.5508895569995367,0.0798284464272244,0.9682070094471728,0.5937745195629516,0.6771653543307087,0.0464362850971922,0.5327104817939848,0.0054741969202254,2000.0,1000000000.0,92799,"2024-06-05,2024-06-06,2024-06-07",False,15,default
2024-06,0.9845450728335648,0.6672701214452742,0.0794297352342158,0.9856471858992194,0.715257292690921,0.8990267639902676,0.1002577669244336,0.6569575103179991,0.0088578540717033,0.9656836745518192,0.6095108783499822,0.0798284464272244,0.9671345612597528,0.6574229134217892,0.6680244399185336,0.0442764578833693,0.5885947046843177,0.0052910052910052,5000.0,1000000000.0,92799,"2024-06-05,2024-06-06,2024-06-07",False,15,default
2024-06,0.9833977253332092,0.6945010183299389,0.0794297352342158,0.9845670281313844,0.7448377581120944,0.898034398034398,0.0991724325057658,0.6829707216672594,0.0087716462461879,0.9609349821043882,0.6352762422008857,0.0798284464272244,0.9626326310933416,0.6854001007131899,0.6567796610169492,0.0418466522678185,0.6104591644306512,0.0050862617054063,8000.0,1000000000.0,92799,"2024-06-05,2024-06-06,2024-06-07",False,15,default
2024-06,0.9827129279883028,0.707507624004569,0.0794297352342158,0.9838824110062312,0.7589549093973873,0.897908979089791,0.0990367657034323,0.6952768887595772,0.0087608702679985,0.955817256871036,0.6524208235002532,0.0798284464272244,0.9576478416368628,0.7039969083392863,0.6493506493506493,0.0404967602591792,0.6235950818435544,0.0049785019235121,10000.0,1000000000.0,92799,"2024-06-05,2024-06-06,2024-06-07",False,15,default
2024-06,0.977596890161922,0.7373786355456416,0.0794297352342158,0.978965430528231,0.7913447581589175,0.923673997412678,0.0968660968660968,0.7208590609812606,0.0083298311404217,0.9428598623052762,0.6792961131046671,0.0798284464272244,0.9450310707838784,0.7330866250541627,0.6915422885572139,0.0375269978401727,0.6404810396663757,0.0043319432321468,15000.0,1000000000.0,92799,"2024-06-05,2024-06-06,2024-06-07",False,15,default
2024-06,0.9668765671301572,0.7563874610717788,0.0794297352342158,0.9684134650039644,0.8119703141827036,0.9545454545454546,0.094017094017094,0.731333311781377,0.007823360165519,0.9280270693963713,0.6942639468097717,0.0798284464272244,0.9304895585844692,0.7492124462765397,0.7092391304347826,0.0352321814254859,0.6442957359454304,0.0039655599737066,20000.0,1000000000.0,92799,"2024-06-05,2024-06-06,2024-06-07",False,15,default
2024-06,0.8755580789181656,0.8351167577236823,0.0794297352342158,0.9068965979644108,0.872933932668446,0.991150442477876,0.030389363722697,0.7311932240649145,0.0024353710708089,0.8058099105555113,0.8120130604855655,0.0798284464272244,0.8468128520117955,0.8379454509257416,0.7456647398843931,0.017413606911447,0.6543281716397806,0.0018642442267696,1000000000.0,1000000000.0,92799,"2024-06-05,2024-06-06,2024-06-07",False,15,default
2025-06,0.9889032946918852,0.2757054543925312,0.0829723705790823,0.989306740358044,0.2862629551499587,0.8933236574746009,0.1559807399898631,0.2726460322132975,0.014487573068674,0.9747275760479892,0.2961962235586021,0.0837293410151814,0.975580895008606,0.3199926565081696,0.4980392156862745,0.031893520843797,0.2887106270238446,0.0053618739223684,0.0,1.0,95116,"2025-06-05,2025-06-06,2025-06-07",False,15,default
2025-06,0.9897695131491846,0.3494049371293999,0.0829723705790823,0.990149477765964,0.3666192790974961,0.8933236574746009,0.1559807399898631,0.3458303545144875,0.014487573068674,0.97459547944343,0.333971151015602,0.0837293410151814,0.9753811944091486,0.3612080044060951,0.4980392156862745,0.031893520843797,0.3254867740443248,0.0053618739223684,500.0,1.0,95116,"2025-06-05,2025-06-06,2025-06-07",False,15,default
2025-06,0.9902625847956144,0.4200029437739181,0.0829723705790823,0.9908230793092752,0.4435017884985783,0.8933236574746009,0.1559807399898631,0.4159132007233273,0.014487573068674,0.9745797201264752,0.3358320366710122,0.0837293410151814,0.97539171089209,0.3632274646594455,0.4980392156862745,0.031893520843797,0.3272950923083393,0.0053618739223684,1000.0,1.0,95116,"2025-06-05,2025-06-06,2025-06-07",False,15,default
2025-06,0.990159210783356,0.4305479624879095,0.0829723705790823,0.9907022450676544,0.4550009171787581,0.8933236574746009,0.1559807399898631,0.4263110307414104,0.014487573068674,0.9745378335262286,0.3361053871062702,0.0837293410151814,0.9753795650389824,0.3635143198090692,0.4980392156862745,0.031893520843797,0.327547415787039,0.0053618739223684,2000.0,1.0,95116,"2025-06-05,2025-06-06,2025-06-07",False,15,default
2025-06,0.9901197823912566,0.4309579881407965,0.0829723705790823,0.9906610280420884,0.4554480418233513,0.8933236574746009,0.1559807399898631,0.4267000294377391,0.014487573068674,0.9743974022730112,0.3367256823247403,0.0837293410151814,0.9752362948960304,0.364191297962181,0.4980392156862745,0.031893520843797,0.3281046301358341,0.0053618739223684,5000.0,1.0,95116,"2025-06-05,2025-06-06,2025-06-07",False,15,default
2025-06,0.9900751072961372,0.4311367172715421,0.0829723705790823,0.9906146994439272,0.4556429423094561,0.8933236574746009,0.1559807399898631,0.4268577316119264,0.014487573068674,0.974336586734853,0.3371567349341856,0.0837293410151814,0.9751738460086216,0.3646617404075638,0.4980392156862745,0.031893520843797,0.328504142310442,0.0053618739223684,8000.0,1.0,95116,"2025-06-05,2025-06-06,2025-06-07",False,15,default
2025-06,0.9899800087766346,0.4312418520543336,0.0829723705790823,0.9905916683437312,0.4557461249197468,0.8931686046511628,0.155727318803852,0.4269208124816014,0.0144665461121157,0.9742679127725856,0.3374826527608394,0.0837293410151814,0.975103734439834,0.3650174407930971,0.4980392156862745,0.031893520843797,0.3287985197022583,0.0053618739223684,10000.0,1.0,95116,"2025-06-05,2025-06-06,2025-06-07",False,15,default
2025-06,0.9899322314855444,0.4312839059674502,0.0829723705790823,0.9905423080792836,0.4557919838576538,0.8931686046511628,0.155727318803852,0.4269418394381597,0.0144665461121157,0.9739016963897348,0.3383868118928466,0.0837293410151814,0.9747319581164964,0.3660042225078024,0.4980392156862745,0.031893520843797,0.3295554901383574,0.0053618739223684,15000.0,1.0,95116,"2025-06-05,2025-06-06,2025-06-07",False,15,default
2025-06,0.9899103139013452,0.4313890407502418,0.0829723705790823,0.990519539304934,0.4559066312024213,0.8931686046511628,0.155727318803852,0.4270364607426721,0.0144665461121157,0.9737347457102148,0.339438159720762,0.0837293410151814,0.9745609100568784,0.367151643106297,0.4980392156862745,0.031893520843797,0.3305227301400395,0.0053618739223684,20000.0,1.0,95116,"2025-06-05,2025-06-06,2025-06-07",False,15,default
2025-06,0.9891877444906092,0.432703225535136,0.0829723705790823,0.9902437800963082,0.4571218930569568,0.8931686046511628,0.155727318803852,0.4280247277009125,0.0144665461121157,0.972989017512615,0.354199083224694,0.0837293410151814,0.9742406996944828,0.3830778410134018,0.4990176817288801,0.031893520843797,0.344631817990664,0.0053513604440893,1000000000.0,1.0,95116,"2025-06-05,2025-06-06,2025-06-07",False,15,default
2025-06,0.9891019896038716,0.2932734765969974,0.0829723705790823,0.9894894894894894,0.3054205264606072,0.8933236574746009,0.1559807399898631,0.2900773792001346,0.014487573068674,0.9756477814848306,0.3371777618907439,0.0837293410151814,0.9767119838872104,0.364604369377639,0.5204918032786885,0.031893520843797,0.3289667353547247,0.005130577400227,0.0,2.0,95116,"2025-06-05,2025-06-06,2025-06-07",False,15,default
2025-06,0.9903869134556657,0.3959060515580975,0.0829723705790823,0.9908508943044756,0.4172819407502522,0.8933236574746009,0.1559807399898631,0.3921001724210438,0.014487573068674,0.9767614109804648,0.454224315572564,0.0837293410151814,0.977671079619616,0.4922893335781164,0.5280665280665281,0.031893520843797,0.4436687833802935,0.005056983052273,500.0,2.0,95116,"2025-06-05,2025-06-06,2025-06-07",False,15,default
2025-06,0.9913219672936407,0.5136780352411792,0.0829723705790823,0.9919724288656327,0.5455608548106026,0.8946220930232558,0.1559807399898631,0.509220320450818,0.0144665461121157,0.9763013976098844,0.4671453803776441,0.0837293410151814,0.9772933284989124,0.5063337617036902,0.5280665280665281,0.031893520843797,0.4560746877496951,0.005056983052273,1000.0,2.0,95116,"2025-06-05,2025-06-06,2025-06-07",False,15,default
2025-06,0.991469475558193,0.5669288027250936,0.0829723705790823,0.9921745902106404,0.6036068054663853,0.9022058823529412,0.1554738976178408,0.5620926027166828,0.0142983304596492,0.9759989212998336,0.4678287564657891,0.0837293410151814,0.9771199674112296,0.5070107398568019,0.5280665280665281,0.031893520843797,0.4566003616636528,0.005056983052273,2000.0,2.0,95116,"2025-06-05,2025-06-06,2025-06-07",False,15,default
2025-06,0.9912882982650424,0.569620253164557,0.0829723705790823,0.991985634628107,0.6065417774924333,0.9022058823529412,0.1554738976178408,0.5646578914167963,0.0142983304596492,0.9758803882450516,0.4690167795113335,0.0837293410151814,0.9769977426636568,0.5083073251331008,0.5280665280665281,0.031893520843797,0.4577042768829639,0.005056983052273,5000.0,2.0,95116,"2025-06-05,2025-06-06,2025-06-07",False,15,default
2025-06,0.9912366474180396,0.5698620631649775,0.0829723705790823,0.9919513301088272,0.6068054663853986,0.9021339220014716,0.1553471870248352,0.5648681609823795,0.0142878169813701,0.9756392188443728,0.4699840195130156,0.0837293410151814,0.9767525680302758,0.5093629520837158,0.5280665280665281,0.031893520843797,0.4585348416670171,0.005056983052273,8000.0,2.0,95116,"2025-06-05,2025-06-06,2025-06-07",False,15,default
2025-06,0.9911285711650896,0.570030278817444,0.0829723705790823,0.991915834010162,0.6069774374025497,0.9019174041297936,0.1549670552458185,0.564973295765171,0.0142562765465326,0.9754294266121648,0.4706779090794398,0.0837293410151814,0.9765396554051016,0.5101202496787223,0.5280665280665281,0.031893520843797,0.4591130829723706,0.005056983052273,10000.0,2.0,95116,"2025-06-05,2025-06-06,2025-06-07",False,15,default
2025-06,0.9910926694329184,0.5700933596871189,0.0829723705790823,0.9918789778843792,0.6070462258094103,0.9019174041297936,0.1549670552458185,0.5650153496782876,0.0142562765465326,0.9750005565325794,0.4722759577778712,0.0837293410151814,0.9761040125532392,0.511864328988434,0.5280665280665281,0.031893520843797,0.4604693216703814,0.005056983052273,15000.0,2.0,95116,"2025-06-05,2025-06-06,2025-06-07",False,15,default
2025-06,0.9910210553486486,0.5702300349047479,0.0829723705790823,0.9918054454136928,0.607195267357608,0.9019174041297936,0.1549670552458185,0.5651099709827999,0.0142562765465326,0.9747731357191984,0.4738529795197443,0.0837293410151814,0.9758713136729222,0.5135854598861759,0.5280665280665281,0.031893520843797,0.4618991547163463,0.005056983052273,20000.0,2.0,95116,"2025-06-05,2025-06-06,2025-06-07",False,15,default
2025-06,0.9900731644545756,0.5719121914294125,0.0829723705790823,0.9912431027664262,0.6087888654498762,0.9018450184501844,0.154840344652813,0.5662349131586694,0.0142457630682535,0.9736556739172036,0.4944593969468859,0.0837293410151814,0.975222186529607,0.5357880484670461,0.5336134453781513,0.031893520843797,0.4814331973590142,0.0050044156608772,1000000000.0,2.0,95116,"2025-06-05,2025-06-06,2025-06-07",False,15,default
2025-06,0.989092464532687,0.2949451196433828,0.0829723705790823,0.9894772192992276,0.3072434192424103,0.8933236574746009,0.1559807399898631,0.2917279952899617,0.014487573068674,0.9757568336955524,0.3434648219016779,0.0837293410151814,0.9769834404349976,0.371397099320727,0.5215605749486653,0.031893520843797,0.335138147104588,0.0051200639219479,0.0,3.0,95116,"2025-06-05,2025-06-06,2025-06-07",False,15,default
2025-06,0.9902953365157636,0.4008368728710206,0.0829723705790823,0.9908577939341328,0.4226130422819407,0.8933236574746009,0.1559807399898631,0.3969468859077337,0.014487573068674,0.9780987281741754,0.4877202573699483,0.0837293410151814,0.9791888196870728,0.5287428859922894,0.5550660792951542,0.0316423907584128,0.4770385634383279,0.0047731191387358,500.0,3.0,95116,"2025-06-05,2025-06-06,2025-06-07",False,15,default
2025-06,0.991215139442231,0.5277766096135246,0.0829723705790823,0.9919666400932114,0.5608662753370632,0.8946220930232558,0.1559807399898631,0.5231401656924177,0.0144665461121157,0.9772362078200322,0.5103452626266874,0.0837293410151814,0.9784141334549828,0.5533550578299982,0.5550660792951542,0.0316423907584128,0.4987278691282223,0.0047731191387358,1000.0,3.0,95116,"2025-06-05,2025-06-06,2025-06-07",False,15,default
2025-06,0.9918218290299352,0.6132091341099289,0.0829723705790823,0.9927075116136383,0.6540057782261762,0.9145427286356822,0.1545869234668018,0.6081942049707725,0.0140249800243912,0.9767274816836662,0.5122902561083309,0.0837293410151814,0.9781198347107438,0.5553515696713788,0.5550660792951542,0.0316423907584128,0.5003679717397704,0.0047731191387358,2000.0,3.0,95116,"2025-06-05,2025-06-06,2025-06-07",False,15,default
2025-06,0.9912687309319534,0.623733125867362,0.0829723705790823,0.9922130723908624,0.6654819774374026,0.9149096385542168,0.1539533705017739,0.6182871441187603,0.0139618991547163,0.9763458902007326,0.513804196980529,0.0837293410151814,0.9778725508375056,0.5569235358913163,0.5550660792951542,0.0316423907584128,0.5016506160898272,0.0047731191387358,5000.0,3.0,95116,"2025-06-05,2025-06-06,2025-06-07",False,15,default
2025-06,0.9912063476019608,0.6240905841288532,0.0829723705790823,0.9921831955922864,0.665871778409612,0.9147812971342384,0.1536999493157628,0.6186025484671349,0.013940872198158,0.9758945155430367,0.5150868413305858,0.0837293410151814,0.9774142501900984,0.5583233890214797,0.5550660792951542,0.0316423907584128,0.5026704234829051,0.0047731191387358,8000.0,3.0,95116,"2025-06-05,2025-06-06,2025-06-07",False,15,default
2025-06,0.9910587997575268,0.6243744480423904,0.0829723705790823,0.992100643651258,0.6661698615060075,0.9145880574452004,0.153319817536746,0.6187917910761597,0.0139093317633205,0.975603293657264,0.5158332982884057,0.0837293410151814,0.9771188179766058,0.5591380576464109,0.5550660792951542,0.0316423907584128,0.5032486647882586,0.0047731191387358,10000.0,3.0,95116,"2025-06-05,2025-06-06,2025-06-07",False,15,default
2025-06,0.9909929627260176,0.6244795828251819,0.0829723705790823,0.9920331750292518,0.6662845088507751,0.9145880574452004,0.153319817536746,0.6188548719458346,0.0139093317633205,0.9749939059072072,0.517557508726187,0.0837293410151814,0.9765201562595872,0.5610083532219571,0.5550660792951542,0.0316423907584128,0.5046154169645486,0.0047731191387358,15000.0,3.0,95116,"2025-06-05,2025-06-06,2025-06-07",False,15,default
2025-06,0.990811174688657,0.6247108793473233,0.0829723705790823,0.9918469847603976,0.6665367330092635,0.9145880574452004,0.153319817536746,0.6189705202069052,0.0139093317633205,0.9747281453131644,0.5191870978594558,0.0837293410151814,0.9762477572989724,0.5627868551496237,0.5550660792951542,0.0316423907584128,0.5060662769670717,0.0047731191387358,20000.0,3.0,95116,"2025-06-05,2025-06-06,2025-06-07",False,15,default
2025-06,0.989449849043945,0.626813575003154,0.0829723705790823,0.9909109617231444,0.6685315968082179,0.9145234493192134,0.1531931069437405,0.6202005971655663,0.0138988182850414,0.972201206618945,0.5419592918121031,0.0837293410151814,0.9745929993941408,0.5871006976317239,0.5582959641255605,0.0312656956303365,0.5268934774380756,0.0046890113125026,1000000000.0,3.0,95116,"2025-06-05,2025-06-06,2025-06-07",False,15,default
2025-06,0.9890928533238282,0.2949556331216619,0.0829723705790823,0.9894776119402984,0.3072548839768871,0.8933236574746009,0.1559807399898631,0.2917385087682408,0.014487573068674,0.9754800048917696,0.3438748475545649,0.0837293410151814,0.9767025642608078,0.3718445933541399,0.5215605749486653,0.031893520843797,0.3354430379746835,0.0051200639219479,0.0,5.0,95116,"2025-06-05,2025-06-06,2025-06-07",False,15,default
2025-06,0.9900878458109348,0.400931494175533,0.0829723705790823,0.990643052805728,0.4227162248922315,0.8933236574746009,0.1559807399898631,0.3969573993860129,0.014487573068674,0.9783625484577784,0.4990117330417595,0.0837293410151814,0.979429540875835,0.5410661832201211,0.5550660792951542,0.0316423907584128,0.4882143908490685,0.0047731191387358,500.0,5.0,95116,"2025-06-05,2025-06-06,2025-06-07",False,15,default
2025-06,0.9906093033413408,0.5295533874427015,0.0829723705790823,0.9915040136913736,0.5627120975878198,0.8946220930232558,0.1559807399898631,0.5245805122166618,0.0144665461121157,0.9778350415592972,0.542632154421969,0.0837293410151814,0.9790988321082492,0.5885005507618872,0.5550660792951542,0.0316423907584128,0.5306047352706169,0.0047731191387358,1000.0,5.0,95116,"2025-06-05,2025-06-06,2025-06-07",False,15,default
2025-06,0.9912242359032984,0.6253627150006308,0.0829723705790823,0.9922667124935556,0.6671328992020544,0.9152288072018004,0.1545869234668018,0.6198746793389125,0.0140144665461121,0.9770837288779192,0.5537449009630346,0.0837293410151814,0.9785977718751792,0.6004566733982009,0.5550660792951542,0.0316423907584128,0.5410551326800959,0.0047731191387358,2000.0,5.0,95116,"2025-06-05,2025-06-06,2025-06-07",False,15,default
2025-06,0.990103385683845,0.6660814163757938,0.0829723705790823,0.9912342893973574,0.7115014216270751,0.9181818181818182,0.1535732387227572,0.6594894654947643,0.0138777913284831,0.975362291458046,0.5564468648807771,0.0837293410151814,0.977341475943154,0.6031186891867083,0.5540838852097131,0.0315168257157207,0.5427372892047605,0.0047626056604567,5000.0,5.0,95116,"2025-06-05,2025-06-06,2025-06-07",False,15,default
2025-06,0.9899855136360772,0.6676899785525043,0.0829723705790823,0.9911594039830904,0.7132555260020178,0.917995444191344,0.1531931069437405,0.6610034063669624,0.0138462508936456,0.9744366276663784,0.5589175322763783,0.0837293410151814,0.9764006212356529,0.6058151275931706,0.5540838852097131,0.0315168257157207,0.5446297152950083,0.0047626056604567,8000.0,5.0,95116,"2025-06-05,2025-06-06,2025-06-07",False,15,default
2025-06,0.9896959114005696,0.6683102737709744,0.0829723705790823,0.9909428144722262,0.7139204806016692,0.9177456207159176,0.1526862645717182,0.6614239454981286,0.013804196980529,0.9739213698321504,0.5599688801042937,0.0837293410151814,0.9758965536797928,0.6069510739856802,0.5540838852097131,0.0315168257157207,0.545365658774549,0.0047626056604567,10000.0,5.0,95116,"2025-06-05,2025-06-06,2025-06-07",False,15,default
2025-06,0.989530112716354,0.6687728668152572,0.0829723705790823,0.9907726871539758,0.7144249289186463,0.9177456207159176,0.1526862645717182,0.6617708902813407,0.013804196980529,0.9730007858399132,0.5619033601076581,0.0837293410151814,0.975017898187573,0.6090279052689553,0.5540838852097131,0.0315168257157207,0.546732410950839,0.0047626056604567,15000.0,5.0,95116,"2025-06-05,2025-06-06,2025-06-07",False,15,default
2025-06,0.9892209547154396,0.669098784641911,0.0829723705790823,0.9904725242998748,0.7147803356874255,0.9176829268292684,0.1525595539787126,0.6618865385424114,0.0137936835022498,0.9723268563756386,0.5637957861979057,0.0837293410151814,0.9743324946486912,0.6110932623462456,0.5540838852097131,0.0315168257157207,0.5481937844316414,0.0047626056604567,20000.0,5.0,95116,"2025-06-05,2025-06-06,2025-06-07",False,15,default
2025-06,0.986842516974874,0.6720005046469574,0.0829723705790823,0.98868720439729,0.7175089424928919,0.917494270435447,0.1521794221996959,0.663158669414189,0.0137621430674124,0.9666809132029776,0.5903738592876067,0.0837293410151814,0.9704577698759048,0.6389182118597393,0.5619266055045872,0.030763435459568,0.5707031414273098,0.004583876529711,1000000000.0,5.0,95116,"2025-06-05,2025-06-06,2025-06-07",False,15,default
2025-06,0.9880367442854092,0.2952815509483157,0.0829723705790823,0.9883716596474228,0.3076102907456663,0.8933236574746009,0.1559807399898631,0.29174902224652,0.014487573068674,0.9738223090065902,0.3445897640775474,0.0837293410151814,0.9750269438029252,0.3726248393611162,0.5215605749486653,0.031893520843797,0.3355691997140334,0.0051200639219479,0.0,10.0,95116,"2025-06-05,2025-06-06,2025-06-07",False,15,default
2025-06,0.9890766208251474,0.4013520333066991,0.0829723705790823,0.9895965972203408,0.4231748142713015,0.8933236574746009,0.1559807399898631,0.396967912864292,0.014487573068674,0.9771350441733276,0.4998107573909752,0.0837293410151814,0.9781922889627576,0.5419382228749771,0.5550660792951542,0.0316423907584128,0.488382606501535,0.0047731191387358,500.0,10.0,95116,"2025-06-05,2025-06-06,2025-06-07",False,15,default
2025-06,0.9897056490003172,0.5300475209218217,0.0829723705790823,0.9905758309755948,0.5632509401082271,0.8946220930232558,0.1559807399898631,0.5245910256949409,0.0144665461121157,0.9764828746591372,0.5436204213802094,0.0837293410151814,0.9777548557860728,0.5895676519184873,0.5550660792951542,0.0316423907584128,0.5308360317927583,0.0047731191387358,1000.0,10.0,95116,"2025-06-05,2025-06-06,2025-06-07",False,15,default
2025-06,0.990130253793474,0.6263509819588713,0.0829723705790823,0.9914019461463214,0.6680386132257177,0.9152288072018004,0.1545869234668018,0.6201690567307288,0.0140144665461121,0.9753503480278424,0.566413642289415,0.0837293410151814,0.9769105751807364,0.6142257205801358,0.5550660792951542,0.0316423907584128,0.5524517431346987,0.0047731191387358,2000.0,10.0,95116,"2025-06-05,2025-06-06,2025-06-07",False,15,default
2025-06,0.9887953907967554,0.6934164599015938,0.0829723705790823,0.9904988858628372,0.7408970008254608,0.9206106870229008,0.1528129751647237,0.6856469994532991,0.0137726565456915,0.9722527918598568,0.5827515875352202,0.0837293410151814,0.974404621337354,0.6316435652652836,0.5540838852097131,0.0315168257157207,0.5665818579418815,0.0047626056604567,5000.0,10.0,95116,"2025-06-05,2025-06-06,2025-06-07",False,15,default
2025-06,0.9886159820938883,0.7092707851465578,0.0829723705790823,0.9904731660844712,0.7581514262129689,0.9235521235521236,0.151545869234668,0.7011964338281678,0.0136149543715042,0.969609210197004,0.5881029479793095,0.0837293410151814,0.9720206694153868,0.637288874609877,0.5553097345132744,0.0315168257157207,0.5702300349047479,0.0047520921821775,8000.0,10.0,95116,"2025-06-05,2025-06-06,2025-06-07",False,15,default
2025-06,0.9880662624832204,0.7127192060221204,0.0829723705790823,0.9902033077004108,0.7618430707144822,0.9234375,0.1497719209325899,0.7042138020942849,0.0134572521973169,0.9676455948232952,0.5914041801589638,0.0837293410151814,0.9701163831692032,0.6408344042592252,0.5553097345132744,0.0315168257157207,0.5722696496909038,0.0047520921821775,10000.0,10.0,95116,"2025-06-05,2025-06-06,2025-06-07",False,15,default
2025-06,0.9873802667920316,0.7156314395054459,0.0829723705790823,0.9895845821843904,0.7650188021645419,0.925255704169945,0.1490116573745565,0.7066003616636528,0.0133626308928045,0.9652455077124228,0.5950313301652719,0.0837293410151814,0.9678561893743882,0.6446782632641821,0.5577777777777778,0.0315168257157207,0.5743513183901762,0.0047310652256192,15000.0,10.0,95116,"2025-06-05,2025-06-06,2025-06-07",False,15,default
2025-06,0.9863409624413144,0.7165986795071282,0.0829723705790823,0.988551331936546,0.7660735577364028,0.9273301737756714,0.1487582361885453,0.7068106312292359,0.0133100635014088,0.9633811734909244,0.5977543210395727,0.0837293410151814,0.9660347271438696,0.6476041857903433,0.5577777777777778,0.0315168257157207,0.5758652592623744,0.0047310652256192,20000.0,10.0,95116,"2025-06-05,2025-06-06,2025-06-07",False,15,default
2025-06,0.977480157290654,0.7245573825644476,0.0829723705790823,0.982457181869453,0.7724708795744291,0.9270420301348136,0.1481246832235175,0.7082404642752008,0.013257496110013,0.948118699890216,0.6320492871861727,0.0837293410151814,0.9559769611640676,0.6813154029741142,0.5635491606714629,0.0295077850326469,0.5992577484334918,0.0043841204424071,1000000000.0,10.0,95116,"2025-06-05,2025-06-06,2025-06-07",False,15,default
2025-06,0.9845668062158518,0.2963328987762311,0.0829723705790823,0.9847387768742342,0.3087567641933413,0.8933236574746009,0.1559807399898631,0.2917595357247992,0.014487573068674,0.9684695609992724,0.3467765675596114,0.0837293410151814,0.96964690043449,0.375,0.5215605749486653,0.031893520843797,0.3358425501492914,0.0051200639219479,0.0,20.0,95116,"2025-06-05,2025-06-06,2025-06-07",False,15,default
2025-06,0.9849231812609228,0.4030552167879221,0.0829723705790823,0.9852992744045532,0.4250321012565349,0.8933236574746009,0.1559807399898631,0.3969784263425712,0.014487573068674,0.9726506099730065,0.5024286134824846,0.0837293410151814,0.9736936329745782,0.5447838259592436,0.5550660792951542,0.0316423907584128,0.4886874973716304,0.0047731191387358,500.0,20.0,95116,"2025-06-05,2025-06-06,2025-06-07",False,15,default
2025-06,0.9862239351714596,0.5319294335337903,0.0829723705790823,0.9870000811227388,0.5653031275795652,0.8946220930232558,0.1559807399898631,0.52460153917322,0.0144665461121157,0.9710342706671536,0.5469847344295387,0.0837293410151814,0.9722829345660624,0.593227923627685,0.5550660792951542,0.0316423907584128,0.5311409226628537,0.0047731191387358,1000.0,20.0,95116,"2025-06-05,2025-06-06,2025-06-07",False,15,default
2025-06,0.9868176723488968,0.6284641910929812,0.0829723705790823,0.9880109457841628,0.6703430248555443,0.9152288072018004,0.1545869234668018,0.6201795702090079,0.0140144665461121,0.9698965192850424,0.5699671979477691,0.0837293410151814,0.9714301626197372,0.6180925279970626,0.5562913907284768,0.0316423907584128,0.5528092013961899,0.0047626056604567,2000.0,20.0,95116,"2025-06-05,2025-06-06,2025-06-07",False,15,default
2025-06,0.9851469456142734,0.6965074225156651,0.0829723705790823,0.9870568113530256,0.744049802806567,0.9206106870229008,0.1528129751647237,0.6861621598889777,0.0137726565456915,0.9666059185975876,0.6057340510534506,0.0837293410151814,0.9686888454011742,0.6566917569304204,0.5565410199556541,0.0315168257157207,0.5855061188443584,0.0047415787038983,5000.0,20.0,95116,"2025-06-05,2025-06-06,2025-06-07",False,15,default
2025-06,0.9847974205220232,0.7206043147314858,0.0829723705790823,0.9869604048824054,0.7702008621480326,0.9256390395042604,0.1514191586416624,0.7096492703646075,0.0135729004583876,0.9621163303374596,0.619979814121704,0.0837293410151814,0.9648133914083185,0.6717573893886543,0.5577777777777778,0.0315168257157207,0.5964927036460743,0.0047310652256192,8000.0,20.0,95116,"2025-06-05,2025-06-06,2025-06-07",False,15,default
2025-06,0.9840451433645556,0.7340720804070818,0.0829723705790823,0.9865589434160738,0.7847266807300743,0.9255485893416928,0.1496452103395844,0.7223600656041045,0.0134151982842003,0.9581178124843068,0.6280646789183734,0.0837293410151814,0.961091528510954,0.6803400954653938,0.5577777777777778,0.0315168257157207,0.6017599562639303,0.0047310652256192,10000.0,20.0,95116,"2025-06-05,2025-06-06,2025-06-07",False,15,default
2025-06,0.9823590550296356,0.7485386265191976,0.0829723705790823,0.9849615445209894,0.8004792259011281,0.9390537289494788,0.1483781044095286,0.7353336978005803,0.0131103074141048,0.9510924231181466,0.6375898902392868,0.0837293410151814,0.954643664406329,0.6903800257022215,0.6060606060606061,0.0301356102461074,0.6064069136633163,0.0041633373985449,15000.0,20.0,95116,"2025-06-05,2025-06-06,2025-06-07",False,15,default
2025-06,0.9793948368350468,0.752596829134951,0.0829723705790823,0.9820815588189212,0.8049046134091534,0.9682804674457428,0.1469842878864673,0.737089448673199,0.0125951469784263,0.9446277481950932,0.6436561672063585,0.0837293410151814,0.9485211777880244,0.6967596842298512,0.6341463414634146,0.0293822199899547,0.6080154758400269,0.0038794734850077,20000.0,20.0,95116,"2025-06-05,2025-06-06,2025-06-07",False,15,default
2025-06,0.95547777293528,0.7719416291685941,0.0829723705790823,0.965464248791528,0.8206227643767771,0.966820276497696,0.1329194120628484,0.7375730686740402,0.0114071239328819,0.9061196210443871,0.6980213633878632,0.0837293410151814,0.9212414534839056,0.7467986965302001,0.6340694006309149,0.025238573581115,0.6324908532738971,0.0033327726144917,1000000000.0,20.0,95116,"2025-06-05,2025-06-06,2025-06-07",False,15,default
2025-06,0.983973904410722,0.2965221413852559,0.0829723705790823,0.9841546682499628,0.308951664679446,0.8933236574746009,0.1559807399898631,0.2917700492030783,0.014487573068674,0.9651204928429064,0.3481433197359014,0.0837293410151814,0.9662917923866996,0.376480172572058,0.5215605749486653,0.031893520843797,0.3360002523234787,0.0051200639219479,0.0,40.0,95116,"2025-06-05,2025-06-06,2025-06-07",False,15,default
2025-06,0.98433304658377,0.4033075402666218,0.0829723705790823,0.9847153331895622,0.4252957901495001,0.8933236574746009,0.1559807399898631,0.3969889398208503,0.014487573068674,0.9701433370193412,0.5039005004415661,0.0837293410151814,0.9711873661220548,0.5463787405911511,0.5550660792951542,0.0316423907584128,0.4888557130240969,0.0047731191387358,500.0,40.0,95116,"2025-06-05,2025-06-06,2025-06-07",False,15,default
2025-06,0.9857179542895522,0.5322238109256067,0.0829723705790823,0.9865004560656736,0.5656126754104375,0.8946220930232558,0.1559807399898631,0.5246225661297784,0.0144665461121157,0.9682716073036616,0.5487299718238782,0.0837293410151814,0.9695176030540238,0.5951211676152011,0.5550660792951542,0.0316423907584128,0.5313196517935994,0.0047731191387358,1000.0,40.0,95116,"2025-06-05,2025-06-06,2025-06-07",False,15,default
2025-06,0.9862736574600416,0.6288321628327516,0.0829723705790823,0.9874709421578012,0.6707328258277538,0.9152288072018004,0.1545869234668018,0.6202005971655663,0.0140144665461121,0.9667885827712328,0.5720278396904832,0.0837293410151814,0.9683505669521466,0.6203070497521571,0.5562913907284768,0.0316423907584128,0.5530299844400521,0.0047626056604567,2000.0,40.0,95116,"2025-06-05,2025-06-06,2025-06-07",False,15,default
2025-06,0.9842871145291412,0.6972013120820892,0.0829723705790823,0.98620753351908,0.7447835458130789,0.9206106870229008,0.1528129751647237,0.6862462677152109,0.0137726565456915,0.9626422904449812,0.6095714706253417,0.0837293410151814,0.9647861645048704,0.660810996879016,0.5565410199556541,0.0315168257157207,0.5867992766726944,0.0047415787038983,5000.0,40.0,95116,"2025-06-05,2025-06-06,2025-06-07",False,15,default
2025-06,0.9830989606079134,0.7222128769081964,0.0829723705790823,0.98536904178364,0.7718403191782078,0.9263565891472868,0.1514191586416624,0.7100067286260987,0.0135623869801084,0.9568273259987646,0.629746835443038,0.0837293410151814,0.9595412658908992,0.6823480815127593,0.5577777777777778,0.0315168257157207,0.6025589806131461,0.0047310652256192,8000.0,40.0,95116,"2025-06-05,2025-06-06,2025-06-07",False,15,default
2025-06,0.9817100138387572,0.7369212330207325,0.0829723705790823,0.984425036390102,0.7876272585526919,0.9262745098039216,0.1496452103395844,0.7234429538668573,0.0134046848059211,0.9508760492217424,0.645054459817486,0.0837293410151814,0.9538744478562866,0.6987676702772169,0.5577777777777778,0.0315168257157207,0.6133668362841163,0.0047310652256192,10000.0,40.0,95116,"2025-06-05,2025-06-06,2025-06-07",False,15,default
2025-06,0.97858429145311,0.7589679969721183,0.0829723705790823,0.9815345926166626,0.8114853709988077,0.9405144694533762,0.148251393816523,0.7427141595525464,0.0130787669792674,0.937499013806706,0.6662916859413769,0.0837293410151814,0.9412747140880244,0.7213718560675602,0.6045918367346939,0.0297589151180311,0.6246477984776484,0.0041212834854283,15000.0,40.0,95116,"2025-06-05,2025-06-06,2025-06-07",False,15,default
2025-06,0.9727143676121318,0.7702384456873712,0.0829723705790823,0.9760048992317114,0.8237182426854994,0.981896551724138,0.1443233654333502,0.7492220026073426,0.0121956348038184,0.9222230810852592,0.6800643424870684,0.0837293410151814,0.9266927550240877,0.7359670460804112,0.6286549707602339,0.0269964841788046,0.6271710332646453,0.0035956095714706,20000.0,40.0,95116,"2025-06-05,2025-06-06,2025-06-07",False,15,default
2025-06,0.9114196423997132,0.820850330123218,0.0829723705790823,0.9332627258886608,0.8659887187012749,0.9955156950672646,0.0843892549417131,0.7481391143445898,0.0070335169687539,0.8401180500087996,0.7765991000462593,0.0837293410151814,0.8685274059105835,0.8176748668992105,0.7130434782608696,0.0205926670015067,0.652434921569452,0.0024181000042053,1000000000.0,40.0,95116,"2025-06-05,2025-06-06,2025-06-07",False,15,default
2025-06,0.9837646224743,0.2965852222549308,0.0829723705790823,0.9839355939749204,0.3090204530863065,0.8933236574746009,0.1559807399898631,0.2917700492030783,0.014487573068674,0.963607308689622,0.3486900206064174,0.0837293410151814,0.9648802458991448,0.3770309344593354,0.5215605749486653,0.031893520843797,0.3360002523234787,0.0051200639219479,0.0,1000000000.0,95116,"2025-06-05,2025-06-06,2025-06-07",False,15,default
2025-06,0.98417911225793,0.4033706211362967,0.0829723705790823,0.9845560886205597,0.4253645785563606,0.8933236574746009,0.1559807399898631,0.3969889398208503,0.014487573068674,0.968992894204922,0.5045313091383153,0.0837293410151814,0.9701094936443344,0.547021296126308,0.5550660792951542,0.0316423907584128,0.4888872534589343,0.0047731191387358,500.0,1000000000.0,95116,"2025-06-05,2025-06-06,2025-06-07",False,15,default
2025-06,0.9855038116680492,0.5323394591866774,0.0829723705790823,0.9862805495886192,0.5657387874896818,0.8946220930232558,0.1559807399898631,0.5246225661297784,0.0144665461121157,0.9670691337708808,0.5494448883468607,0.0837293410151814,0.9683805122279991,0.5958555167982376,0.5550660792951542,0.0316423907584128,0.5313511922284369,0.0047731191387358,1000.0,1000000000.0,95116,"2025-06-05,2025-06-06,2025-06-07",False,15,default
2025-06,0.9859274982033326,0.6290529458766139,0.0829723705790823,0.9871166168304144,0.6709735852517655,0.9152288072018004,0.1545869234668018,0.6202005971655663,0.0140144665461121,0.965335633280728,0.5729214853442113,0.0837293410151814,0.9669572605371062,0.6212364604369378,0.5562913907284768,0.0316423907584128,0.5530615248748896,0.0047626056604567,2000.0,1000000000.0,95116,"2025-06-05,2025-06-06,2025-06-07",False,15,default
2025-06,0.9838123803638448,0.6975377433870221,0.0829723705790823,0.9857219786137396,0.7451504173163349,0.9206106870229008,0.1528129751647237,0.6862462677152109,0.0137726565456915,0.9606436069523318,0.6109382228016317,0.0837293410151814,0.9628525885369742,0.6622452726271342,0.5565410199556541,0.0315168257157207,0.5868938979772068,0.0047415787038983,5000.0,1000000000.0,95116,"2025-06-05,2025-06-06,2025-06-07",False,15,default
2025-06,0.9825270968211246,0.7226439295176417,0.0829723705790823,0.9847841577103498,0.7723103732917546,0.9263565891472868,0.1514191586416624,0.7100172421043778,0.0135623869801084,0.9544168081776712,0.6315025863156567,0.0837293410151814,0.9572020325680456,0.6841954286763356,0.5577777777777778,0.0315168257157207,0.6027166827873334,0.0047310652256192,8000.0,1000000000.0,95116,"2025-06-05,2025-06-06,2025-06-07",False,15,default
2025-06,0.9809405693595062,0.7375099878043652,0.0829723705790823,0.9836520980292344,0.7882578189489131,0.9262745098039216,0.1496452103395844,0.7234534673451365,0.0134046848059211,0.9482534524776604,0.6471045880819211,0.0837293410151814,0.951316134101624,0.7009362952083715,0.5577777777777778,0.0315168257157207,0.6136191597628159,0.0047310652256192,10000.0,1000000000.0,95116,"2025-06-05,2025-06-06,2025-06-07",False,15,default
2025-06,0.9768824489118711,0.7603978300180831,0.0829723705790823,0.9798070957188788,0.8130331101531688,0.9405144694533762,0.148251393816523,0.7428192943353379,0.0130787669792674,0.9340866290018832,0.669918835947685,0.0837293410151814,0.9379034299455764,0.7252616118964568,0.6045918367346939,0.0297589151180311,0.6257622271752387,0.0041212834854283,15000.0,1000000000.0,95116,"2025-06-05,2025-06-06,2025-06-07",False,15,default
2025-06,0.969771519443274,0.773508137432188,0.0829723705790823,0.9730980859586146,0.8271920572319545,0.981896551724138,0.1443233654333502,0.7501261617393499,0.0121956348038184,0.917008134059079,0.6876235333697801,0.0837293410151814,0.9216118684843624,0.7440334128878282,0.6286549707602339,0.0269964841788046,0.6305563732705328,0.0035956095714706,20000.0,1000000000.0,95116,"2025-06-05,2025-06-06,2025-06-07",False,15,default
2025-06,0.8792245966091605,0.8476912401698978,0.0829723705790823,0.9110436549790344,0.8913372466293681,0.9838709677419356,0.00772934617334,0.7453109886874973,0.0006518356533075,0.795301757066463,0.8257285840447454,0.0837293410151814,0.8408273744596615,0.8520630622360933,0.8888888888888888,0.0030135610246107,0.6567033937507885,0.0002838639135371,1000000000.0,1000000000.0,95116,"2025-06-05,2025-06-06,2025-06-07",False,15,default
