month,adep_accuracy,adep_coverage,adep_gt_ooa_share,adep_inarea_accuracy,adep_inarea_coverage,adep_ooa_precision,adep_ooa_recall,adep_overall,adep_pred_ooa_share,ades_accuracy,ades_coverage,ades_gt_ooa_share,ades_inarea_accuracy,ades_inarea_coverage,ades_ooa_precision,ades_ooa_recall,ades_overall,ades_pred_ooa_share,airport_set,cleaned,days,ladder,max_fl,method,n_ground_truth,radius_nm,sched_penalty_nm,variant
2024-06,0.9758290674382372,0.7262470500759707,0.0794297352342158,0.9771088680605624,0.779322938614974,0.9224806201550388,0.0968660968660968,0.7086929816054053,0.0083406071186111,0.943854855638672,0.6468065388635653,0.0798284464272244,0.9459314325988823,0.697860430256116,0.6876513317191283,0.0383369330453563,0.6104914923652195,0.0044504789922305,large_medium,False,"2024-06-05,2024-06-06,2024-06-07",,40.0,M7_abstain,92799,30.0,0,default
2024-06,0.9800335744952684,0.7253634198644382,0.0794297352342158,0.9813667398562276,0.7783630659736854,0.9224806201550388,0.0968660968660968,0.7108805051778575,0.0083406071186111,0.9563968057736644,0.645028502462311,0.0798284464272244,0.95857032275435,0.6959281423100795,0.6876513317191283,0.0383369330453563,0.6169031993879245,0.0044504789922305,large_medium,False,"2024-06-05,2024-06-06,2024-06-07",,40.0,M7_abstain,92799,30.0,10,default
2024-06,0.975485842185668,0.6066229161952176,0.0794297352342158,0.9764224751066856,0.6583321627569415,0.0,0.0,0.5917520662938178,0.0,0.9439540321557396,0.59449994073212,0.0798284464272244,0.9449474696521566,0.6453958848122168,0.0,0.0,0.5611806161704329,0.0,large_medium,False,"2024-06-05,2024-06-06,2024-06-07",,40.0,M0_current,92799,30.0,15,default
2024-06,0.8650673694273275,0.834157695664824,0.0794297352342158,0.8963430957862611,0.8745142107973967,0.0,0.0,0.7216026034763305,0.0,0.7854719957927951,0.8196209010872962,0.0798284464272244,0.8255900724116965,0.8474429389514118,0.0,0.0,0.6437892649705277,0.0,large_medium,False,"2024-06-05,2024-06-06,2024-06-07",,40.0,M1_traffic,92799,30.0,15,default
2024-06,0.9770101344690248,0.2732680309055054,0.0794297352342158,0.9804899283707308,0.2957929484478157,0.0,0.0,0.2669856356210735,0.0,0.9640510106212924,0.3033545620103665,0.0798284464272244,0.9703936782636678,0.3275169514351629,0.0,0.0,0.2924492720826733,0.0,large_medium,False,"2024-06-05,2024-06-06,2024-06-07",,40.0,M2_on_ground,92799,30.0,15,default
2024-06,0.97084163935534,0.637873252944536,0.0794297352342158,0.9726820351376052,0.6915999438123331,0.0,0.0,0.6192739145895969,0.0,0.9501159050477096,0.5996724102630416,0.0798284464272244,0.951449497039823,0.6507828693890457,0.0,0.0,0.5697582948092113,0.0,large_medium,False,"2024-06-05,2024-06-06,2024-06-07",,40.0,M3_vert_rate,92799,30.0,15,default
2024-06,0.7692339066005031,0.7926270757227988,0.0794297352342158,0.793640329345097,0.8345390270169031,0.0,0.0,0.6097156219355812,0.0,0.7239738818686187,0.7905149839976724,0.0798284464272244,0.7784650562851783,0.7989600777599513,0.0,0.0,0.5723122016401039,0.0,large_medium,False,"2024-06-05,2024-06-06,2024-06-07",,40.0,M5_min_alt,92799,30.0,15,default
2024-06,0.8449687716863289,0.8540501514024935,0.0794297352342158,0.8902951342727998,0.8805075619234911,0.0,0.0,0.7216457073890883,0.0,0.7541517338852153,0.8539316156424099,0.0798284464272244,0.8156853110583354,0.8580061130564111,0.0,0.0,0.6439940085561267,0.0,large_medium,False,"2024-06-05,2024-06-06,2024-06-07",m1-m0-m3-m2-m5,40.0,M6_cascade,92799,30.0,15,default
2024-06,0.9821114980504212,0.7240810784598972,0.0794297352342158,0.983472693032015,0.7769700800674252,0.9224806201550388,0.0968660968660968,0.7111283526762142,0.0083406071186111,0.9563202623126338,0.6441448722507785,0.0798284464272244,0.9584800741427248,0.6949795645911162,0.6876513317191283,0.0383369330453563,0.6160087931982026,0.0044504789922305,large_medium,False,"2024-06-05,2024-06-06,2024-06-07",,40.0,M7_abstain,92799,30.0,15,default
2024-06,0.9553351978981268,0.7628745999418097,0.0794297352342158,0.9634329336693812,0.8034953411059605,0.9677627337201804,0.2036358703025369,0.7288009569068632,0.0167135421717906,0.6707245437420244,0.5319992672334831,0.0798284464272244,0.6767981052894004,0.5636893817849656,0.8322981366459627,0.0723542116630669,0.3568249657862692,0.0069397299539865,large_medium,False,"2024-06-05,2024-06-06,2024-06-07",,40.0,M8_extrapolate,92799,30.0,15,default
2024-06,0.9805290501213212,0.723897886830677,0.0794297352342158,0.981871063021791,0.7767710820808166,0.9224806201550388,0.0968660968660968,0.7098029073589155,0.0083406071186111,0.9566448327274556,0.6432504660610567,0.0798284464272244,0.9588100300361108,0.6940075652000797,0.6876513317191283,0.0383369330453563,0.6153622345068374,0.0044504789922305,large_medium,False,"2024-06-05,2024-06-06,2024-06-07",,40.0,M7_abstain,92799,30.0,20,default
2024-06,0.980894472511587,0.7230789124882812,0.0794297352342158,0.9822425394526416,0.7758814440230369,0.9224806201550388,0.0968660968660968,0.7092641084494445,0.0083406071186111,0.9587561319803776,0.6414293257470447,0.0798284464272244,0.9609266592209024,0.6920401447459334,0.6876513317191283,0.0383369330453563,0.6149742992920182,0.0044504789922305,large_medium,False,"2024-06-05,2024-06-06,2024-06-07",,40.0,M7_abstain,92799,30.0,30,default
2024-06,0.9777675536888348,0.7260746344249399,0.0794297352342158,0.9790715144230768,0.7791356463922836,0.9224806201550388,0.0968660968660968,0.7099322190971885,0.0083406071186111,0.951233342784236,0.6461168762594425,0.0798284464272244,0.9533656995985016,0.6971109367497745,0.6876513317191283,0.0383369330453563,0.6146079160335779,0.0044504789922305,large_medium,False,"2024-06-05,2024-06-06,2024-06-07",,40.0,M7_abstain,92799,30.0,5,default
2025-06,0.9759955131800336,0.7498212708692544,0.0829723705790823,0.9785241424670068,0.8018320645693846,0.9390537289494788,0.1483781044095286,0.7318221960553429,0.0131103074141048,0.9415051854773762,0.6396715589385592,0.0837293410151814,0.9449846765509816,0.6926404442812557,0.6060606060606061,0.0301356102461074,0.6022540897430506,0.0041633373985449,large_medium,False,"2025-06-05,2025-06-06,2025-06-07",,40.0,M7_abstain,95116,30.0,0,default
2025-06,0.9828205704019762,0.7490643004331553,0.0829723705790823,0.985444396736797,0.8010409978904889,0.9390537289494788,0.1483781044095286,0.736195803019471,0.0131103074141048,0.9521863775661517,0.6381050506749653,0.0837293410151814,0.9557592666400956,0.6909307875894988,0.6060606060606061,0.0301356102461074,0.6075949367088608,0.0041633373985449,large_medium,False,"2025-06-05,2025-06-06,2025-06-07",,40.0,M7_abstain,95116,30.0,10,default
2025-06,0.9744577436846978,0.6359392741494596,0.0829723705790823,0.975296181084122,0.6928826928368339,0.0,0.0,0.6196959502081669,0.0,0.955480904633447,0.6196749232516086,0.0837293410151814,0.9565845124250504,0.6755209289517166,0.0,0.0,0.5920875562471088,0.0,large_medium,False,"2025-06-05,2025-06-06,2025-06-07",,40.0,M0_current,95116,30.0,15,default
2025-06,0.8696723544416652,0.8490474788679087,0.0829723705790823,0.9012434395411208,0.8934352930386132,0.0,0.0,0.7383931199798142,0.0,0.7824268309584105,0.8344652844947222,0.0837293410151814,0.8268690499966713,0.8617702404993575,0.0,0.0,0.652908028092014,0.0,large_medium,False,"2025-06-05,2025-06-06,2025-06-07",,40.0,M1_traffic,95116,30.0,15,default
2025-06,0.9543302498361134,0.2886790865890071,0.0829723705790823,0.9609799031832184,0.3126203797120058,0.0,0.0,0.2754951848269481,0.0,0.9274216412033393,0.3337503679717398,0.0837293410151814,0.9434101323421028,0.3580755461722049,0.0,0.0,0.3095273140165692,0.0,large_medium,False,"2025-06-05,2025-06-06,2025-06-07",,40.0,M2_on_ground,95116,30.0,15,default
2025-06,0.9689735589801772,0.6672063585516632,0.0829723705790823,0.9704568768247456,0.7264629001192332,0.0,0.0,0.6465053198200092,0.0,0.955267537445156,0.6254152823920266,0.0837293410151814,0.9566988787501264,0.6815448870938131,0.0,0.0,0.5974389166911981,0.0,large_medium,False,"2025-06-05,2025-06-06,2025-06-07",,40.0,M3_vert_rate,95116,30.0,15,default
2025-06,0.7817324295765573,0.815866941418899,0.0829723705790823,0.8088209804941136,0.8598894799596442,0.0,0.0,0.6377896463265907,0.0,0.7340816220969327,0.8130283022835275,0.0837293410151814,0.7922184852840616,0.8222071782632642,0.0,0.0,0.5968291349510072,0.0,large_medium,False,"2025-06-05,2025-06-06,2025-06-07",,40.0,M5_min_alt,95116,30.0,15,default
2025-06,0.8492297646973471,0.8694856806425838,0.0829723705790823,0.8952010706774585,0.8994657433733835,0.0,0.0,0.7383931199798142,0.0,0.7518911656842692,0.8686340889019724,0.0837293410151814,0.8150140379418016,0.8745869285845419,0.0,0.0,0.653118297657597,0.0,large_medium,False,"2025-06-05,2025-06-06,2025-06-07",m1-m0-m3-m2-m5,40.0,M6_cascade,95116,30.0,15,default
2025-06,0.9823590550296356,0.7485386265191976,0.0829723705790823,0.9849615445209894,0.8004792259011281,0.9390537289494788,0.1483781044095286,0.7353336978005803,0.0131103074141048,0.9510924231181466,0.6375898902392868,0.0837293410151814,0.954643664406329,0.6903800257022215,0.6060606060606061,0.0301356102461074,0.6064069136633163,0.0041633373985449,large_medium,False,"2025-06-05,2025-06-06,2025-06-07",,40.0,M7_abstain,95116,30.0,15,default
2025-06,0.9560079862007144,0.7740758652592624,0.0829723705790823,0.9632520415532472,0.8255067412638724,0.927927927927928,0.1305119107957425,0.740022709113083,0.0116699608898608,0.6514785082816786,0.5173156987257664,0.0837293410151814,0.6553461197018808,0.5557761152928218,0.7382075471698113,0.0393018583626318,0.3370200597165566,0.0044577147903612,large_medium,False,"2025-06-05,2025-06-06,2025-06-07",,40.0,M8_extrapolate,95116,30.0,15,default
2025-06,0.97858429145311,0.7589679969721183,0.0829723705790823,0.9815345926166626,0.8114853709988077,0.9405144694533762,0.148251393816523,0.7427141595525464,0.0130787669792674,0.937499013806706,0.6662916859413769,0.0837293410151814,0.9412747140880244,0.7213718560675602,0.6045918367346939,0.0297589151180311,0.6246477984776484,0.0041212834854283,large_medium,False,"2025-06-05,2025-06-06,2025-06-07",,40.0,M7_abstain,95116,30.0,15,perside
2025-06,0.980655765340526,0.7483914378232894,0.0829723705790823,0.98319700898165,0.8003416490874071,0.9390537289494788,0.1483781044095286,0.7339143782328945,0.0131103074141048,0.95087244333658,0.6368749737163043,0.0837293410151814,0.9544259567387688,0.6895997796952451,0.6060606060606061,0.0301356102461074,0.6055868623575423,0.0041633373985449,large_medium,False,"2025-06-05,2025-06-06,2025-06-07",,40.0,M7_abstain,95116,30.0,20,default
2025-06,0.9810213843556556,0.7472980360822574,0.0829723705790823,0.983573631733735,0.7991493167018252,0.9390537289494788,0.1483781044095286,0.7331153538836789,0.0131103074141048,0.9521634814263258,0.6353820598006644,0.0837293410151814,0.9557356816438174,0.6879704424453827,0.6060606060606061,0.0301356102461074,0.6049875940956306,0.0041633373985449,large_medium,False,"2025-06-05,2025-06-06,2025-06-07",,40.0,M7_abstain,95116,30.0,30,default
2025-06,0.980112759810384,0.7496320282602296,0.0829723705790823,0.9827233592196908,0.8016256993488031,0.9390537289494788,0.1483781044095286,0.7347239160603894,0.0131103074141048,0.944990790685436,0.6393035871987889,0.0837293410151814,0.9484999171224928,0.6922388470717826,0.6060606060606061,0.0301356102461074,0.6041360023550192,0.0041633373985449,large_medium,False,"2025-06-05,2025-06-06,2025-06-07",,40.0,M7_abstain,95116,30.0,5,default
