airport,role,n_truth,n_correct_msl,n_correct_field,delta_correct,elevation_ft,band
GCXO,arrivals,320,2,41,39,2076.0,1500-3000
LGAV,arrivals,1317,747,771,24,308.0,<500
LEVT,arrivals,39,1,24,23,1682.0,1500-3000
LEVX,arrivals,40,23,34,11,856.0,500-1500
LOWK,arrivals,18,9,16,7,1472.0,500-1500
LBSF,arrivals,267,1,7,6,1742.0,1500-3000
GMMX,arrivals,279,12,18,6,1545.0,1500-3000
LEGE,arrivals,105,49,55,6,468.0,<500
LEGR,arrivals,34,1,7,6,1860.0,1500-3000
GMFO,arrivals,34,27,32,5,1535.0,1500-3000
LIRQ,arrivals,198,117,122,5,142.0,<500
LESA,arrivals,5,0,5,5,2595.0,1500-3000
LQBK,arrivals,17,8,13,5,400.0,<500
LOWI,arrivals,43,30,34,4,1907.0,1500-3000
ESNQ,arrivals,7,2,6,4,1508.0,1500-3000
OJAI,arrivals,116,0,4,4,2395.0,1500-3000
LRBC,arrivals,19,3,6,3,607.0,500-1500
LICJ,arrivals,314,154,157,3,65.0,<500
LZTT,arrivals,4,1,4,3,2356.0,1500-3000
LBWN,arrivals,75,65,68,3,230.0,<500
LGMK,arrivals,104,77,80,3,405.0,<500
LIEO,arrivals,252,103,105,2,37.0,<500
LTBY,arrivals,2,0,2,2,2588.0,1500-3000
HECA,arrivals,231,59,61,2,322.0,<500
ESSV,arrivals,22,11,13,2,164.0,<500
LZKZ,arrivals,34,27,29,2,755.0,500-1500
LEVD,arrivals,4,0,2,2,2776.0,1500-3000
LRTM,arrivals,5,0,2,2,963.0,500-1500
LQSA,arrivals,93,0,2,2,1708.0,1500-3000
DAAG,arrivals,184,116,118,2,82.0,<500
GMMW,arrivals,40,36,38,2,574.0,500-1500
EGSS,arrivals,888,831,832,1,348.0,<500
LEAS,arrivals,68,5,6,1,416.0,<500
LRTR,arrivals,57,3,4,1,348.0,<500
OLBA,arrivals,144,39,40,1,87.0,<500
LFLC,arrivals,21,20,21,1,1090.0,500-1500
DAON,arrivals,9,0,1,1,814.0,500-1500
LTAI,arrivals,1437,929,930,1,177.0,<500
EIDW,arrivals,1188,1082,1083,1,242.0,<500
LGKO,arrivals,177,167,168,1,412.0,<500
EPSC,arrivals,22,11,12,1,154.0,<500
LRCL,arrivals,129,0,1,1,1039.0,500-1500
EBLG,arrivals,126,74,75,1,659.0,500-1500
LSGS,arrivals,20,0,1,1,1582.0,1500-3000
LGKZ,arrivals,1,0,1,1,2059.0,1500-3000
ESNS,arrivals,11,8,9,1,157.0,<500
ENCN,arrivals,43,12,13,1,57.0,<500
LFSG,arrivals,1,0,1,1,1084.0,500-1500
EFJY,arrivals,4,2,3,1,459.0,<500
ESDF,arrivals,4,2,3,1,191.0,<500
LGKP,departures,22,0,0,0,66.0,<500
LGKP,arrivals,22,0,0,0,66.0,<500
LGKC,departures,5,0,0,0,1045.0,500-1500
LGKF,arrivals,60,55,55,0,59.0,<500
LGKO,departures,178,171,171,0,412.0,<500
LGKJ,departures,2,0,0,0,489.0,<500
LGKL,arrivals,25,22,22,0,26.0,<500
LGKL,departures,25,21,21,0,26.0,<500
LGKF,departures,62,61,61,0,59.0,<500
LGKY,departures,5,0,0,0,771.0,500-1500
LGKY,arrivals,4,0,0,0,771.0,500-1500
LGKZ,departures,1,1,1,0,2059.0,1500-3000
LGLE,arrivals,6,0,0,0,39.0,<500
LFRS,arrivals,257,246,246,0,90.0,<500
LFRS,departures,256,247,247,0,90.0,<500
LGKV,departures,13,13,13,0,18.0,<500
LGKC,arrivals,5,0,0,0,1045.0,500-1500
LFRT,departures,4,3,3,0,453.0,<500
LGKV,arrivals,13,13,13,0,18.0,<500
LFRV,arrivals,2,2,2,0,446.0,<500
LFRV,departures,2,2,2,0,446.0,<500
LGKS,departures,4,0,0,0,35.0,<500
LGKS,arrivals,4,0,0,0,35.0,<500
LGKR,departures,244,201,201,0,6.0,<500
LGKR,arrivals,247,27,27,0,6.0,<500
LFRT,arrivals,2,0,0,0,453.0,<500
LFSL,departures,8,8,8,0,1016.0,500-1500
LFSL,arrivals,8,4,4,0,1016.0,500-1500
LFSG,departures,1,1,1,0,1084.0,500-1500
LFSD,departures,11,11,11,0,726.0,500-1500
LFSD,arrivals,15,14,14,0,726.0,500-1500
LFSB,departures,354,349,349,0,885.0,500-1500
LFSB,arrivals,352,339,339,0,885.0,500-1500
LFMN,arrivals,710,677,677,0,12.0,<500
LFML,departures,444,440,440,0,74.0,<500
LFML,arrivals,445,439,439,0,74.0,<500
LFMK,departures,15,15,15,0,433.0,<500
LGBL,arrivals,4,2,2,0,83.0,<500
LFMH,departures,1,1,1,0,1325.0,500-1500
LFMH,arrivals,1,1,1,0,1325.0,500-1500
LFMU,departures,12,12,12,0,56.0,<500
LFRO,departures,1,1,1,0,290.0,<500
LFRO,arrivals,1,1,1,0,290.0,<500
LFRN,departures,32,32,32,0,124.0,<500
LFRN,arrivals,31,31,31,0,124.0,<500
LFRM,departures,13,13,13,0,194.0,<500
LFRM,arrivals,15,14,14,0,194.0,<500
LFRK,departures,24,23,23,0,256.0,<500
LFMN,departures,707,691,691,0,12.0,<500
LFRI,departures,1,1,1,0,299.0,<500
LFMK,arrivals,16,16,16,0,433.0,<500
LGKA,departures,1,0,0,0,2167.0,1500-3000
LGKA,arrivals,1,0,0,0,2167.0,1500-3000
LFPT,departures,2,2,2,0,325.0,<500
LFPT,arrivals,2,2,2,0,325.0,<500
LFPO,departures,992,982,982,0,291.0,<500
LFPO,arrivals,991,941,941,0,291.0,<500
LFPN,departures,4,0,0,0,538.0,500-1500
LFPN,arrivals,1,0,0,0,538.0,500-1500
LFPG,departures,2084,2061,2061,0,392.0,<500
LFPG,arrivals,2066,1713,1713,0,392.0,<500
LGBL,departures,4,4,4,0,83.0,<500
LFSN,arrivals,2,0,0,0,751.0,500-1500
LGAV,departures,1306,1238,1238,0,308.0,<500
LGAL,departures,17,16,16,0,24.0,<500
LGAL,arrivals,16,16,16,0,24.0,<500
LFTZ,departures,12,0,0,0,59.0,<500
LFTZ,arrivals,19,0,0,0,59.0,<500
LFTW,departures,12,11,11,0,309.0,<500
LFTW,arrivals,11,11,11,0,309.0,<500
LFTH,departures,51,45,45,0,7.0,<500
LFTH,arrivals,55,52,52,0,7.0,<500
LFTF,arrivals,1,0,0,0,266.0,<500
LFST,departures,49,47,47,0,505.0,500-1500
LFST,arrivals,50,48,48,0,505.0,500-1500
LFRZ,arrivals,13,10,10,0,13.0,<500
LICD,departures,27,25,25,0,70.0,<500
LICD,arrivals,27,11,11,0,70.0,<500
LIEO,departures,228,175,175,0,37.0,<500
LIEE,departures,191,112,112,0,13.0,<500
LIEE,arrivals,195,3,3,0,13.0,<500
LIEA,departures,62,62,62,0,87.0,<500
LIEA,arrivals,62,62,62,0,87.0,<500
LGMT,arrivals,34,34,34,0,60.0,<500
LGML,departures,25,0,0,0,10.0,<500
LGML,arrivals,21,0,0,0,10.0,<500
LGMK,departures,105,89,89,0,405.0,<500
LGRP,departures,340,321,321,0,17.0,<500
LGLM,arrivals,15,0,0,0,14.0,<500
LGLE,departures,5,0,0,0,39.0,<500
LIBD,arrivals,229,0,0,0,193.0,<500
LICC,departures,390,348,348,0,39.0,<500
LICB,departures,9,9,9,0,756.0,500-1500
LICB,arrivals,11,10,10,0,756.0,500-1500
LICA,departures,108,2,2,0,39.0,<500
LICA,arrivals,112,0,0,0,39.0,<500
LIBR,departures,130,0,0,0,47.0,<500
LIBR,arrivals,125,0,0,0,47.0,<500
LHBP,arrivals,577,514,514,0,495.0,<500
LGLM,departures,14,0,0,0,14.0,<500
LIMJ,arrivals,86,83,83,0,13.0,<500
LGZA,departures,126,126,126,0,12.0,<500
LGZA,arrivals,126,119,119,0,12.0,<500
LGTS,departures,279,259,259,0,22.0,<500
LGTS,arrivals,281,263,263,0,22.0,<500
LGTG,departures,1,1,1,0,495.0,<500
LGSY,departures,3,0,0,0,44.0,<500
LGSY,arrivals,3,0,0,0,44.0,<500
LIMC,departures,973,963,963,0,768.0,500-1500
LIMZ,arrivals,6,6,6,0,1267.0,500-1500
LIMW,arrivals,1,0,0,0,1791.0,1500-3000
LIME,arrivals,460,444,444,0,782.0,500-1500
LIMP,arrivals,7,5,5,0,161.0,<500
LIML,departures,458,451,451,0,353.0,<500
LIML,arrivals,465,457,457,0,353.0,<500
LIMJ,departures,79,77,77,0,13.0,<500
LICT,departures,39,8,8,0,25.0,<500
LICT,arrivals,40,6,6,0,25.0,<500
LIMG,departures,1,1,1,0,148.0,<500
LIMG,arrivals,1,1,1,0,148.0,<500
LIMF,departures,157,154,154,0,989.0,500-1500
LIMF,arrivals,157,154,154,0,989.0,500-1500
LIME,departures,453,450,450,0,782.0,500-1500
LIMP,departures,10,10,10,0,161.0,<500
LGSR,arrivals,139,0,0,0,127.0,<500
LGSO,departures,4,0,0,0,236.0,<500
LGSO,arrivals,4,0,0,0,236.0,<500
LGSM,departures,41,39,39,0,19.0,<500
LGSM,arrivals,42,23,23,0,19.0,<500
LGSK,departures,37,24,24,0,54.0,<500
LGSK,arrivals,37,31,31,0,54.0,<500
LGSA,departures,196,182,182,0,490.0,<500
LGSA,arrivals,199,60,60,0,490.0,<500
LGRX,departures,11,1,1,0,46.0,<500
LGRX,arrivals,12,1,1,0,46.0,<500
LIBP,departures,41,41,41,0,48.0,<500
LGRP,arrivals,346,315,315,0,17.0,<500
LGPZ,departures,45,24,24,0,11.0,<500
LGPZ,arrivals,46,0,0,0,11.0,<500
LGPL,departures,2,0,0,0,165.0,<500
LGPL,arrivals,4,0,0,0,165.0,<500
LGPA,departures,45,0,0,0,131.0,<500
LGPA,arrivals,40,0,0,0,131.0,<500
LGNX,departures,30,0,0,0,10.0,<500
LGNX,arrivals,30,0,0,0,10.0,<500
LGMT,departures,33,31,31,0,60.0,<500
LFRZ,departures,13,10,10,0,13.0,<500
LFRI,arrivals,1,0,0,0,299.0,<500
LIBP,arrivals,43,42,42,0,48.0,<500
LIBG,departures,2,0,0,0,215.0,<500
LIBG,arrivals,2,0,0,0,215.0,<500
LIBF,departures,7,0,0,0,265.0,<500
LIBF,arrivals,12,0,0,0,265.0,<500
LIBD,departures,228,0,0,0,193.0,<500
LGST,departures,8,0,0,0,376.0,<500
LIBC,departures,13,0,0,0,522.0,500-1500
LIBC,arrivals,12,0,0,0,522.0,500-1500
LHPR,departures,1,1,1,0,424.0,<500
LHPR,arrivals,1,1,1,0,424.0,<500
LGSR,departures,139,3,3,0,127.0,<500
LHDC,arrivals,6,0,0,0,359.0,<500
LHBP,departures,578,553,553,0,495.0,<500
LGIR,departures,424,0,0,0,115.0,<500
LGIR,arrivals,430,0,0,0,115.0,<500
LGIO,departures,10,9,9,0,1558.0,1500-3000
LGIO,arrivals,12,10,10,0,1558.0,1500-3000
LGIK,departures,10,0,0,0,79.0,<500
LGIK,arrivals,9,0,0,0,79.0,<500
LGHI,departures,25,24,24,0,15.0,<500
LGHI,arrivals,26,4,4,0,15.0,<500
LGST,arrivals,8,0,0,0,376.0,<500
LHDC,departures,7,6,6,0,359.0,<500
LFAT,departures,3,2,2,0,36.0,<500
LFAT,arrivals,2,1,1,0,36.0,<500
LFAQ,departures,1,0,0,0,364.0,<500
LFAQ,arrivals,1,0,0,0,364.0,<500
LFBL,arrivals,16,0,0,0,1300.0,500-1500
LFBI,departures,3,3,3,0,423.0,<500
LEZL,departures,275,274,274,0,112.0,<500
LEZL,arrivals,276,264,264,0,112.0,<500
LEZG,departures,38,14,14,0,863.0,500-1500
LEZG,arrivals,39,13,13,0,863.0,500-1500
LEXJ,departures,39,36,36,0,16.0,<500
LFQG,arrivals,2,0,0,0,602.0,500-1500
LFBD,departures,225,222,222,0,162.0,<500
LFBD,arrivals,219,215,215,0,162.0,<500
LDZA,departures,215,210,210,0,353.0,<500
LDZA,arrivals,215,207,207,0,353.0,<500
LDSP,departures,216,0,0,0,79.0,<500
LDSP,arrivals,215,0,0,0,79.0,<500
LEBA,departures,1,1,1,0,297.0,<500
LEBA,arrivals,1,1,1,0,297.0,<500
LEAS,departures,69,62,62,0,416.0,<500
LESO,departures,23,15,15,0,16.0,<500
LESO,arrivals,24,0,0,0,16.0,<500
LEXJ,arrivals,37,0,0,0,16.0,<500
LFCK,departures,4,4,4,0,788.0,500-1500
LFCK,arrivals,4,4,4,0,788.0,500-1500
LFCI,departures,1,1,1,0,564.0,500-1500
LFCI,arrivals,1,1,1,0,564.0,500-1500
LFCH,departures,1,1,1,0,52.0,<500
LFBZ,departures,55,51,51,0,245.0,<500
LFHS,departures,1,0,0,0,857.0,500-1500
LFHP,departures,3,0,0,0,2731.0,1500-3000
LEIB,departures,495,484,484,0,24.0,<500
LEIB,arrivals,509,499,499,0,24.0,<500
LEGT,departures,2,2,2,0,2034.0,1500-3000
LFBA,arrivals,1,1,1,0,204.0,<500
LEGR,departures,34,32,32,0,1860.0,1500-3000
LEMH,departures,222,212,212,0,302.0,<500
LEMH,arrivals,226,220,220,0,302.0,<500
LFBI,arrivals,3,2,2,0,423.0,<500
LFBH,departures,13,13,13,0,74.0,<500
LFBH,arrivals,14,9,9,0,74.0,<500
LFBF,departures,1,0,0,0,535.0,500-1500
LFBE,departures,16,15,15,0,171.0,<500
LFBE,arrivals,16,16,16,0,171.0,<500
LEJR,departures,40,40,40,0,93.0,<500
LEJR,arrivals,44,43,43,0,93.0,<500
LFBA,departures,1,1,1,0,204.0,<500
LEGT,arrivals,2,1,1,0,2034.0,1500-3000
LCLK,departures,368,352,352,0,8.0,<500
LCLK,arrivals,367,348,348,0,8.0,<500
LBWN,departures,71,61,61,0,230.0,<500
LECU,departures,4,3,3,0,2269.0,1500-3000
LECU,arrivals,3,0,0,0,2269.0,1500-3000
LECO,departures,36,34,34,0,326.0,<500
LECO,arrivals,35,35,35,0,326.0,<500
LBPD,arrivals,13,0,0,0,597.0,500-1500
LBBG,departures,93,91,91,0,135.0,<500
LBBG,arrivals,97,92,92,0,135.0,<500
LATI,departures,316,0,0,0,126.0,<500
LESA,departures,4,4,4,0,2595.0,1500-3000
LEBL,arrivals,1597,1494,1494,0,12.0,<500
LEBB,departures,234,169,169,0,138.0,<500
LEBB,arrivals,235,0,0,0,138.0,<500
LEGE,departures,104,103,103,0,468.0,<500
LEDA,departures,2,1,1,0,1152.0,500-1500
LEDA,arrivals,2,0,0,0,1152.0,500-1500
LEAM,departures,37,36,36,0,70.0,<500
LEAM,arrivals,40,39,39,0,70.0,<500
LEAL,departures,599,597,597,0,142.0,<500
LEAL,arrivals,599,588,588,0,142.0,<500
LECH,departures,16,14,14,0,1182.0,500-1500
LEBL,departures,1591,1577,1577,0,12.0,<500
LEAB,departures,2,2,2,0,2302.0,1500-3000
LEAB,arrivals,2,2,2,0,2302.0,1500-3000
LDZD,departures,114,49,49,0,289.0,<500
LDZD,arrivals,118,12,12,0,289.0,<500
LEPP,arrivals,14,2,2,0,1504.0,1500-3000
LEPA,departures,1417,1360,1360,0,27.0,<500
LEPA,arrivals,1436,1414,1414,0,27.0,<500
LEMI,departures,31,31,31,0,644.0,500-1500
LEMI,arrivals,32,31,31,0,644.0,500-1500
LESU,departures,4,4,4,0,2625.0,1500-3000
LESU,arrivals,2,0,0,0,2625.0,1500-3000
LCPH,arrivals,107,99,99,0,41.0,<500
LEMG,departures,850,846,846,0,53.0,<500
LEMG,arrivals,861,834,834,0,53.0,<500
LEMD,departures,1773,1757,1757,0,1998.0,1500-3000
LELN,departures,3,3,3,0,3006.0,>3000
LELN,arrivals,3,3,3,0,3006.0,>3000
LERS,departures,67,62,62,0,233.0,<500
LERS,arrivals,68,61,61,0,233.0,<500
LEPP,departures,16,16,16,0,1504.0,1500-3000
LATI,arrivals,323,0,0,0,126.0,<500
HLMS,departures,2,0,0,0,60.0,<500
HLMS,arrivals,2,0,0,0,60.0,<500
HLLM,departures,19,2,2,0,36.0,<500
LEST,departures,105,95,95,0,1213.0,500-1500
LFOT,arrivals,8,8,8,0,357.0,<500
LFOP,departures,1,0,0,0,512.0,500-1500
LFOP,arrivals,1,1,1,0,512.0,500-1500
LFLB,departures,5,5,5,0,779.0,500-1500
LFLB,arrivals,8,7,7,0,779.0,500-1500
LFOK,arrivals,2,0,0,0,587.0,500-1500
LFOH,departures,2,0,0,0,313.0,<500
LFOH,arrivals,3,2,2,0,313.0,<500
LFOB,departures,181,180,180,0,359.0,<500
LFOB,arrivals,181,176,176,0,359.0,<500
LFMV,departures,10,9,9,0,124.0,<500
LFKC,arrivals,27,27,27,0,209.0,<500
LFPB,departures,230,227,227,0,218.0,<500
LFMU,arrivals,12,11,11,0,56.0,<500
LFMT,departures,74,73,73,0,17.0,<500
LFMT,arrivals,75,75,75,0,17.0,<500
LFMQ,departures,2,2,2,0,1391.0,500-1500
LFMQ,arrivals,3,0,0,0,1391.0,500-1500
LFMP,departures,25,24,24,0,144.0,<500
LFMP,arrivals,24,21,21,0,144.0,<500
LFOK,departures,2,2,2,0,587.0,500-1500
LFBT,arrivals,22,22,22,0,1260.0,500-1500
LFBP,departures,22,18,18,0,616.0,500-1500
LFMV,arrivals,11,11,11,0,124.0,<500
LFRH,departures,4,4,4,0,160.0,<500
LFRH,arrivals,4,4,4,0,160.0,<500
LFRG,departures,8,8,8,0,479.0,<500
LFRG,arrivals,5,5,5,0,479.0,<500
LFRD,departures,4,4,4,0,219.0,<500
LFRD,arrivals,3,3,3,0,219.0,<500
LFRC,departures,2,2,2,0,459.0,<500
LFRC,arrivals,3,2,2,0,459.0,<500
LFRB,departures,47,41,41,0,325.0,<500
LFRB,arrivals,44,39,39,0,325.0,<500
LFQQ,departures,56,56,56,0,157.0,<500
LFOT,departures,8,8,8,0,357.0,<500
LFQG,departures,2,1,1,0,602.0,500-1500
LIPQ,departures,61,58,58,0,39.0,<500
LFLA,departures,1,1,1,0,523.0,500-1500
LFLA,arrivals,1,0,0,0,523.0,500-1500
LFKJ,departures,78,78,78,0,18.0,<500
LFKJ,arrivals,80,79,79,0,18.0,<500
LFKF,departures,61,60,60,0,85.0,<500
LFKF,arrivals,65,57,57,0,85.0,<500
LFLI,departures,5,0,0,0,1620.0,1500-3000
LFLI,arrivals,6,0,0,0,1620.0,1500-3000
LFOZ,departures,4,0,0,0,396.0,<500
LFOZ,arrivals,3,0,0,0,396.0,<500
LFQQ,arrivals,57,56,56,0,157.0,<500
LFLC,departures,18,18,18,0,1090.0,500-1500
LFLU,departures,2,2,2,0,525.0,500-1500
LFLU,arrivals,3,3,3,0,525.0,500-1500
LEVT,departures,39,37,37,0,1682.0,1500-3000
LEVD,departures,4,3,3,0,2776.0,1500-3000
LEVC,departures,355,336,336,0,240.0,<500
LEVC,arrivals,357,348,348,0,240.0,<500
LFAC,departures,2,2,2,0,12.0,<500
LFAC,arrivals,2,1,1,0,12.0,<500
LFKB,departures,84,77,77,0,26.0,<500
LFKB,arrivals,84,74,74,0,26.0,<500
LFBP,arrivals,22,22,22,0,616.0,500-1500
LFJR,arrivals,2,2,2,0,194.0,<500
LFJL,departures,5,4,4,0,870.0,500-1500
LFJL,arrivals,5,5,5,0,870.0,500-1500
LEVX,departures,37,36,36,0,856.0,500-1500
LFHP,arrivals,3,0,0,0,2731.0,1500-3000
LFGF,departures,1,0,0,0,656.0,500-1500
LFGA,departures,2,1,1,0,628.0,500-1500
LFGA,arrivals,1,1,1,0,628.0,500-1500
LFEC,departures,5,0,0,0,142.0,<500
LFEC,arrivals,6,0,0,0,142.0,<500
LFKC,departures,26,26,26,0,209.0,<500
LFJR,departures,1,1,1,0,194.0,<500
LFBO,departures,293,288,288,0,499.0,<500
LFBO,arrivals,290,288,288,0,499.0,<500
LFBL,departures,16,11,11,0,1300.0,500-1500
LFCR,departures,9,9,9,0,1910.0,1500-3000
LFCR,arrivals,10,10,10,0,1910.0,1500-3000
LFLY,departures,16,0,0,0,659.0,500-1500
LFLY,arrivals,16,0,0,0,659.0,500-1500
LFLX,departures,2,2,2,0,529.0,500-1500
LFLX,arrivals,4,0,0,0,529.0,500-1500
LFLW,departures,4,0,0,0,2096.0,1500-3000
LFLW,arrivals,4,0,0,0,2096.0,1500-3000
LFLD,arrivals,1,0,0,0,529.0,500-1500
LFBT,departures,23,23,23,0,1260.0,500-1500
LFLS,departures,3,3,3,0,1302.0,500-1500
LFLS,arrivals,3,3,3,0,1302.0,500-1500
LFLO,departures,1,1,1,0,1106.0,500-1500
LFLO,arrivals,1,0,0,0,1106.0,500-1500
LFLL,departures,411,402,402,0,821.0,500-1500
LFLL,arrivals,412,397,397,0,821.0,500-1500
LFMD,departures,65,60,60,0,13.0,<500
LFMD,arrivals,72,13,13,0,13.0,<500
LFLH,departures,1,0,0,0,623.0,500-1500
LFLH,arrivals,1,0,0,0,623.0,500-1500
LFLD,departures,1,1,1,0,529.0,500-1500
LFBZ,arrivals,57,57,57,0,245.0,<500
LTFM,departures,2282,2166,2166,0,325.0,<500
LTFM,arrivals,2258,1777,1777,0,325.0,<500
LTFJ,departures,1137,1091,1091,0,312.0,<500
LTFJ,arrivals,1138,985,985,0,312.0,<500
LTFH,departures,45,7,7,0,18.0,<500
LTFH,arrivals,45,4,4,0,18.0,<500
LTFG,departures,34,34,34,0,92.0,<500
LTFG,arrivals,35,32,32,0,92.0,<500
LTFE,departures,220,191,191,0,21.0,<500
LTFE,arrivals,232,198,198,0,21.0,<500
LTFD,departures,12,11,11,0,50.0,<500
LIRA,departures,154,152,152,0,427.0,<500
LTFC,departures,4,0,0,0,2835.0,1500-3000
LTFC,arrivals,4,0,0,0,2835.0,1500-3000
LTDB,departures,133,1,1,0,35.0,<500
LTDB,arrivals,129,0,0,0,35.0,<500
LTDA,departures,13,0,0,0,269.0,<500
LTDA,arrivals,11,0,0,0,269.0,<500
LTCW,departures,7,0,0,0,6400.0,>3000
LTCW,arrivals,7,0,0,0,6400.0,>3000
LTCV,departures,11,0,0,0,2038.0,1500-3000
LTCV,arrivals,11,0,0,0,2038.0,1500-3000
LTCU,departures,6,0,0,0,3506.0,>3000
LTFD,arrivals,12,12,12,0,50.0,<500
LZPP,departures,2,2,2,0,545.0,500-1500
LZPP,arrivals,4,3,3,0,545.0,500-1500
LZKZ,departures,35,35,35,0,755.0,500-1500
LZIB,departures,105,101,101,0,436.0,<500
LZIB,arrivals,105,101,101,0,436.0,<500
LYTV,departures,82,0,0,0,20.0,<500
LYTV,arrivals,83,0,0,0,20.0,<500
LYPG,departures,77,0,0,0,141.0,<500
LYPG,arrivals,77,0,0,0,141.0,<500
LYNI,departures,16,0,0,0,648.0,500-1500
LYNI,arrivals,16,0,0,0,648.0,500-1500
LTFO,arrivals,36,22,22,0,16.0,<500
LYKV,arrivals,1,0,0,0,686.0,500-1500
LYBE,departures,394,388,388,0,335.0,<500
LYBE,arrivals,395,364,364,0,335.0,<500
LXGB,departures,16,15,15,0,12.0,<500
LXGB,arrivals,16,15,15,0,12.0,<500
LWSK,departures,106,8,8,0,781.0,500-1500
LWSK,arrivals,105,0,0,0,781.0,500-1500
LWOH,departures,5,1,1,0,2313.0,1500-3000
LWOH,arrivals,6,0,0,0,2313.0,1500-3000
LUKK,departures,217,5,5,0,399.0,<500
LUKK,arrivals,217,0,0,0,399.0,<500
LTFO,departures,35,32,32,0,16.0,<500
LYKV,departures,1,0,0,0,686.0,500-1500
LTCF,arrivals,16,0,0,0,5889.0,>3000
LTCE,departures,29,0,0,0,5763.0,>3000
LTCE,arrivals,31,0,0,0,5763.0,>3000
LTCD,departures,11,0,0,0,3783.0,>3000
LTCD,arrivals,12,0,0,0,3783.0,>3000
LTCC,departures,55,0,0,0,2251.0,1500-3000
LTCC,arrivals,56,0,0,0,2251.0,1500-3000
LTCB,departures,32,11,11,0,11.0,<500
LTCB,arrivals,30,12,12,0,11.0,<500
LTCA,departures,27,0,0,0,2927.0,1500-3000
LTCA,arrivals,27,0,0,0,2927.0,1500-3000
LTCU,arrivals,6,0,0,0,3506.0,>3000
LTBZ,arrivals,2,0,0,0,3327.0,>3000
LTBY,departures,2,1,1,0,2588.0,1500-3000
LTBU,departures,2,2,2,0,574.0,500-1500
LTBU,arrivals,2,1,1,0,574.0,500-1500
LTBS,departures,273,205,205,0,20.0,<500
LTBS,arrivals,280,8,8,0,20.0,<500
LTBR,departures,9,9,9,0,764.0,500-1500
LTBR,arrivals,9,7,7,0,764.0,500-1500
LTBJ,departures,346,229,229,0,412.0,<500
LTBJ,arrivals,341,13,13,0,412.0,<500
LTBH,departures,3,3,3,0,23.0,<500
LTBH,arrivals,3,2,2,0,23.0,<500
LTBZ,departures,2,0,0,0,3327.0,>3000
LTCT,departures,13,0,0,0,3101.0,>3000
LTCT,arrivals,13,0,0,0,3101.0,>3000
LTCS,departures,26,0,0,0,2708.0,1500-3000
LTCS,arrivals,26,0,0,0,2708.0,1500-3000
LTCR,departures,20,0,0,0,1729.0,1500-3000
LTCR,arrivals,20,0,0,0,1729.0,1500-3000
LTCP,departures,12,0,0,0,2216.0,1500-3000
LTCP,arrivals,11,0,0,0,2216.0,1500-3000
LTCO,departures,9,0,0,0,5462.0,>3000
LTCO,arrivals,9,0,0,0,5462.0,>3000
LTCN,departures,12,0,0,0,1723.0,1500-3000
LTCF,departures,16,0,0,0,5889.0,>3000
LTCM,departures,5,0,0,0,20.0,<500
LTCM,arrivals,5,0,0,0,20.0,<500
LTCL,departures,5,0,0,0,2001.0,1500-3000
LTCL,arrivals,5,0,0,0,2001.0,1500-3000
LTCK,departures,15,0,0,0,4157.0,>3000
LTCK,arrivals,15,0,0,0,4157.0,>3000
LTCJ,departures,19,0,0,0,1822.0,1500-3000
LTCJ,arrivals,19,0,0,0,1822.0,1500-3000
LTCI,departures,33,0,0,0,5480.0,>3000
LTCI,arrivals,32,0,0,0,5480.0,>3000
LTCG,departures,133,122,122,0,104.0,<500
LTCG,arrivals,138,89,89,0,104.0,<500
LTCN,arrivals,12,0,0,0,1723.0,1500-3000
ULPB,arrivals,1,0,0,0,151.0,<500
ULMM,departures,1,0,0,0,266.0,<500
ULMM,arrivals,1,0,0,0,266.0,<500
URML,departures,6,0,0,0,12.0,<500
URML,arrivals,9,0,0,0,12.0,<500
URWA,departures,1,0,0,0,-65.0,<500
EBBR,arrivals,871,767,767,0,175.0,<500
EBAW,departures,29,28,28,0,39.0,<500
EBAW,arrivals,25,24,24,0,39.0,<500
DTTZ,departures,1,0,0,0,287.0,<500
DTTZ,arrivals,2,0,0,0,287.0,<500
LZTT,departures,4,4,4,0,2356.0,1500-3000
DTTX,arrivals,3,0,0,0,85.0,<500
DTTJ,departures,89,0,0,0,19.0,<500
DTTJ,arrivals,94,0,0,0,19.0,<500
DTTA,departures,185,1,1,0,22.0,<500
DTTA,arrivals,186,0,0,0,22.0,<500
DTNH,departures,59,0,0,0,21.0,<500
DTNH,arrivals,58,0,0,0,21.0,<500
DTMB,departures,79,0,0,0,9.0,<500
DTMB,arrivals,81,0,0,0,9.0,<500
DAUH,departures,1,0,0,0,463.0,<500
DAUH,arrivals,1,0,0,0,463.0,<500
DTTX,departures,3,0,0,0,85.0,<500
BIVO,arrivals,2,0,0,0,16.0,<500
BITN,departures,2,0,0,0,65.0,<500
BITN,arrivals,2,0,0,0,65.0,<500
BIRK,departures,44,44,44,0,48.0,<500
BIRK,arrivals,44,37,37,0,48.0,<500
BIKF,departures,297,294,294,0,171.0,<500
BIKF,arrivals,296,89,89,0,171.0,<500
DAAS,departures,5,0,0,0,3360.0,>3000
DAAS,arrivals,5,0,0,0,3360.0,>3000
DAAG,departures,186,82,82,0,82.0,<500
DAAE,departures,10,1,1,0,20.0,<500
ULPB,departures,1,0,0,0,151.0,<500
BKPR,departures,120,0,0,0,1789.0,1500-3000
BKPR,arrivals,120,0,0,0,1789.0,1500-3000
URMG,departures,3,0,0,0,548.0,500-1500
URMG,arrivals,5,0,0,0,548.0,500-1500
UMMS,departures,40,16,16,0,670.0,500-1500
UMMS,arrivals,42,2,2,0,670.0,500-1500
UMKK,departures,160,1,1,0,42.0,<500
UMKK,arrivals,159,2,2,0,42.0,<500
DAAV,departures,1,0,0,0,36.0,<500
DAAV,arrivals,1,0,0,0,36.0,<500
EBBR,departures,872,866,866,0,175.0,<500
ULWC,arrivals,1,0,0,0,377.0,<500
DAAE,arrivals,10,3,3,0,20.0,<500
ORMM,departures,5,5,5,0,11.0,<500
ORMM,arrivals,5,1,1,0,11.0,<500
ORKK,departures,4,0,0,0,1061.0,500-1500
ORKK,arrivals,2,0,0,0,1061.0,500-1500
ORER,departures,44,0,0,0,1341.0,500-1500
ORER,arrivals,44,0,0,0,1341.0,500-1500
ORBI,departures,42,0,0,0,114.0,<500
ORBI,arrivals,48,0,0,0,114.0,<500
OOA,departures,7892,628,628,0,,unknown
OOA,arrivals,7964,0,0,0,,unknown
OLBA,departures,144,123,123,0,87.0,<500
DAUG,departures,1,0,0,0,1512.0,1500-3000
OKKK,arrivals,102,12,12,0,206.0,<500
OJAQ,departures,1,0,0,0,175.0,<500
OJAQ,arrivals,2,0,0,0,175.0,<500
OJAM,departures,3,0,0,0,2555.0,1500-3000
OJAM,arrivals,3,0,0,0,2555.0,1500-3000
OJAI,departures,116,55,55,0,2395.0,1500-3000
OITT,departures,7,0,0,0,4459.0,>3000
OITT,arrivals,7,0,0,0,4459.0,>3000
OIGG,departures,1,0,0,0,-40.0,<500
OIGG,arrivals,1,0,0,0,-40.0,<500
OENN,departures,2,0,0,0,29.0,<500
OENN,arrivals,2,0,0,0,29.0,<500
OKKK,departures,106,105,105,0,206.0,<500
DAUB,departures,2,0,0,0,289.0,<500
DAUB,arrivals,2,0,0,0,289.0,<500
DAOO,departures,48,37,37,0,295.0,<500
DAOO,arrivals,49,35,35,0,295.0,<500
DAON,departures,8,2,2,0,814.0,500-1500
DABB,arrivals,7,0,0,0,16.0,<500
DAOI,departures,2,1,1,0,463.0,<500
DAOI,arrivals,2,1,1,0,463.0,<500
DABT,departures,1,0,0,0,2697.0,1500-3000
DABT,arrivals,1,0,0,0,2697.0,1500-3000
DABC,departures,20,0,0,0,2265.0,1500-3000
ORNI,arrivals,2,0,0,0,103.0,<500
DABB,departures,6,0,0,0,16.0,<500
UBBN,departures,48,0,0,0,2863.0,1500-3000
UBBN,arrivals,48,0,0,0,2863.0,1500-3000
UBBL,departures,1,0,0,0,30.0,<500
UBBL,arrivals,1,0,0,0,30.0,<500
UBBG,departures,8,0,0,0,1083.0,500-1500
UBBG,arrivals,5,0,0,0,1083.0,500-1500
UBBF,departures,1,0,0,0,1247.0,500-1500
UBBF,arrivals,1,0,0,0,1247.0,500-1500
OSDI,departures,3,0,0,0,2020.0,1500-3000
OSDI,arrivals,3,0,0,0,2020.0,1500-3000
ORNI,departures,2,0,0,0,103.0,<500
DABC,arrivals,20,0,0,0,2265.0,1500-3000
LMML,arrivals,326,317,317,0,300.0,<500
LLHA,departures,14,13,13,0,28.0,<500
LOWS,arrivals,95,89,89,0,1411.0,500-1500
LOWL,departures,37,36,36,0,980.0,500-1500
LLER,arrivals,22,0,0,0,288.0,<500
LLBG,departures,513,500,500,0,135.0,<500
LLBG,arrivals,516,430,430,0,135.0,<500
LKTB,departures,52,48,48,0,778.0,500-1500
LKTB,arrivals,52,47,47,0,778.0,500-1500
LKRO,departures,1,0,0,0,732.0,500-1500
LOWG,arrivals,53,51,51,0,1115.0,500-1500
LTBA,departures,58,58,58,0,163.0,<500
LKPM,departures,1,0,0,0,1529.0,1500-3000
LKPD,departures,9,9,9,0,741.0,500-1500
LKPD,arrivals,8,8,8,0,741.0,500-1500
LKMT,departures,43,40,40,0,844.0,500-1500
LKMT,arrivals,44,39,39,0,844.0,500-1500
LIPK,arrivals,10,8,8,0,97.0,<500
LIPH,departures,85,85,85,0,59.0,<500
LIPH,arrivals,85,85,85,0,59.0,<500
LKKV,arrivals,2,1,1,0,1989.0,1500-3000
LKKU,departures,1,1,1,0,581.0,500-1500
LKJI,departures,1,0,0,0,1821.0,1500-3000
LOLW,departures,1,0,0,0,1043.0,500-1500
LPMA,arrivals,158,9,9,0,192.0,<500
LPFR,departures,405,398,398,0,24.0,<500
LPFR,arrivals,407,402,402,0,24.0,<500
LPEV,departures,1,1,1,0,807.0,500-1500
LPEV,arrivals,1,1,1,0,807.0,500-1500
LPPT,departures,1010,1001,1001,0,374.0,<500
LPPT,arrivals,1001,881,881,0,374.0,<500
LPBJ,departures,3,2,2,0,636.0,500-1500
LPAZ,departures,17,16,16,0,308.0,<500
LPAZ,arrivals,14,12,12,0,308.0,<500
LOWW,departures,1156,1136,1136,0,600.0,500-1500
LMML,departures,326,325,325,0,300.0,<500
LOWS,departures,96,95,95,0,1411.0,500-1500
LIRZ,departures,39,35,35,0,697.0,500-1500
LIRZ,arrivals,41,39,39,0,697.0,500-1500
LOWL,arrivals,34,32,32,0,980.0,500-1500
LOWK,departures,19,19,19,0,1472.0,500-1500
LOWI,departures,33,29,29,0,1907.0,1500-3000
LOWG,departures,56,53,53,0,1115.0,500-1500
LPCS,departures,26,23,23,0,325.0,<500
LPCS,arrivals,25,21,21,0,325.0,<500
LOLW,arrivals,1,0,0,0,1043.0,500-1500
LOIH,departures,1,0,0,0,1352.0,500-1500
LOAN,arrivals,2,1,1,0,896.0,500-1500
LOWW,arrivals,1145,1042,1042,0,600.0,500-1500
LICG,arrivals,23,3,3,0,628.0,500-1500
LIPY,departures,37,37,37,0,49.0,<500
LIPY,arrivals,36,15,15,0,49.0,<500
LIPX,departures,144,144,144,0,239.0,<500
LIRN,departures,449,334,334,0,294.0,<500
LIRN,arrivals,447,0,0,0,294.0,<500
LIRJ,departures,1,0,0,0,31.0,<500
LIRJ,arrivals,1,0,0,0,31.0,<500
LIRI,departures,44,27,27,0,123.0,<500
LIPQ,arrivals,59,58,58,0,39.0,<500
LIPO,departures,11,11,11,0,355.0,<500
LKHK,departures,4,0,0,0,791.0,500-1500
LIPK,departures,10,7,7,0,97.0,<500
LECH,arrivals,15,13,13,0,1182.0,500-1500
LIRA,arrivals,156,148,148,0,427.0,<500
LIQS,arrivals,1,0,0,0,634.0,500-1500
LIPZ,departures,412,408,408,0,7.0,<500
LIPE,departures,380,376,376,0,123.0,<500
LIPE,arrivals,376,371,371,0,123.0,<500
LIPB,departures,26,25,25,0,789.0,500-1500
LIPB,arrivals,27,16,16,0,789.0,500-1500
LIMZ,departures,5,5,5,0,1267.0,500-1500
LIPR,departures,24,23,23,0,40.0,<500
LIPR,arrivals,24,23,23,0,40.0,<500
LIPO,arrivals,18,14,14,0,355.0,<500
LKHK,arrivals,4,0,0,0,791.0,500-1500
LKRO,arrivals,1,0,0,0,732.0,500-1500
LKPR,departures,667,656,656,0,1247.0,500-1500
LKPR,arrivals,657,605,605,0,1247.0,500-1500
LJPZ,arrivals,1,1,1,0,7.0,<500
LJMB,departures,2,1,1,0,876.0,500-1500
LJMB,arrivals,2,1,1,0,876.0,500-1500
LJLJ,departures,90,87,87,0,1273.0,500-1500
LJLJ,arrivals,94,88,88,0,1273.0,500-1500
LKMH,departures,1,0,0,0,800.0,500-1500
LKMH,arrivals,1,0,0,0,800.0,500-1500
LICG,departures,24,11,11,0,628.0,500-1500
LIRS,departures,12,12,12,0,17.0,<500
LIRS,arrivals,11,5,5,0,17.0,<500
LIRQ,departures,202,196,196,0,142.0,<500
LIRP,departures,220,211,211,0,6.0,<500
LKCS,departures,4,4,4,0,1417.0,500-1500
LKCS,arrivals,4,4,4,0,1417.0,500-1500
LJPZ,departures,4,2,2,0,7.0,<500
LIRI,arrivals,42,13,13,0,123.0,<500
LIRF,departures,1449,1442,1442,0,13.0,<500
LICR,departures,33,4,4,0,96.0,<500
LICR,arrivals,34,0,0,0,96.0,<500
LICJ,departures,310,281,281,0,65.0,<500
LKKV,departures,2,2,2,0,1989.0,1500-3000
LTAC,arrivals,374,0,0,0,3125.0,>3000
LSZS,departures,3,3,3,0,5600.0,>3000
LSZS,arrivals,5,0,0,0,5600.0,>3000
LSZR,departures,19,19,19,0,1306.0,500-1500
LSZR,arrivals,19,18,18,0,1306.0,500-1500
LSZH,departures,1178,1163,1163,0,1417.0,500-1500
LSZH,arrivals,1160,1049,1049,0,1417.0,500-1500
LTAL,departures,3,0,0,0,3520.0,>3000
LSZC,departures,3,0,0,0,1475.0,500-1500
LSZC,arrivals,1,0,0,0,1475.0,500-1500
LSZB,departures,20,18,18,0,1671.0,1500-3000
LPMA,departures,159,155,155,0,192.0,<500
LSZA,departures,4,4,4,0,915.0,500-1500
LSZA,arrivals,4,4,4,0,915.0,500-1500
LSTS,departures,2,0,0,0,3304.0,>3000
LTAC,departures,381,0,0,0,3125.0,>3000
LSTS,arrivals,1,0,0,0,3304.0,>3000
LSMP,departures,8,7,7,0,1465.0,500-1500
LSGS,departures,22,21,21,0,1582.0,1500-3000
LSGL,departures,4,0,0,0,2041.0,1500-3000
LSGL,arrivals,4,0,0,0,2041.0,1500-3000
LSGK,departures,2,0,0,0,3307.0,>3000
LSZG,departures,1,1,1,0,1411.0,500-1500
LSGG,departures,680,675,675,0,1411.0,500-1500
LSZB,arrivals,21,19,19,0,1671.0,1500-3000
LTBA,arrivals,52,42,42,0,163.0,<500
LTAZ,departures,29,0,0,0,3100.0,>3000
LTAZ,arrivals,29,0,0,0,3100.0,>3000
LTAY,departures,14,2,2,0,2795.0,1500-3000
LTAY,arrivals,13,0,0,0,2795.0,1500-3000
LTAW,departures,5,0,0,0,1859.0,1500-3000
LTAW,arrivals,5,0,0,0,1859.0,1500-3000
LTAU,departures,70,0,0,0,3463.0,>3000
LTAU,arrivals,73,0,0,0,3463.0,>3000
LTAT,departures,26,0,0,0,2828.0,1500-3000
LTAT,arrivals,24,0,0,0,2828.0,1500-3000
LTAG,arrivals,2,0,0,0,238.0,<500
LTAS,arrivals,4,0,0,0,44.0,<500
LTAR,departures,14,0,0,0,5239.0,>3000
LTAR,arrivals,14,0,0,0,5239.0,>3000
LTAP,departures,4,0,0,0,1758.0,1500-3000
LTAP,arrivals,4,0,0,0,1758.0,1500-3000
LTAN,departures,26,0,0,0,3392.0,>3000
LTAN,arrivals,27,0,0,0,3392.0,>3000
LTAL,arrivals,3,0,0,0,3520.0,>3000
LTAJ,departures,72,0,0,0,2315.0,1500-3000
LTAJ,arrivals,74,0,0,0,2315.0,1500-3000
LTAI,departures,1435,1228,1228,0,177.0,<500
LTAG,departures,2,0,0,0,238.0,<500
LTAS,departures,3,0,0,0,44.0,<500
LRBS,arrivals,21,19,19,0,297.0,<500
LRBM,departures,3,0,0,0,605.0,500-1500
LROP,arrivals,509,485,485,0,314.0,<500
LRAR,departures,1,1,1,0,352.0,<500
LRAR,arrivals,1,0,0,0,352.0,<500
LQTZ,departures,8,6,6,0,784.0,500-1500
LQTZ,arrivals,8,1,1,0,784.0,500-1500
LQSA,departures,93,68,68,0,1708.0,1500-3000
LLHA,arrivals,15,13,13,0,28.0,<500
LLER,departures,22,0,0,0,288.0,<500
LQMO,arrivals,9,0,0,0,156.0,<500
LSGC,departures,2,2,2,0,3368.0,>3000
LPVZ,departures,6,0,0,0,2060.0,1500-3000
LPVZ,arrivals,5,1,1,0,2060.0,1500-3000
LPVR,arrivals,1,1,1,0,1805.0,1500-3000
LRBM,arrivals,4,0,0,0,605.0,500-1500
LRBC,departures,19,19,19,0,607.0,500-1500
LPPS,departures,13,5,5,0,341.0,<500
LPPS,arrivals,13,4,4,0,341.0,<500
LPPR,departures,513,508,508,0,228.0,<500
LPPR,arrivals,512,479,479,0,228.0,<500
LPPM,departures,6,6,6,0,5.0,<500
LPPM,arrivals,5,5,5,0,5.0,<500
LQMO,departures,10,0,0,0,156.0,<500
LQBK,departures,17,17,17,0,400.0,<500
LSGC,arrivals,2,2,2,0,3368.0,>3000
LRTR,departures,59,31,31,0,348.0,<500
LRTM,departures,5,5,5,0,963.0,500-1500
LPPD,departures,153,55,55,0,259.0,<500
LPPD,arrivals,151,87,87,0,259.0,<500
LRSV,departures,21,11,11,0,1375.0,500-1500
LRSV,arrivals,20,0,0,0,1375.0,500-1500
LRSM,departures,2,1,1,0,405.0,<500
LRSM,arrivals,1,0,0,0,405.0,<500
LRSB,departures,22,13,13,0,1496.0,500-1500
LRSB,arrivals,22,3,3,0,1496.0,500-1500
LRBS,departures,26,26,26,0,297.0,<500
LSGK,arrivals,2,0,0,0,3307.0,>3000
LROD,departures,14,3,3,0,465.0,<500
LROD,arrivals,14,0,0,0,465.0,<500
LRIA,departures,71,37,37,0,411.0,<500
LRIA,arrivals,68,0,0,0,411.0,<500
LRCV,departures,22,1,1,0,626.0,500-1500
LRCV,arrivals,21,0,0,0,626.0,500-1500
LRCL,departures,130,88,88,0,1039.0,500-1500
LRCK,departures,3,2,2,0,353.0,<500
LRCK,arrivals,2,0,0,0,353.0,<500
LRBV,departures,11,10,10,0,1740.0,1500-3000
LRBV,arrivals,9,9,9,0,1740.0,1500-3000
LROP,departures,504,491,491,0,314.0,<500
EGPD,departures,137,125,125,0,215.0,<500
EGPD,arrivals,136,122,122,0,215.0,<500
EGPC,departures,2,0,0,0,126.0,<500
EGPC,arrivals,2,0,0,0,126.0,<500
EGPB,departures,38,0,0,0,20.0,<500
EGPB,arrivals,39,0,0,0,20.0,<500
EFVA,departures,13,12,12,0,19.0,<500
EGCC,departures,926,905,905,0,257.0,<500
EGCC,arrivals,924,818,818,0,257.0,<500
EGBP,arrivals,1,0,0,0,433.0,<500
EGBK,departures,1,0,0,0,429.0,<500
GMTT,arrivals,87,86,86,0,62.0,<500
EGBJ,departures,2,2,2,0,101.0,<500
EGBJ,arrivals,2,2,2,0,101.0,<500
EGMD,departures,3,2,2,0,13.0,<500
EGMD,arrivals,2,2,2,0,13.0,<500
EGBB,arrivals,466,418,418,0,327.0,<500
EGAE,departures,15,5,5,0,22.0,<500
EGAE,arrivals,14,3,3,0,22.0,<500
EGAC,departures,123,121,121,0,15.0,<500
EGAC,arrivals,123,120,120,0,15.0,<500
EGAA,departures,239,232,232,0,268.0,<500
EGLF,departures,110,110,110,0,238.0,<500
EGBK,arrivals,1,0,0,0,429.0,<500
EGHI,departures,83,71,71,0,44.0,<500
EGLC,departures,198,197,197,0,19.0,<500
EGLC,arrivals,189,167,167,0,19.0,<500
EGKK,departures,1223,1213,1213,0,202.0,<500
EGKK,arrivals,1220,1103,1103,0,202.0,<500
EGKB,departures,92,81,81,0,598.0,500-1500
EGKB,arrivals,91,0,0,0,598.0,500-1500
EGPE,departures,51,48,48,0,31.0,<500
EGPE,arrivals,49,45,45,0,31.0,<500
EGJB,departures,83,82,82,0,336.0,<500
EGJB,arrivals,74,65,65,0,336.0,<500
EGNT,arrivals,211,178,178,0,266.0,<500
EGJA,arrivals,18,18,18,0,290.0,<500
EGHQ,departures,28,27,27,0,390.0,<500
EGHQ,arrivals,28,27,27,0,390.0,<500
EGPA,departures,29,0,0,0,50.0,<500
EGPA,arrivals,26,0,0,0,50.0,<500
EGPI,departures,8,5,5,0,56.0,<500
EGPI,arrivals,8,1,1,0,56.0,<500
EGPH,departures,577,570,570,0,135.0,<500
EGPH,arrivals,584,541,541,0,135.0,<500
EGPF,departures,344,323,323,0,26.0,<500
EGPF,arrivals,346,300,300,0,26.0,<500
EGNT,departures,211,197,197,0,266.0,<500
EGJA,departures,18,16,16,0,290.0,<500
EFJO,arrivals,6,2,2,0,398.0,<500
EFIV,departures,6,0,0,0,481.0,<500
EFIV,arrivals,6,0,0,0,481.0,<500
EFHK,departures,659,653,653,0,179.0,<500
EGHI,arrivals,86,78,78,0,44.0,<500
EGHH,departures,71,70,70,0,38.0,<500
EGHH,arrivals,72,64,64,0,38.0,<500
EGGW,departures,550,549,549,0,526.0,500-1500
EGGW,arrivals,552,523,523,0,526.0,500-1500
EGGP,departures,208,202,202,0,80.0,<500
EGGP,arrivals,206,189,189,0,80.0,<500
EGLF,arrivals,108,17,17,0,238.0,<500
EGBB,departures,474,468,468,0,327.0,<500
EGGD,arrivals,360,334,334,0,622.0,500-1500
EGFF,departures,48,47,47,0,220.0,<500
EGFE,departures,2,2,2,0,159.0,<500
EGFE,arrivals,1,1,1,0,159.0,<500
EGEO,departures,1,0,0,0,20.0,<500
EGEC,departures,5,0,0,0,42.0,<500
EGEC,arrivals,5,0,0,0,42.0,<500
EDVE,departures,14,14,14,0,295.0,<500
EDVE,arrivals,16,14,14,0,295.0,<500
EDTY,departures,9,9,9,0,1299.0,500-1500
EDTY,arrivals,7,6,6,0,1299.0,500-1500
EGGD,departures,359,354,354,0,622.0,500-1500
EGNL,departures,2,2,2,0,173.0,<500
EGNL,arrivals,2,1,1,0,173.0,<500
EGNJ,departures,16,12,12,0,121.0,<500
EGNJ,arrivals,20,15,15,0,121.0,<500
EGNH,departures,3,3,3,0,34.0,<500
EGNH,arrivals,3,3,3,0,34.0,<500
EGJJ,departures,101,97,97,0,277.0,<500
EGJJ,arrivals,108,106,106,0,277.0,<500
EGMC,departures,35,35,35,0,49.0,<500
EGMC,arrivals,33,33,33,0,49.0,<500
EGLL,departures,2001,1988,1988,0,83.0,<500
EFJO,departures,6,6,6,0,398.0,<500
EGLK,departures,3,3,3,0,325.0,<500
EGLK,arrivals,2,1,1,0,325.0,<500
EFKT,arrivals,4,1,1,0,644.0,500-1500
EFKS,departures,3,0,0,0,866.0,500-1500
EFKS,arrivals,3,0,0,0,866.0,500-1500
EFKK,departures,5,5,5,0,84.0,<500
EFKK,arrivals,4,4,4,0,84.0,<500
EFKI,departures,5,4,4,0,483.0,<500
EFKI,arrivals,5,0,0,0,483.0,<500
EFKE,departures,6,0,0,0,61.0,<500
EFKE,arrivals,4,0,0,0,61.0,<500
EFJY,departures,5,5,5,0,459.0,<500
EGLL,arrivals,1986,1580,1580,0,83.0,<500
EKAH,departures,32,32,32,0,82.0,<500
EKAH,arrivals,33,30,30,0,82.0,<500
EIWT,departures,1,0,0,0,150.0,<500
EHTW,arrivals,1,1,1,0,114.0,<500
EHRD,departures,99,96,96,0,-15.0,<500
EHRD,arrivals,100,98,98,0,-15.0,<500
EINN,departures,91,91,91,0,46.0,<500
EINN,arrivals,86,80,80,0,46.0,<500
EIKY,departures,22,22,22,0,112.0,<500
EIKY,arrivals,21,21,21,0,112.0,<500
EIKN,departures,31,30,30,0,665.0,500-1500
EGHL,departures,1,1,1,0,618.0,500-1500
EGPK,departures,30,30,30,0,65.0,<500
EGPK,arrivals,29,25,25,0,65.0,<500
EGSH,departures,25,25,25,0,118.0,<500
EGSH,arrivals,25,25,25,0,118.0,<500
EGSC,departures,1,1,1,0,47.0,<500
EGSC,arrivals,1,1,1,0,47.0,<500
EGPU,departures,6,0,0,0,38.0,<500
EHKJ,departures,2,0,0,0,,unknown
EHKJ,arrivals,2,0,0,0,,unknown
EHKE,arrivals,1,0,0,0,,unknown
EGPO,departures,22,2,2,0,26.0,<500
EGPO,arrivals,23,0,0,0,26.0,<500
EGPL,arrivals,7,0,0,0,19.0,<500
EKVG,departures,24,0,0,0,280.0,<500
EKVG,arrivals,24,0,0,0,280.0,<500
EKTE,departures,1,0,0,0,,unknown
EKSI,departures,1,0,0,0,,unknown
EKSB,departures,10,10,10,0,24.0,<500
EHBK,departures,25,21,21,0,375.0,<500
EHBK,arrivals,24,18,18,0,375.0,<500
EHAM,departures,2148,2143,2143,0,-11.0,<500
EHGQ,arrivals,1,0,0,0,,unknown
EHGN,departures,1,0,0,0,,unknown
EHGG,departures,10,10,10,0,17.0,<500
EKAR,arrivals,1,0,0,0,,unknown
EHFT,arrivals,1,0,0,0,,unknown
EIWT,arrivals,1,0,0,0,150.0,<500
EIWF,departures,2,1,1,0,119.0,<500
EIWF,arrivals,1,1,1,0,119.0,<500
EHFB,departures,2,0,0,0,,unknown
EHFB,arrivals,3,0,0,0,,unknown
EHEH,departures,191,189,189,0,74.0,<500
EHEH,arrivals,190,187,187,0,74.0,<500
EHDV,arrivals,1,0,0,0,,unknown
EIKN,arrivals,30,30,30,0,665.0,500-1500
EIDW,departures,1185,1163,1163,0,242.0,<500
EKBI,arrivals,154,144,144,0,247.0,<500
EHGG,arrivals,10,10,10,0,17.0,<500
EGNV,arrivals,21,19,19,0,120.0,<500
EGVN,arrivals,5,4,4,0,288.0,<500
EGUB,departures,1,1,1,0,226.0,<500
EGNS,departures,80,71,71,0,52.0,<500
EGNS,arrivals,81,74,74,0,52.0,<500
EGNR,departures,6,4,4,0,45.0,<500
EGNR,arrivals,9,1,1,0,45.0,<500
EGNO,departures,3,3,3,0,55.0,<500
EGNO,arrivals,4,4,4,0,55.0,<500
EGSS,departures,885,880,880,0,348.0,<500
EHAM,arrivals,2136,1875,1875,0,-11.0,<500
EGPN,departures,11,11,11,0,17.0,<500
EGWU,departures,32,0,0,0,124.0,<500
EGWU,arrivals,27,0,0,0,124.0,<500
EGWC,arrivals,1,1,1,0,272.0,<500
EGVN,departures,2,2,2,0,288.0,<500
EGPU,arrivals,6,0,0,0,38.0,<500
EGPR,departures,8,0,0,0,5.0,<500
EGPR,arrivals,7,0,0,0,5.0,<500
EGUB,arrivals,1,1,1,0,226.0,<500
EGTK,departures,19,19,19,0,270.0,<500
EGTF,arrivals,1,0,0,0,80.0,<500
EGTE,departures,36,34,34,0,102.0,<500
EGTE,arrivals,36,32,32,0,102.0,<500
EHAK,departures,1,0,0,0,,unknown
EGPN,arrivals,11,11,11,0,17.0,<500
EGPL,departures,7,0,0,0,19.0,<500
EHJA,departures,6,0,0,0,,unknown
EHJA,arrivals,3,0,0,0,,unknown
EHGQ,departures,2,0,0,0,,unknown
EHLE,departures,1,1,1,0,-13.0,<500
EHLE,arrivals,1,1,1,0,-13.0,<500
EHKV,departures,1,0,0,0,,unknown
EHKV,arrivals,2,0,0,0,,unknown
EHKS,departures,1,0,0,0,,unknown
EHFR,arrivals,1,0,0,0,,unknown
EGNV,departures,22,19,19,0,120.0,<500
EHFD,arrivals,1,0,0,0,,unknown
EHKD,departures,50,49,49,0,3.0,<500
EHKD,arrivals,48,36,36,0,3.0,<500
EHJR,departures,1,0,0,0,125.0,<500
EHJR,arrivals,2,0,0,0,125.0,<500
EHJC,departures,1,0,0,0,,unknown
EGNM,departures,190,177,177,0,681.0,500-1500
EGNM,arrivals,193,169,169,0,681.0,500-1500
EGOV,departures,1,1,1,0,37.0,<500
EGOV,arrivals,1,0,0,0,37.0,<500
EGNX,departures,267,263,263,0,306.0,<500
EGNX,arrivals,255,231,231,0,306.0,<500
EHFD,departures,1,0,0,0,,unknown
UGTB,arrivals,257,46,46,0,1624.0,1500-3000
UGSB,departures,67,58,58,0,105.0,<500
UGSB,arrivals,69,39,39,0,105.0,<500
UMII,departures,1,0,0,0,682.0,500-1500
UMII,arrivals,1,0,0,0,682.0,500-1500
UGKO,departures,49,0,0,0,223.0,<500
UGKO,arrivals,49,0,0,0,223.0,<500
UDYZ,departures,192,0,0,0,2838.0,1500-3000
UDYZ,arrivals,192,0,0,0,2838.0,1500-3000
UDSG,departures,3,0,0,0,5000.0,>3000
UDSG,arrivals,3,0,0,0,5000.0,>3000
EDTM,departures,3,3,3,0,1818.0,1500-3000
ULLI,arrivals,148,1,1,0,78.0,<500
EDDE,departures,16,16,16,0,1036.0,500-1500
EDDE,arrivals,15,14,14,0,1036.0,500-1500
EDDC,departures,45,44,44,0,755.0,500-1500
EDDC,arrivals,45,44,44,0,755.0,500-1500
EDDB,departures,870,850,850,0,157.0,<500
EDDB,arrivals,840,788,788,0,157.0,<500
UGSA,departures,1,0,0,0,1674.0,1500-3000
UGSA,arrivals,1,0,0,0,1674.0,1500-3000
EDBM,departures,1,0,0,0,268.0,<500
EDBM,arrivals,1,0,0,0,268.0,<500
EDBC,departures,1,0,0,0,599.0,500-1500
ULLI,departures,142,0,0,0,78.0,<500
EBKT,arrivals,8,8,8,0,55.0,<500
EBCV,departures,1,1,1,0,194.0,<500
EBCV,arrivals,1,1,1,0,194.0,<500
EBCI,departures,304,303,303,0,614.0,500-1500
EBCI,arrivals,303,296,296,0,614.0,500-1500
EDAQ,arrivals,1,0,0,0,350.0,<500
EDGE,arrivals,1,0,0,0,1112.0,500-1500
EDFZ,departures,1,1,1,0,760.0,500-1500
EDFZ,arrivals,2,1,1,0,760.0,500-1500
EDFM,departures,12,11,11,0,308.0,<500
EDFM,arrivals,11,10,10,0,308.0,<500
UGTB,departures,257,151,151,0,1624.0,1500-3000
EDFH,arrivals,74,68,68,0,1649.0,1500-3000
EBLG,departures,134,133,133,0,659.0,500-1500
EDFE,arrivals,1,0,0,0,384.0,<500
EDDW,departures,88,87,87,0,14.0,<500
EDDW,arrivals,87,87,87,0,14.0,<500
EDDV,departures,213,212,212,0,183.0,<500
EDDV,arrivals,209,202,202,0,183.0,<500
EDDS,departures,440,414,414,0,1276.0,500-1500
EDDS,arrivals,433,408,408,0,1276.0,500-1500
EDGS,arrivals,3,3,3,0,1966.0,1500-3000
ULAA,departures,2,0,0,0,62.0,<500
ULAA,arrivals,3,0,0,0,62.0,<500
EDFH,departures,77,73,73,0,1649.0,1500-3000
USKK,arrivals,1,0,0,0,479.0,<500
URWW,departures,4,0,0,0,482.0,<500
URWW,arrivals,3,0,0,0,482.0,<500
BIVO,departures,2,0,0,0,16.0,<500
URWA,arrivals,1,0,0,0,-65.0,<500
URSS,departures,52,0,0,0,89.0,<500
URSS,arrivals,67,0,0,0,89.0,<500
URMO,departures,3,0,0,0,1673.0,1500-3000
URMO,arrivals,4,0,0,0,1673.0,1500-3000
URMM,departures,30,2,2,0,1054.0,500-1500
URMM,arrivals,29,0,0,0,1054.0,500-1500
EDBC,arrivals,1,0,0,0,599.0,500-1500
BIIS,arrivals,7,0,0,0,8.0,<500
BIHN,departures,3,0,0,0,24.0,<500
BIHN,arrivals,3,0,0,0,24.0,<500
BIGJ,departures,1,0,0,0,83.0,<500
BIGJ,arrivals,1,0,0,0,83.0,<500
BIEG,departures,8,0,0,0,76.0,<500
BIEG,arrivals,8,0,0,0,76.0,<500
BIBD,departures,3,1,1,0,18.0,<500
BIBD,arrivals,3,0,0,0,18.0,<500
BIAR,departures,21,0,0,0,6.0,<500
BIAR,arrivals,21,0,0,0,6.0,<500
UWSG,departures,4,1,1,0,103.0,<500
BIIS,departures,7,0,0,0,8.0,<500
EDAZ,departures,4,0,0,0,152.0,<500
EDAZ,arrivals,4,0,0,0,152.0,<500
EDAY,departures,1,0,0,0,262.0,<500
EDDF,departures,2094,2080,2080,0,364.0,<500
ULWC,departures,1,0,0,0,377.0,<500
UWSG,arrivals,4,1,1,0,103.0,<500
UWPS,departures,1,0,0,0,676.0,500-1500
UWPS,arrivals,1,0,0,0,676.0,500-1500
UWKD,departures,38,1,1,0,411.0,<500
UWKD,arrivals,40,0,0,0,411.0,<500
UWGG,departures,15,0,0,0,256.0,<500
USKK,departures,1,0,0,0,479.0,<500
UUWW,departures,216,5,5,0,685.0,500-1500
UUWW,arrivals,227,4,4,0,685.0,500-1500
UUEE,departures,212,59,59,0,622.0,500-1500
UUEE,arrivals,214,1,1,0,622.0,500-1500
UUDD,departures,89,7,7,0,588.0,500-1500
UUDD,arrivals,75,0,0,0,588.0,500-1500
UUBW,departures,7,0,0,0,377.0,<500
UUBW,arrivals,9,0,0,0,377.0,<500
UUBI,departures,1,0,0,0,410.0,<500
UUBI,arrivals,1,0,0,0,410.0,<500
UUBC,departures,1,0,0,0,656.0,500-1500
UUBC,arrivals,1,0,0,0,656.0,500-1500
UWGG,arrivals,13,0,0,0,256.0,<500
EFKU,arrivals,13,13,13,0,323.0,<500
EFKT,departures,4,1,1,0,644.0,500-1500
EDLW,departures,87,82,82,0,425.0,<500
EDLW,arrivals,87,82,82,0,425.0,<500
EDLV,departures,68,68,68,0,106.0,<500
EDLV,arrivals,69,69,69,0,106.0,<500
EDLP,departures,35,32,32,0,699.0,500-1500
EDLP,arrivals,39,35,35,0,699.0,500-1500
EDLN,departures,8,5,5,0,125.0,<500
EDLN,arrivals,2,0,0,0,125.0,<500
EDLE,arrivals,1,0,0,0,424.0,<500
EBKT,departures,17,17,17,0,55.0,<500
EDJA,arrivals,104,101,101,0,2077.0,1500-3000
EDHL,departures,6,6,6,0,53.0,<500
EDHL,arrivals,6,6,6,0,53.0,<500
EDHI,departures,8,0,0,0,23.0,<500
EDHI,arrivals,7,0,0,0,23.0,<500
EDGS,departures,3,3,3,0,1966.0,1500-3000
EFHK,arrivals,666,576,576,0,179.0,<500
EETU,departures,5,4,4,0,220.0,<500
EETU,arrivals,4,2,2,0,220.0,<500
EETN,departures,159,148,148,0,131.0,<500
EETN,arrivals,162,142,142,0,131.0,<500
EEKE,departures,5,5,5,0,14.0,<500
EDJA,departures,102,99,99,0,2077.0,1500-3000
EDTM,arrivals,3,3,3,0,1818.0,1500-3000
EDTL,departures,7,7,7,0,511.0,500-1500
EDTL,arrivals,7,5,5,0,511.0,500-1500
EDTF,departures,1,0,0,0,801.0,500-1500
EDTF,arrivals,1,0,0,0,801.0,500-1500
EDTD,departures,1,1,1,0,2231.0,1500-3000
EDTD,arrivals,1,1,1,0,2231.0,1500-3000
EDSB,departures,81,76,76,0,408.0,<500
EDSB,arrivals,85,77,77,0,408.0,<500
EDRZ,departures,1,0,0,0,1132.0,500-1500
EDRZ,arrivals,4,0,0,0,1132.0,500-1500
EFKU,departures,14,14,14,0,323.0,<500
EFTU,departures,19,17,17,0,161.0,<500
EFTU,arrivals,18,10,10,0,161.0,<500
EFTP,departures,8,5,5,0,390.0,<500
EFTP,arrivals,6,5,5,0,390.0,<500
EFRO,departures,17,0,0,0,642.0,500-1500
EFRO,arrivals,17,0,0,0,642.0,500-1500
EFOU,departures,25,1,1,0,47.0,<500
EFOU,arrivals,25,0,0,0,47.0,<500
EFMA,departures,8,2,2,0,17.0,<500
EFMA,arrivals,8,2,2,0,17.0,<500
EFLP,departures,1,0,0,0,349.0,<500
EFLP,arrivals,1,0,0,0,349.0,<500
EFVA,arrivals,12,0,0,0,19.0,<500
EDRY,arrivals,6,0,0,0,312.0,<500
EDQM,departures,1,1,1,0,1959.0,1500-3000
EDQM,arrivals,1,1,1,0,1959.0,1500-3000
EDQG,departures,4,0,0,0,981.0,500-1500
EDQG,arrivals,4,0,0,0,981.0,500-1500
EDNY,departures,15,12,12,0,1367.0,500-1500
EDNY,arrivals,15,12,12,0,1367.0,500-1500
EDDL,departures,758,745,745,0,147.0,<500
EDMV,departures,1,0,0,0,991.0,500-1500
EDMV,arrivals,1,0,0,0,991.0,500-1500
EDMS,departures,1,0,0,0,1047.0,500-1500
EEKE,arrivals,5,5,5,0,14.0,<500
EDMO,departures,31,27,27,0,1947.0,1500-3000
EDMA,departures,13,13,13,0,1516.0,1500-3000
EDMA,arrivals,11,10,10,0,1516.0,1500-3000
EDRY,departures,7,0,0,0,312.0,<500
EDAH,departures,5,3,3,0,94.0,<500
EDAH,arrivals,5,3,3,0,94.0,<500
EBSP,departures,1,0,0,0,1581.0,1500-3000
EBOS,departures,18,16,16,0,13.0,<500
EBOS,arrivals,17,15,15,0,13.0,<500
EBMB,departures,1,0,0,0,184.0,<500
EBMB,arrivals,2,0,0,0,184.0,<500
EDBR,arrivals,1,1,1,0,515.0,500-1500
EDMS,arrivals,2,0,0,0,1047.0,500-1500
EEKA,departures,5,0,0,0,18.0,<500
EEKA,arrivals,5,0,0,0,18.0,<500
EDXW,departures,22,19,19,0,51.0,<500
EDXW,arrivals,22,19,19,0,51.0,<500
EDXQ,departures,2,0,0,0,98.0,<500
EDXQ,arrivals,1,0,0,0,98.0,<500
EDWF,departures,1,0,0,0,3.0,<500
EDVK,departures,6,4,4,0,820.0,500-1500
EDVK,arrivals,6,4,4,0,820.0,500-1500
EDDR,arrivals,22,16,16,0,1058.0,500-1500
EDDP,departures,256,255,255,0,465.0,<500
EDDR,departures,23,17,17,0,1058.0,500-1500
EDDN,departures,201,196,196,0,1046.0,500-1500
EDDN,arrivals,199,191,191,0,1046.0,500-1500
EDDM,departures,1573,1561,1561,0,1487.0,500-1500
EDDM,arrivals,1571,1467,1467,0,1487.0,500-1500
EDFE,departures,1,0,0,0,384.0,<500
EDDL,arrivals,751,715,715,0,147.0,<500
EDDK,departures,515,500,500,0,302.0,<500
EDDK,arrivals,509,474,474,0,302.0,<500
EDDH,departures,538,528,528,0,53.0,<500
EDDH,arrivals,532,506,506,0,53.0,<500
EDDG,departures,60,60,60,0,160.0,<500
EDDG,arrivals,56,54,54,0,160.0,<500
EDDP,arrivals,261,235,235,0,465.0,<500
ESKM,departures,6,0,0,0,634.0,500-1500
ESSA,departures,820,767,767,0,137.0,<500
ESSA,arrivals,841,721,721,0,137.0,<500
ESPA,departures,38,16,16,0,65.0,<500
ESGJ,departures,4,1,1,0,741.0,500-1500
ESGJ,arrivals,4,0,0,0,741.0,500-1500
ESGG,departures,216,214,214,0,506.0,500-1500
ESGG,arrivals,214,207,207,0,506.0,500-1500
ESDF,departures,5,5,5,0,191.0,<500
ESOH,departures,4,0,0,0,474.0,<500
ESOH,arrivals,4,0,0,0,474.0,<500
EKHA,arrivals,3,0,0,0,,unknown
ESSP,arrivals,4,3,3,0,32.0,<500
ESSL,departures,7,6,6,0,172.0,<500
ESSL,arrivals,6,6,6,0,172.0,<500
ESSB,departures,44,38,38,0,47.0,<500
ESSB,arrivals,37,32,32,0,47.0,<500
ESNV,departures,4,0,0,0,1140.0,500-1500
ESNV,arrivals,4,0,0,0,1140.0,500-1500
ESNU,departures,28,8,8,0,24.0,<500
ESPA,arrivals,35,0,0,0,65.0,<500
ESOW,departures,3,3,3,0,21.0,<500
ESOW,arrivals,3,3,3,0,21.0,<500
ESOE,departures,6,6,6,0,188.0,<500
ESNU,arrivals,26,0,0,0,24.0,<500
ESNS,departures,12,12,12,0,157.0,<500
ESNQ,departures,7,6,6,0,1508.0,1500-3000
EYKA,arrivals,50,11,11,0,256.0,<500
EVRA,departures,273,269,269,0,36.0,<500
EVRA,arrivals,278,226,226,0,36.0,<500
GCLA,arrivals,84,12,12,0,107.0,<500
GCHI,departures,22,0,0,0,103.0,<500
GCHI,arrivals,22,0,0,0,103.0,<500
GCGM,departures,12,0,0,0,716.0,500-1500
GCGM,arrivals,12,0,0,0,716.0,500-1500
ESKN,arrivals,9,6,6,0,140.0,<500
ESUT,arrivals,3,0,0,0,1503.0,1500-3000
ESUP,departures,3,0,0,0,542.0,500-1500
EYVI,arrivals,189,127,127,0,648.0,500-1500
EYSA,departures,1,1,1,0,443.0,<500
EYPA,departures,18,16,16,0,33.0,<500
EYPA,arrivals,17,4,4,0,33.0,<500
EYKA,departures,54,50,50,0,256.0,<500
EPZG,departures,4,3,3,0,194.0,<500
EPZG,arrivals,3,3,3,0,194.0,<500
ESMQ,arrivals,3,3,3,0,17.0,<500
ESMK,departures,1,1,1,0,76.0,<500
ESKN,departures,9,7,7,0,140.0,<500
ESUT,departures,2,0,0,0,1503.0,1500-3000
ESKM,arrivals,6,3,3,0,634.0,500-1500
ESGT,departures,5,2,2,0,137.0,<500
ESGT,arrivals,4,1,1,0,137.0,<500
ESND,arrivals,4,0,0,0,1178.0,500-1500
ESMX,departures,8,6,6,0,610.0,500-1500
ESMX,arrivals,8,4,4,0,610.0,500-1500
ESMT,departures,4,3,3,0,101.0,<500
ESMT,arrivals,3,2,2,0,101.0,<500
ENUN,arrivals,1,0,0,0,213.0,<500
ENUK,departures,1,0,0,0,111.0,<500
ENUK,arrivals,1,0,0,0,111.0,<500
ESOK,departures,4,1,1,0,352.0,<500
ENWI,departures,1,0,0,0,,unknown
ENWE,departures,1,0,0,0,,unknown
ENWE,arrivals,2,0,0,0,,unknown
ENWA,departures,2,0,0,0,140.0,<500
EPWA,arrivals,880,751,751,0,362.0,<500
EPSY,departures,8,7,7,0,463.0,<500
EPSY,arrivals,5,2,2,0,463.0,<500
ENVA,departures,217,192,192,0,56.0,<500
ENVA,arrivals,219,199,199,0,56.0,<500
ENUS,departures,1,0,0,0,,unknown
ENUS,arrivals,1,0,0,0,,unknown
ENUN,departures,1,0,0,0,213.0,<500
ENWK,arrivals,1,0,0,0,,unknown
ESOK,arrivals,4,1,1,0,352.0,<500
EPGD,departures,248,17,17,0,489.0,<500
EPGD,arrivals,244,1,1,0,489.0,<500
EPCD,departures,1,0,0,0,712.0,500-1500
EPPO,departures,161,154,154,0,308.0,<500
EPPO,arrivals,154,145,145,0,308.0,<500
EPNT,arrivals,1,0,0,0,2060.0,1500-3000
EPMO,departures,42,42,42,0,341.0,<500
EPMO,arrivals,40,29,29,0,341.0,<500
ESNG,departures,5,0,0,0,1027.0,500-1500
ESNG,arrivals,5,0,0,0,1027.0,500-1500
ESNK,arrivals,6,0,0,0,34.0,<500
EPLB,arrivals,16,15,15,0,633.0,500-1500
EPKT,departures,259,249,249,0,995.0,500-1500
EPKT,arrivals,257,239,239,0,995.0,500-1500
EPKK,departures,360,346,346,0,791.0,500-1500
EPKK,arrivals,356,332,332,0,791.0,500-1500
ESMS,departures,41,38,38,0,236.0,<500
ESMS,arrivals,42,36,36,0,236.0,<500
ESMQ,departures,4,4,4,0,17.0,<500
ESNN,arrivals,2,1,1,0,16.0,<500
ESNL,departures,6,0,0,0,705.0,500-1500
ESNL,arrivals,6,0,0,0,705.0,500-1500
ESNK,departures,6,0,0,0,34.0,<500
ESND,departures,4,0,0,0,1178.0,500-1500
LDOS,departures,8,3,3,0,290.0,<500
LDOS,arrivals,8,4,4,0,290.0,<500
LDLO,departures,3,0,0,0,151.0,<500
LDLO,arrivals,4,0,0,0,151.0,<500
GCRR,arrivals,269,0,0,0,46.0,<500
GCLP,departures,520,0,0,0,78.0,<500
GCLP,arrivals,521,0,0,0,78.0,<500
GCLA,departures,85,40,40,0,107.0,<500
GMAZ,arrivals,1,0,0,0,2414.0,1500-3000
GMAT,departures,2,0,0,0,653.0,500-1500
GMAT,arrivals,2,0,0,0,653.0,500-1500
EYVI,departures,186,176,176,0,648.0,500-1500
HESX,arrivals,15,4,4,0,510.0,500-1500
HESH,departures,159,0,0,0,191.0,<500
HESH,arrivals,161,0,0,0,191.0,<500
HEMM,departures,6,0,0,0,75.0,<500
GCTS,departures,321,0,0,0,209.0,<500
GCTS,arrivals,323,0,0,0,209.0,<500
GCRR,departures,269,0,0,0,46.0,<500
HEBA,departures,7,6,6,0,171.0,<500
HEBA,arrivals,6,5,5,0,171.0,<500
HEAL,departures,6,1,1,0,154.0,<500
HLLM,arrivals,20,1,1,0,36.0,<500
HLLB,departures,12,0,0,0,433.0,<500
GMAD,departures,92,0,0,0,250.0,<500
LEBZ,departures,8,7,7,0,609.0,500-1500
LEBZ,arrivals,7,7,7,0,609.0,500-1500
GMMN,departures,360,282,282,0,656.0,500-1500
GMMN,arrivals,357,258,258,0,656.0,500-1500
GMML,departures,11,0,0,0,207.0,<500
HEAL,arrivals,6,2,2,0,154.0,<500
GMTT,departures,88,87,87,0,62.0,<500
GMTN,departures,19,18,18,0,10.0,<500
LDRG,departures,2,0,0,0,951.0,500-1500
LDRG,arrivals,1,0,0,0,951.0,500-1500
LDPL,departures,49,44,44,0,274.0,<500
LBPD,departures,9,4,4,0,597.0,500-1500
GMMZ,arrivals,5,0,0,0,3782.0,>3000
GMMX,departures,278,66,66,0,1545.0,1500-3000
GMMW,departures,39,37,37,0,574.0,500-1500
LDDU,departures,177,0,0,0,527.0,500-1500
LDDU,arrivals,180,0,0,0,527.0,500-1500
LCRA,departures,1,1,1,0,76.0,<500
LCPH,departures,105,84,84,0,41.0,<500
LDSB,departures,9,0,0,0,1776.0,1500-3000
LDSB,arrivals,10,0,0,0,1776.0,1500-3000
LDRI,departures,21,18,18,0,278.0,<500
LDRI,arrivals,21,18,18,0,278.0,<500
LBSF,departures,272,153,153,0,1742.0,1500-3000
LDPL,arrivals,55,49,49,0,274.0,<500
GMFF,departures,52,45,45,0,1900.0,1500-3000
GMFF,arrivals,52,0,0,0,1900.0,1500-3000
GMAZ,departures,1,0,0,0,2414.0,1500-3000
GMML,arrivals,11,0,0,0,207.0,<500
GMMI,departures,9,0,0,0,384.0,<500
GMMI,arrivals,9,0,0,0,384.0,<500
GMME,departures,64,40,40,0,276.0,<500
GMAD,arrivals,91,0,0,0,250.0,<500
GEML,departures,44,44,44,0,156.0,<500
GEML,arrivals,44,43,43,0,156.0,<500
GCXO,departures,319,305,305,0,2076.0,1500-3000
HLLB,arrivals,12,0,0,0,433.0,<500
GMFO,departures,34,32,32,0,1535.0,1500-3000
GMFK,departures,9,0,0,0,3428.0,>3000
ESNO,departures,3,1,1,0,354.0,<500
ESNO,arrivals,3,0,0,0,354.0,<500
ESNN,departures,3,3,3,0,16.0,<500
ESOE,arrivals,6,6,6,0,188.0,<500
ESNZ,departures,10,8,8,0,1233.0,500-1500
ESNZ,arrivals,9,7,7,0,1233.0,500-1500
ESNX,departures,5,0,0,0,1245.0,500-1500
ESNX,arrivals,4,0,0,0,1245.0,500-1500
GCFV,departures,212,0,0,0,85.0,<500
GCFV,arrivals,211,0,0,0,85.0,<500
GMMB,arrivals,3,0,0,0,627.0,500-1500
HESX,departures,15,4,4,0,510.0,500-1500
GMTN,arrivals,20,19,19,0,10.0,<500
GMTA,departures,3,3,3,0,95.0,<500
GMTA,arrivals,3,3,3,0,95.0,<500
GMMZ,departures,5,0,0,0,3782.0,>3000
HEMM,arrivals,5,0,0,0,75.0,<500
HEGN,departures,257,0,0,0,32.0,<500
HEGN,arrivals,258,0,0,0,32.0,<500
HECA,departures,244,30,30,0,322.0,<500
ESST,departures,2,2,2,0,393.0,<500
ESST,arrivals,2,1,1,0,393.0,<500
GMFK,arrivals,9,0,0,0,3428.0,>3000
ETSI,departures,14,13,13,0,1202.0,500-1500
ETSI,arrivals,12,9,9,0,1202.0,500-1500
ETND,departures,2,2,2,0,128.0,<500
ETND,arrivals,2,2,2,0,128.0,<500
ETAR,departures,3,3,3,0,776.0,500-1500
GMMD,departures,2,0,0,0,1694.0,1500-3000
GMMD,arrivals,2,0,0,0,1694.0,1500-3000
GMMB,departures,3,0,0,0,627.0,500-1500
ESUP,arrivals,3,0,0,0,542.0,500-1500
ESTA,departures,9,7,7,0,68.0,<500
ESTA,arrivals,8,4,4,0,68.0,<500
ESSV,departures,23,20,20,0,164.0,<500
ESSP,departures,4,4,4,0,32.0,<500
ENNA,departures,9,0,0,0,25.0,<500
ENNA,arrivals,8,0,0,0,25.0,<500
ENMS,departures,9,0,0,0,237.0,<500
ENQA,departures,3,0,0,0,,unknown
ENQA,arrivals,3,0,0,0,,unknown
ENOV,departures,23,3,3,0,243.0,<500
ENOV,arrivals,22,0,0,0,243.0,<500
ENOL,departures,3,1,1,0,28.0,<500
ENLE,departures,5,0,0,0,,unknown
ENLE,arrivals,6,0,0,0,,unknown
ENLA,departures,1,0,0,0,,unknown
EPRA,arrivals,3,3,3,0,610.0,500-1500
ENNM,departures,7,0,0,0,7.0,<500
ENNM,arrivals,6,0,0,0,7.0,<500
ENNE,departures,2,0,0,0,,unknown
ENNE,arrivals,2,0,0,0,,unknown
EKCH,departures,1140,1132,1132,0,17.0,<500
EKCH,arrivals,1152,1046,1046,0,17.0,<500
EKBI,departures,152,151,151,0,247.0,<500
EKRK,departures,12,12,12,0,146.0,<500
EKRK,arrivals,9,9,9,0,146.0,<500
EKOD,departures,7,7,7,0,56.0,<500
EKOD,arrivals,10,10,10,0,56.0,<500
EKHB,departures,1,0,0,0,,unknown
ENOA,arrivals,5,0,0,0,,unknown
ENRM,arrivals,6,3,3,0,14.0,<500
ENRK,departures,1,0,0,0,400.0,<500
ENQJ,arrivals,2,0,0,0,,unknown
ENQG,departures,1,0,0,0,,unknown
ENQG,arrivals,4,0,0,0,,unknown
ENQV,departures,2,0,0,0,,unknown
ENQV,arrivals,2,0,0,0,,unknown
ENQS,departures,2,0,0,0,,unknown
ENQS,arrivals,4,0,0,0,,unknown
ENQR,departures,1,0,0,0,,unknown
ENBE,departures,1,0,0,0,,unknown
ENBL,arrivals,11,0,0,0,1046.0,500-1500
ENAT,arrivals,24,0,0,0,9.0,<500
ENDU,arrivals,5,0,0,0,252.0,<500
ENDR,departures,1,0,0,0,377.0,<500
ENDR,arrivals,1,0,0,0,377.0,<500
ENCN,departures,48,48,48,0,57.0,<500
ENOC,departures,3,0,0,0,,unknown
ENOC,arrivals,3,0,0,0,,unknown
ENOA,departures,3,0,0,0,,unknown
ENBO,arrivals,133,116,116,0,42.0,<500
ENBN,departures,27,5,5,0,25.0,<500
ENBN,arrivals,26,0,0,0,25.0,<500
ENBL,departures,12,0,0,0,1046.0,500-1500
ENAT,departures,24,0,0,0,9.0,<500
EHLI,arrivals,1,0,0,0,,unknown
EIDL,departures,7,7,7,0,30.0,<500
EIDL,arrivals,7,7,7,0,30.0,<500
EICK,departures,119,118,118,0,502.0,500-1500
EICK,arrivals,120,115,115,0,502.0,500-1500
EHTW,departures,1,1,1,0,114.0,<500
ELLX,arrivals,294,271,271,0,1234.0,500-1500
EKYT,departures,75,73,73,0,10.0,<500
EKYT,arrivals,71,69,69,0,10.0,<500
EHQM,departures,1,0,0,0,,unknown
EHPK,departures,2,0,0,0,,unknown
ENGC,departures,4,0,0,0,,unknown
EHPG,departures,1,0,0,0,,unknown
EHPG,arrivals,2,0,0,0,,unknown
EKSB,arrivals,12,12,12,0,24.0,<500
EKRN,departures,16,16,16,0,52.0,<500
EKRN,arrivals,15,14,14,0,52.0,<500
ENAN,departures,11,0,0,0,43.0,<500
ENAN,arrivals,9,0,0,0,43.0,<500
ENAL,departures,46,1,1,0,69.0,<500
ENAL,arrivals,48,1,1,0,69.0,<500
ELLX,departures,294,291,291,0,1234.0,500-1500
EKHB,arrivals,2,0,0,0,,unknown
EKHA,departures,3,0,0,0,,unknown
EHPK,arrivals,1,0,0,0,,unknown
ENGC,arrivals,4,0,0,0,,unknown
ENGA,departures,2,0,0,0,,unknown
EKGC,departures,1,0,0,0,,unknown
EKEB,departures,16,13,13,0,97.0,<500
EKEB,arrivals,15,12,12,0,97.0,<500
EKDF,departures,4,0,0,0,,unknown
EKDF,arrivals,5,0,0,0,,unknown
ENEV,departures,42,0,0,0,84.0,<500
ENEV,arrivals,42,0,0,0,84.0,<500
ENDU,departures,6,2,2,0,252.0,<500
ENHE,arrivals,5,0,0,0,,unknown
EHLL,arrivals,4,0,0,0,,unknown
ENHD,arrivals,29,23,23,0,86.0,<500
ENGM,departures,932,919,919,0,681.0,500-1500
ENGM,arrivals,940,889,889,0,681.0,500-1500
ENBR,departures,349,343,343,0,170.0,<500
ENBR,arrivals,357,339,339,0,170.0,<500
ENBO,departures,134,129,129,0,42.0,<500
ENGA,arrivals,1,0,0,0,,unknown
ENFL,departures,24,15,15,0,37.0,<500
ENFL,arrivals,24,0,0,0,37.0,<500
ENFB,departures,5,0,0,0,,unknown
ENFB,arrivals,3,0,0,0,,unknown
EHLL,departures,2,0,0,0,,unknown
ENHD,departures,31,27,27,0,86.0,<500
ENSF,arrivals,1,0,0,0,,unknown
ENSE,departures,3,0,0,0,,unknown
ENSE,arrivals,2,0,0,0,,unknown
ENSD,departures,12,0,0,0,196.0,<500
ENSD,arrivals,11,0,0,0,196.0,<500
ENWS,departures,3,0,0,0,,unknown
ENWS,arrivals,3,0,0,0,,unknown
ENWK,departures,1,0,0,0,,unknown
EPBY,departures,16,15,15,0,235.0,<500
EPBY,arrivals,15,9,9,0,235.0,<500
EPBC,departures,1,0,0,0,352.0,<500
ENRM,departures,6,5,5,0,14.0,<500
ENZV,arrivals,236,67,67,0,29.0,<500
ENWA,arrivals,2,0,0,0,140.0,<500
ENVD,departures,19,0,0,0,127.0,<500
ENVD,arrivals,15,0,0,0,127.0,<500
ENXO,arrivals,4,0,0,0,,unknown
ENWY,departures,3,0,0,0,197.0,<500
ENWY,arrivals,3,0,0,0,197.0,<500
ENWV,departures,3,0,0,0,,unknown
ENWV,arrivals,3,0,0,0,,unknown
ENQC,arrivals,1,0,0,0,,unknown
ENQB,departures,1,0,0,0,,unknown
ENQB,arrivals,1,0,0,0,,unknown
ENZV,departures,236,148,148,0,29.0,<500
EPPW,departures,1,0,0,0,371.0,<500
EPPW,arrivals,1,0,0,0,371.0,<500
EPWR,departures,193,186,186,0,404.0,<500
EPWR,arrivals,194,187,187,0,404.0,<500
EPWK,departures,1,0,0,0,220.0,<500
EPWK,arrivals,1,0,0,0,220.0,<500
EPWA,departures,875,868,868,0,362.0,<500
EPLL,departures,17,17,17,0,604.0,500-1500
EPLL,arrivals,16,15,15,0,604.0,500-1500
EPLB,departures,16,15,15,0,633.0,500-1500
EPSC,departures,22,21,21,0,154.0,<500
ENXO,departures,3,0,0,0,,unknown
EPRZ,arrivals,58,52,52,0,693.0,500-1500
EPRA,departures,4,4,4,0,610.0,500-1500
ENRY,departures,1,1,1,0,174.0,<500
ENRS,departures,5,0,0,0,7.0,<500
ENRS,arrivals,5,0,0,0,7.0,<500
ENSL,arrivals,3,0,0,0,,unknown
ENSK,departures,19,0,0,0,11.0,<500
ENSK,arrivals,19,0,0,0,11.0,<500
ENSH,departures,14,0,0,0,27.0,<500
ENSH,arrivals,16,0,0,0,27.0,<500
ENXW,departures,2,0,0,0,,unknown
ENXW,arrivals,2,0,0,0,,unknown
EPRZ,departures,60,54,54,0,693.0,500-1500
ENST,arrivals,11,0,0,0,56.0,<500
ENSR,departures,4,0,0,0,16.0,<500
ENSR,arrivals,4,0,0,0,16.0,<500
ENJS,departures,8,0,0,0,,unknown
ENJS,arrivals,7,0,0,0,,unknown
ENHE,departures,5,0,0,0,,unknown
ENMS,arrivals,9,0,0,0,237.0,<500
ENML,departures,17,4,4,0,10.0,<500
ENML,arrivals,15,0,0,0,10.0,<500
ENLK,departures,23,0,0,0,78.0,<500
ENLK,arrivals,22,0,0,0,78.0,<500
ENQM,departures,1,0,0,0,,unknown
ENRA,departures,15,7,7,0,229.0,<500
ENRA,arrivals,14,0,0,0,229.0,<500
ENLA,arrivals,1,0,0,0,,unknown
ENKR,departures,23,0,0,0,283.0,<500
ENKR,arrivals,23,0,0,0,283.0,<500
ENKB,departures,46,4,4,0,204.0,<500
ENKB,arrivals,44,0,0,0,204.0,<500
ENQR,arrivals,2,0,0,0,,unknown
ENQO,departures,3,0,0,0,170.0,<500
ENQO,arrivals,2,0,0,0,170.0,<500
ENRO,departures,4,4,4,0,2054.0,1500-3000
ENRO,arrivals,3,0,0,0,2054.0,1500-3000
ENRK,arrivals,1,0,0,0,400.0,<500
ENQM,arrivals,1,0,0,0,,unknown
ENQL,departures,1,0,0,0,,unknown
ENQK,departures,1,0,0,0,,unknown
ENQJ,departures,2,0,0,0,,unknown
ENTO,departures,71,65,65,0,286.0,<500
ENTO,arrivals,72,67,67,0,286.0,<500
ENTC,departures,138,17,17,0,31.0,<500
ENQE,departures,2,0,0,0,180.0,<500
ENQE,arrivals,2,0,0,0,180.0,<500
ENQD,departures,2,0,0,0,,unknown
ENQD,arrivals,2,0,0,0,,unknown
ENST,departures,12,3,3,0,56.0,<500
ENSO,departures,6,6,6,0,160.0,<500
ENSO,arrivals,6,6,6,0,160.0,<500
ENSL,departures,3,0,0,0,,unknown
ENUE,departures,1,0,0,0,90.0,<500
ENUD,departures,1,0,0,0,100.0,<500
ENUD,arrivals,2,0,0,0,100.0,<500
ENUA,departures,2,0,0,0,147.0,<500
ENUA,arrivals,2,0,0,0,147.0,<500
ENSG,departures,21,0,0,0,1633.0,1500-3000
ENSG,arrivals,21,0,0,0,1633.0,1500-3000
ENSF,departures,1,0,0,0,,unknown
ENTC,arrivals,143,0,0,0,31.0,<500
ENQC,departures,2,0,0,0,,unknown
LSMP,arrivals,8,6,5,-1,1465.0,500-1500
LSGG,arrivals,670,637,636,-1,1411.0,500-1500
LIRP,arrivals,228,220,219,-1,6.0,<500
LIPX,arrivals,142,137,136,-1,239.0,<500
LIPZ,arrivals,409,386,385,-1,7.0,<500
LIRF,arrivals,1433,1255,1254,-1,13.0,<500
LIMC,arrivals,967,852,851,-1,768.0,500-1500
LICC,arrivals,391,352,351,-1,39.0,<500
LFRK,arrivals,22,20,19,-1,256.0,<500
LFPB,arrivals,225,217,216,-1,218.0,<500
LEMD,arrivals,1786,1534,1533,-1,1998.0,1500-3000
LEST,arrivals,106,90,89,-1,1213.0,500-1500
GMME,arrivals,63,26,25,-1,276.0,<500
EGTK,arrivals,16,15,14,-1,270.0,<500
EGAA,arrivals,246,191,190,-1,268.0,<500
EGFF,arrivals,49,44,43,-1,220.0,<500
EDDF,arrivals,2091,1770,1769,-1,364.0,<500
EDMO,arrivals,22,19,16,-3,1947.0,1500-3000
