adep_accuracy,adep_correct,adep_coverage,adep_gt_ooa_share,adep_inarea_accuracy,adep_inarea_coverage,adep_ooa_precision,adep_ooa_recall,adep_overall,adep_pred_ooa_share,adep_score,adep_wrong,ades_accuracy,ades_correct,ades_coverage,ades_gt_ooa_share,ades_inarea_accuracy,ades_inarea_coverage,ades_ooa_precision,ades_ooa_recall,ades_overall,ades_pred_ooa_share,ades_score,ades_wrong,datum,fl_cap,k,legacy,margin,n_ground_truth,penalty_nm,radius_nm,stage,stage2_role
0.979015428134336,67835,0.7284683964842928,0.08297237057908238,0.9800338067237817,0.7935545262771714,0.0,0.0,0.7131817990664031,0.0,64927.0,1454,0.9498597158113856,62970,0.696980529038227,0.08372934101518147,0.9502754093412812,0.7603382595924362,0.0,0.0,0.6620337272383195,0.0,56322.0,3324,field,6100,2.0,True,4,95116,0.0,30.0,0,
0.9956230271079436,61189,0.6461373480802388,0.08297237057908238,0.9966446779053669,0.7038773732000367,0.0,0.0,0.6433092224231465,0.0,60651.0,269,0.988541323674679,60044,0.6385886706758064,0.08372934101518147,0.9889157896470511,0.6966793647879567,0.0,0.0,0.6312712897935153,0.0,58652.0,696,field,2000,2.0,,0,95116,10.0,5.0,1,
0.9930850891146966,61180,0.6476933428655537,0.08297237057908238,0.9941339919728311,0.7055512244336422,0.0,0.0,0.643214601118634,0.0,60328.0,426,0.9863212335057276,61218,0.6525400563522435,0.08372934101518147,0.9867663888844114,0.711848265100055,0.0,0.0,0.6436141132932419,0.0,59520.0,849,field,2000,2.0,,0,95116,10.0,10.0,1,
0.9915239129377826,61180,0.6487131502586315,0.08297237057908238,0.9925856222723364,0.7066518389434101,0.0,0.0,0.643214601118634,0.0,60134.0,523,0.9841132014793376,61202,0.6538332141805795,0.08372934101518147,0.9845881595881596,0.7132366440242335,0.0,0.0,0.6434458976407754,0.0,59226.0,988,field,2000,2.0,,0,95116,10.0,15.0,1,
0.9889600103449391,61183,0.6504268472181336,0.08297237057908238,0.9900482216252953,0.7084976611941668,0.0,0.0,0.6432461415534716,0.0,59817.0,683,0.9825670990111725,61210,0.6549476428781699,0.08372934101518147,0.9830720801747398,0.7144299614466679,0.0,0.0,0.6435300054670087,0.0,59038.0,1086,field,2000,2.0,,0,95116,10.0,20.0,1,
0.9837446740091648,61184,0.6538857815719753,0.08297237057908238,0.9848214141999453,0.7122695588370174,0.0,0.0,0.6432566550317507,0.0,59162.0,1011,0.9792383115532878,61221,0.6572921485344211,0.08372934101518147,0.9797868254273094,0.7169542867633559,0.0,0.0,0.6436456537280794,0.0,58625.0,1298,field,2000,2.0,,0,95116,10.0,30.0,1,
0.9793991004113777,61186,0.6568085285335801,0.08297237057908238,0.9804820203833088,0.7154452902870769,0.0,0.0,0.643277681988309,0.0,58612.0,1287,0.9763666517828666,61226,0.6592791959291812,0.08372934101518147,0.976943083722934,0.7190999632825409,0.0,0.0,0.6436982211194752,0.0,58262.0,1482,field,2000,2.0,,0,95116,10.0,40.0,1,
0.9650636425292977,61186,0.6665650363766349,0.08297237057908238,0.9661455866098215,0.726061634412547,0.0,0.0,0.643277681988309,0.0,56756.0,2215,0.9686931485612137,61234,0.6645885024601539,0.08372934101518147,0.9693832320162108,0.7248026436570589,0.0,0.0,0.6437823289457084,0.0,57276.0,1979,field,2000,2.0,,0,95116,10.0,60.0,1,
0.9493708203385622,61186,0.6775831616131881,0.08297237057908238,0.950654112675181,0.7378932403925526,0.0,0.0,0.643277681988309,0.0,54660.0,3263,0.9636478086395468,61235,0.668078977248833,0.08372934101518147,0.9644977870182236,0.7284858637782266,0.0,0.0,0.6437928424239876,0.0,56615.0,2310,field,2000,2.0,,0,95116,10.0,80.0,1,
0.9954533023383016,58238,0.6150805332436183,0.08297237057908238,0.9964752583669838,0.6700449417591489,0.0,0.0,0.6122839480213634,0.0,57706.0,266,0.9890234857849196,60009,0.6379052945876614,0.08372934101518147,0.989382223467924,0.6959450156049202,0.0,0.0,0.6309033180537449,0.0,58677.0,666,field,2000,2.0,,2,95116,10.0,5.0,1,
0.9904889917310375,58215,0.6179191723789899,0.08297237057908238,0.9915011751882005,0.6731404200678712,0.0,0.0,0.6120421380209429,0.0,57097.0,559,0.9869096426380863,61143,0.6513520333066992,0.08372934101518147,0.9873239891486888,0.710574628235726,0.0,0.0,0.6428256024223054,0.0,59521.0,811,field,2000,2.0,,2,95116,10.0,10.0,1,
0.9876825978520893,58215,0.6196749232516086,0.08297237057908238,0.988689050797371,0.6750550307254884,0.0,0.0,0.6120421380209429,0.0,56763.0,726,0.9848384757915088,61124,0.6525190293956853,0.08372934101518147,0.9852670943615204,0.7118367908940701,0.0,0.0,0.6426258463350015,0.0,59242.0,941,field,2000,2.0,,2,95116,10.0,15.0,1,
0.9829297943470773,58215,0.6226712645611674,0.08297237057908238,0.983943209667878,0.6783110153168853,0.0,0.0,0.6120421380209429,0.0,56193.0,1011,0.9833974163033511,61127,0.6535072963539257,0.08372934101518147,0.983840594872125,0.7129038920506701,0.0,0.0,0.642657386769839,0.0,59063.0,1032,field,2000,2.0,,2,95116,10.0,20.0,1,
0.9762212197944091,58215,0.626950250220783,0.08297237057908238,0.9772208420063117,0.6829771622489224,0.0,0.0,0.6120421380209429,0.0,55379.0,1418,0.9805289579624372,61135,0.6555048572269649,0.08372934101518147,0.9809694966383723,0.7150839911878099,0.0,0.0,0.6427414945960722,0.0,58707.0,1214,field,2000,2.0,,2,95116,10.0,30.0,1,
0.9703965462637307,58217,0.6307351024012784,0.08297237057908238,0.9714004438437537,0.6870930019260754,0.0,0.0,0.6120631649775011,0.0,54665.0,1776,0.9779267102800748,61139,0.6572921485344211,0.08372934101518147,0.9783648845433742,0.7170346062052506,0.0,0.0,0.6427835485091887,0.0,58379.0,1380,field,2000,2.0,,2,95116,10.0,40.0,1,
0.9496142365472132,58218,0.6445498128600866,0.08297237057908238,0.9505755571883419,0.7021576630285242,0.0,0.0,0.6120736784557803,0.0,52040.0,3089,0.9708642288944285,61146,0.6621493754993902,0.08372934101518147,0.971342335186656,0.7223012667523407,0.0,0.0,0.6428571428571429,0.0,57476.0,1835,field,2000,2.0,,2,95116,10.0,60.0,1,
0.9300445708260779,58218,0.6581121998401951,0.08297237057908238,0.9311155537784886,0.7168325231587637,0.0,0.0,0.6120736784557803,0.0,49460.0,4379,0.9660484074823054,61147,0.6654611211573237,0.08372934101518147,0.9665828867706802,0.7258697448136588,0.0,0.0,0.642867656335422,0.0,56849.0,2149,field,2000,2.0,,2,95116,10.0,80.0,1,
0.9953093756423913,53260,0.562586736195803,0.08297237057908238,0.9963893513928124,0.612824451985692,0.0,0.0,0.5599478531477354,0.0,52758.0,251,0.9893830227743271,59734,0.6347512511039152,0.08372934101518147,0.9897272757398018,0.6925142280154213,0.0,0.0,0.6280121115269776,0.0,58452.0,641,field,2000,2.0,,4,95116,10.0,5.0,1,
0.9901980842555566,53238,0.5652571596787082,0.08297237057908238,0.9912674325506917,0.6157364945427863,0.0,0.0,0.559716556625594,0.0,52184.0,527,0.9871978864281288,60533,0.6446654611211573,0.08372934101518147,0.9875844291447776,0.7032999816412704,0.0,0.0,0.6364123806720215,0.0,58963.0,785,field,2000,2.0,,4,95116,10.0,10.0,1,
0.979648167230973,53238,0.5713444636023381,0.08297237057908238,0.9806948384482187,0.6223745758048244,0.0,0.0,0.559716556625594,0.0,51026.0,1106,0.9853602136529442,60509,0.6456116741662812,0.08372934101518147,0.9857615300653275,0.7043211859739306,0.0,0.0,0.6361600571933218,0.0,58711.0,899,field,2000,2.0,,4,95116,10.0,15.0,1,
0.9671371736879394,53238,0.5787354388325834,0.08297237057908238,0.9681748745180767,0.6304228194075026,0.0,0.0,0.559716556625594,0.0,49620.0,1809,0.9838227164829447,60511,0.6466419950376383,0.08372934101518147,0.984222768009629,0.7054456581604553,0.0,0.0,0.6361810841498802,0.0,58521.0,995,field,2000,2.0,,4,95116,10.0,20.0,1,
0.9555938470374957,53239,0.5857374153664998,0.08297237057908238,0.956606892586337,0.6380583325690177,0.0,0.0,0.5597270701038731,0.0,48291.0,2474,0.9813034101412379,60516,0.6483556919971404,0.08372934101518147,0.9817173077235047,0.7073044795300165,0.0,0.0,0.6362336515412759,0.0,58210.0,1153,field,2000,2.0,,4,95116,10.0,30.0,1,
0.9464066693922534,53242,0.5914567475503596,0.08297237057908238,0.9474002633545677,0.6442951481243694,0.0,0.0,0.5597586105387107,0.0,47212.0,3015,0.9789068439527021,60517,0.6499537406955718,0.08372934101518147,0.9793187151064002,0.7090485588397283,0.0,0.0,0.636244165019555,0.0,57909.0,1304,field,2000,2.0,,4,95116,10.0,40.0,1,
0.9170814888816163,53243,0.6103810084528365,0.08297237057908238,0.918014414290148,0.6649316701825185,0.0,0.0,0.5597691240169897,0.0,43615.0,4814,0.9716629740230549,60521,0.6548425080953783,0.08372934101518147,0.9720843572816782,0.7143725904167432,0.0,0.0,0.6362862189326717,0.0,56991.0,1765,field,2000,2.0,,4,95116,10.0,60.0,1,
0.8903213939333132,53243,0.6287270280499601,0.08297237057908238,0.8913199966518791,0.6848459139686325,0.0,0.0,0.5597691240169897,0.0,40125.0,6559,0.9656635925583177,60522,0.65892173766769,0.08372934101518147,0.9661260455909584,0.7187901597209473,0.0,0.0,0.6362967324109509,0.0,56218.0,2152,field,2000,2.0,,4,95116,10.0,80.0,1,
0.9932087772780779,32906,0.348322048866647,0.08297237057908238,0.994439407676035,0.3793680638356416,0.0,0.0,0.34595651625383744,0.0,32456.0,225,0.9899130143860823,59177,0.6284957315278187,0.08372934101518147,0.990227740499657,0.6857100238663485,0.0,0.0,0.6221561041254888,0.0,57971.0,603,field,2000,2.0,,8,95116,10.0,5.0,1,
0.9665285491786417,32890,0.3577631523613272,0.08297237057908238,0.9677229528937535,0.3896519306612859,0.0,0.0,0.34578830060137095,0.0,30612.0,1139,0.9875629305776364,59633,0.6348458724084276,0.08372934101518147,0.9878901331919687,0.6926289700752708,0.0,0.0,0.626950250220783,0.0,58131.0,751,field,2000,2.0,,8,95116,10.0,10.0,1,
0.9021092185742889,32890,0.38331090457967115,0.08297237057908238,0.9031992310860909,0.4174883059708337,0.0,0.0,0.34578830060137095,0.0,25752.0,3569,0.9858265112048292,59608,0.635697464149039,0.08372934101518147,0.9861527008023824,0.6935583807600514,0.0,0.0,0.6266874132638042,0.0,57894.0,857,field,2000,2.0,,8,95116,10.0,15.0,1,
0.8777688817720843,32890,0.39394003111989573,0.08297237057908238,0.8788947677836567,0.4290332935889205,0.0,0.0,0.34578830060137095,0.0,23730.0,4580,0.9832415135420447,59610,0.6373901341519829,0.08372934101518147,0.9835659835659836,0.6954057279236276,0.0,0.0,0.6267084402203625,0.0,57578.0,1016,field,2000,2.0,,8,95116,10.0,20.0,1,
0.8187294633077765,32890,0.4223474494301695,0.08297237057908238,0.8197293323031678,0.45999954141062094,0.0,0.0,0.34578830060137095,0.0,18326.0,7282,0.9807834685181225,59613,0.6390197232852517,0.08372934101518147,0.9811063017396027,0.6971842298512942,0.0,0.0,0.6267399806552,0.0,57277.0,1168,field,2000,2.0,,8,95116,10.0,30.0,1,
0.7915102512272596,32892,0.4368981033685184,0.08297237057908238,0.7924446478907172,0.47586673392644224,0.0,0.0,0.34580932755792926,0.0,15564.0,8664,0.9782569454700603,59614,0.640680852853358,0.08372934101518147,0.9785781119191057,0.6989971543969158,0.0,0.0,0.6267504941334792,0.0,56964.0,1325,field,2000,2.0,,8,95116,10.0,40.0,1,
0.7352139121105101,32892,0.4703519912527861,0.08297237057908238,0.7360529908026943,0.5123245895625057,0.0,0.0,0.34580932755792926,0.0,9200.0,11846,0.9716260043351423,59618,0.6450965137306026,0.08372934101518147,0.9719428096317189,0.703816320910593,0.0,0.0,0.6267925480465958,0.0,56136.0,1741,field,2000,2.0,,8,95116,10.0,60.0,1,
0.6867092571714895,32892,0.5035745826149123,0.08297237057908238,0.6875130638351239,0.5484958268366504,0.0,0.0,0.34580932755792926,0.0,2880.0,15006,0.9622026403279429,59620,0.6514361411329325,0.08372934101518147,0.9625443978043268,0.7107123187075455,0.0,0.0,0.626813575003154,0.0,54936.0,2342,field,2000,2.0,,8,95116,10.0,80.0,1,
0.9806122448979592,2883,0.030909626140712392,0.08297237057908238,0.9846311475409836,0.03356874254792259,0.0,0.0,0.030310357878800622,0.0,2769.0,57,0.9908629794330184,57042,0.6052399175743303,0.08372934101518147,0.9911556706225783,0.6603520286396182,0.0,0.0,0.5997098279994953,0.0,55990.0,526,field,2000,2.0,,16,95116,10.0,5.0,1,
0.896701929060361,2882,0.03379031918920056,0.08297237057908238,0.9000624609618988,0.03671007979455196,0.0,0.0,0.03029984440052147,0.0,2218.0,332,0.9881028660490085,57058,0.6071008032297406,0.08372934101518147,0.9883938470066519,0.6623829630989535,0.0,0.0,0.5998780436519618,0.0,55684.0,687,field,2000,2.0,,16,95116,10.0,10.0,1,
0.8444184002343978,2882,0.035882501366752174,0.08297237057908238,0.8473978241693619,0.038991561955425115,0.0,0.0,0.03029984440052147,0.0,1820.0,531,0.9855873915598106,57032,0.6083729341015182,0.08372934101518147,0.9858770246676692,0.663771342023132,0.0,0.0,0.5996046932167038,0.0,55364.0,834,field,2000,2.0,,16,95116,10.0,15.0,1,
0.731286475513829,2882,0.041433617898145425,0.08297237057908238,0.7335199796385848,0.04504494175914886,0.0,0.0,0.03029984440052147,0.0,764.0,1059,0.9814155180424345,57033,0.6109697632364691,0.08372934101518147,0.981719597211464,0.6665939966954286,0.0,0.0,0.5996152066949829,0.0,54873.0,1080,field,2000,2.0,,16,95116,10.0,20.0,1,
0.5766306522609044,2882,0.05254636443921107,0.08297237057908238,0.5781344032096288,0.05715170136659635,0.0,0.0,0.03029984440052147,0.0,-1350.0,2116,0.9786708306879215,57034,0.6126939736742504,0.08372934101518147,0.9789732058566059,0.6684757664769598,0.0,0.0,0.5996257201732621,0.0,54548.0,1243,field,2000,2.0,,16,95116,10.0,30.0,1,
0.41617328519855595,2882,0.07280583708314059,0.08297237057908238,0.4173182739646684,0.07917545629643218,0.0,0.0,0.03029984440052147,0.0,-5204.0,4043,0.9743077264729496,57035,0.6154485049833887,0.08372934101518147,0.9746074058884845,0.6714820084450156,0.0,0.0,0.5996362336515413,0.0,54027.0,1504,field,2000,2.0,,16,95116,10.0,40.0,1,
0.17876194020592978,2882,0.1694982968165188,0.08297237057908238,0.1790173302689608,0.1845707603411905,0.0,0.0,0.03029984440052147,0.0,-23598.0,13240,0.9662217102588426,57038,0.6206316497750116,0.08372934101518147,0.9665164198325821,0.6771387919955939,0.0,0.0,0.5996677740863787,0.0,53050.0,1994,field,2000,2.0,,16,95116,10.0,60.0,1,
0.1364389528002651,2882,0.2220762016905673,0.08297237057908238,0.13661357603337126,0.24186003852150784,0.0,0.0,0.03029984440052147,0.0,-33600.0,18241,0.9527937860185417,57039,0.6293893771815467,0.08372934101518147,0.9530803549050078,0.6866968055810538,0.0,0.0,0.5996782875646579,0.0,51387.0,2826,field,2000,2.0,,16,95116,10.0,80.0,1,
0.9954163956765462,64282,0.6789394003111989,0.08297237057908238,0.9964193263373273,0.7396244152985417,0.0,0.0,0.6758274107405694,0.0,63690.0,296,0.9869705234793468,60069,0.6398713150258631,0.08372934101518147,0.98732741617357,0.698090692124105,0.0,0.0,0.6315341267504941,0.0,58483.0,793,field,3000,2.0,,0,95116,10.0,5.0,1,
0.9937724330459858,64788,0.6854157029311577,0.08297237057908238,0.9948406117560347,0.7466293680638356,0.0,0.0,0.6811472307498213,0.0,63976.0,406,0.9839844736177733,62361,0.666302199419656,0.08372934101518147,0.9844660194174757,0.7268335781163944,0.0,0.0,0.6556310189663148,0.0,60331.0,1015,field,3000,2.0,,0,95116,10.0,10.0,1,
0.9931780901718508,64786,0.6858047016274864,0.08297237057908238,0.9942450238639677,0.7470535632394754,0.0,0.0,0.6811262037932629,0.0,63896.0,445,0.9819409547738693,62530,0.6694982968165187,0.08372934101518147,0.9824500762015491,0.730298788323848,0.0,0.0,0.6574077967954918,0.0,60230.0,1150,field,3000,2.0,,0,95116,10.0,15.0,1,
0.9922961465416896,64789,0.6864460238025148,0.08297237057908238,0.9933915976694265,0.7477299825736036,0.0,0.0,0.6811577442281004,0.0,63783.0,503,0.9803230405288966,62575,0.671085832036671,0.08372934101518147,0.9808762442197665,0.73199697080962,0.0,0.0,0.6578809033180537,0.0,60063.0,1256,field,3000,2.0,,0,95116,10.0,20.0,1,
0.9882401391049693,64791,0.6892846629378864,0.08297237057908238,0.9893266147503436,0.7508254608823259,0.0,0.0,0.6811787711846587,0.0,63249.0,771,0.9777569509528272,62596,0.6730728794314311,0.08372934101518147,0.9784141175735029,0.7340852762988801,0.0,0.0,0.658101686361916,0.0,59748.0,1424,field,3000,2.0,,0,95116,10.0,30.0,1,
0.9861497952909304,64793,0.6907670633752471,0.08297237057908238,0.9872316435830629,0.7524419884435476,0.0,0.0,0.681199798141217,0.0,62973.0,910,0.9749427685982589,62604,0.6751019807393078,0.08372934101518147,0.9756568899417137,0.7362539012300349,0.0,0.0,0.6581857941881492,0.0,59386.0,1609,field,3000,2.0,,0,95116,10.0,40.0,1,
0.9779780233049569,64793,0.6965389629505025,0.08297237057908238,0.9790715947898093,0.7587131982023296,0.0,0.0,0.681199798141217,0.0,61875.0,1459,0.9696453461359764,62610,0.6788552924849657,0.08372934101518147,0.9704569409138818,0.7402698733247659,0.0,0.0,0.6582488750578241,0.0,58690.0,1960,field,3000,2.0,,0,95116,10.0,60.0,1,
0.9640965361266516,64795,0.7065898481853736,0.08297237057908238,0.9655187828756202,0.7693868660001835,0.0,0.0,0.6812208250977754,0.0,59969.0,2413,0.9651169960230601,62611,0.6820513898818285,0.08372934101518147,0.9660849573361725,0.743631815678355,0.0,0.0,0.6582593885361033,0.0,58085.0,2263,field,3000,2.0,,0,95116,10.0,80.0,1,
0.9955544384925934,63376,0.6692775137726565,0.08297237057908238,0.9965563330450508,0.7290997890488856,0.0,0.0,0.666302199419656,0.0,62810.0,283,0.987324707777796,60056,0.6395033432860928,0.08372934101518147,0.9876819340514761,0.6976890949146319,0.0,0.0,0.6313974515328651,0.0,58514.0,771,field,3000,2.0,,2,95116,10.0,5.0,1,
0.993626593351662,63608,0.6730308255183145,0.08297237057908238,0.9946831800838181,0.7331468403191782,0.0,0.0,0.6687413263804197,0.0,62792.0,408,0.9846190325640215,62287,0.6650826359392742,0.08372934101518147,0.9850706140975155,0.7255255186341105,0.0,0.0,0.6548530215736574,0.0,60341.0,973,field,3000,2.0,,2,95116,10.0,10.0,1,
0.9928041832513853,63604,0.6735459859539931,0.08297237057908238,0.9938590871447099,0.7337086123085389,0.0,0.0,0.6686992724673031,0.0,62682.0,461,0.982793092048299,62428,0.6678266537701333,0.08372934101518147,0.9832574695626152,0.7285088121901965,0.0,0.0,0.6563354220110181,0.0,60242.0,1093,field,3000,2.0,,2,95116,10.0,15.0,1,
0.9915505253640133,63604,0.6743975776946045,0.08297237057908238,0.9926027653796935,0.7346372558011557,0.0,0.0,0.6686992724673031,0.0,62520.0,542,0.9813368941952714,62467,0.6692354598595399,0.08372934101518147,0.981815038350308,0.7300348815861942,0.0,0.0,0.6567454476639051,0.0,60091.0,1188,field,3000,2.0,,2,95116,10.0,20.0,1,
0.9863383317567882,63606,0.677982673787796,0.08297237057908238,0.9873794998370046,0.7385467302577272,0.0,0.0,0.6687202994238614,0.0,61844.0,881,0.9791875626880642,62480,0.6708440220362505,0.08372934101518147,0.9796788760662318,0.731778960895906,0.0,0.0,0.6568821228815341,0.0,59824.0,1328,field,3000,2.0,,2,95116,10.0,30.0,1,
0.9839433220926276,63608,0.6796543168341814,0.08297237057908238,0.9849946575406104,0.7403581583050537,0.0,0.0,0.6687413263804197,0.0,61532.0,1038,0.9766638531995373,62485,0.6726313133437066,0.08372934101518147,0.9771525975041441,0.7337295759133468,0.0,0.0,0.6569346902729299,0.0,59499.0,1493,field,3000,2.0,,2,95116,10.0,40.0,1,
0.975478092842793,63608,0.6855523781487868,0.08297237057908238,0.9765114065522429,0.7467898743465101,0.0,0.0,0.6687413263804197,0.0,60410.0,1599,0.9714583300946725,62491,0.6763005172631313,0.08372934101518147,0.9719720653881448,0.737711125390123,0.0,0.0,0.6569977711426048,0.0,58819.0,1836,field,3000,2.0,,2,95116,10.0,60.0,1,
0.9615431128310558,63608,0.6954876151225872,0.08297237057908238,0.9627364915998183,0.7574750068788407,0.0,0.0,0.6687413263804197,0.0,58520.0,2544,0.9676680086714153,62492,0.6789604272677573,0.08372934101518147,0.9682377366675963,0.7405682026803745,0.0,0.0,0.657008284620884,0.0,58316.0,2088,field,3000,2.0,,2,95116,10.0,80.0,1,
0.9956624037645854,62206,0.6568505824466967,0.08297237057908238,0.9966674143621623,0.7155599376318444,0.0,0.0,0.654001429833046,0.0,61664.0,271,0.9875556288116037,59915,0.6378527271962656,0.08372934101518147,0.9878975745684183,0.6958991187809803,0.0,0.0,0.6299150510955044,0.0,58405.0,755,field,3000,2.0,,4,95116,10.0,5.0,1,
0.9934620720447769,62301,0.6593107363640187,0.08297237057908238,0.9945087397238407,0.7182082912959736,0.0,0.0,0.6550002102695656,0.0,61481.0,410,0.9848101265822785,61851,0.6602990033222591,0.08372934101518147,0.9852336805887413,0.7203277033229301,0.0,0.0,0.6502691450439463,0.0,59943.0,954,field,3000,2.0,,4,95116,10.0,10.0,1,
0.992053633989426,62297,0.6602043820177468,0.08297237057908238,0.9930974015622509,0.7191827937264973,0.0,0.0,0.6549581563564489,0.0,61299.0,499,0.983013716027432,61922,0.6622650237604609,0.08372934101518147,0.9834508608093514,0.72246190563613,0.0,0.0,0.6510156020017662,0.0,59782.0,1070,field,3000,2.0,,4,95116,10.0,15.0,1,
0.9901457475721983,62297,0.6614765128895244,0.08297237057908238,0.991185502219535,0.720570026598184,0.0,0.0,0.6549581563564489,0.0,61057.0,620,0.9817115689381933,61946,0.6634004794146096,0.08372934101518147,0.9821473871131405,0.7237011198825042,0.0,0.0,0.651267925480466,0.0,59638.0,1154,field,3000,2.0,,4,95116,10.0,20.0,1,
0.9847304111407932,62297,0.6651141763741116,0.08297237057908238,0.9857588176653955,0.7245368247271393,0.0,0.0,0.6549581563564489,0.0,60365.0,966,0.9796951103801632,61952,0.6648303124605744,0.08372934101518147,0.9801290975825845,0.7252616118964568,0.0,0.0,0.6513310063501409,0.0,59384.0,1284,field,3000,2.0,,4,95116,10.0,30.0,1,
0.9817204809404497,62299,0.6671748181168258,0.08297237057908238,0.9827580767289248,0.7267724479501054,0.0,0.0,0.6549791833130073,0.0,59979.0,1160,0.9778405593522626,61955,0.6661234702889104,0.08372934101518147,0.978272883737822,0.7266729392326051,0.0,0.0,0.6513625467849783,0.0,59147.0,1404,field,3000,2.0,,4,95116,10.0,40.0,1,
0.9716152778427611,62299,0.6741137137810673,0.08297237057908238,0.9726316118154,0.7343391727047601,0.0,0.0,0.6549791833130073,0.0,58659.0,1820,0.9724707285682895,61960,0.66985575507801,0.08372934101518147,0.9729135589228233,0.7307348081512759,0.0,0.0,0.6514151141763741,0.0,58452.0,1754,field,3000,2.0,,4,95116,10.0,60.0,1,
0.9582250249942321,62299,0.6835337903191891,0.08297237057908238,0.9593612368720934,0.7444969274511603,0.0,0.0,0.6549791833130073,0.0,56867.0,2716,0.9687465799471553,61962,0.6724525842129611,0.08372934101518147,0.9692163303613327,0.7335459886175877,0.0,0.0,0.6514361411329325,0.0,57964.0,1999,field,3000,2.0,,4,95116,10.0,80.0,1,
0.9957576815642458,57037,0.602212035829934,0.08297237057908238,0.9967843973366421,0.6560235714940842,0.0,0.0,0.5996572606080995,0.0,56551.0,243,0.9880487320399921,59690,0.6351402498002439,0.08372934101518147,0.988392310112434,0.6929387736368643,0.0,0.0,0.6275495184826948,0.0,58246.0,722,field,3000,2.0,,8,95116,10.0,5.0,1,
0.9915301401787888,57011,0.6045039740947895,0.08297237057908238,0.9925658971412654,0.6585114188755389,0.0,0.0,0.5993839101728415,0.0,56037.0,487,0.9853442728442728,61249,0.6535178098322049,0.08372934101518147,0.9857407258388992,0.7129497888746099,0.0,0.0,0.6439400311198957,0.0,59427.0,911,field,3000,2.0,,8,95116,10.0,10.0,1,
0.9875617150281507,57007,0.6068905336641575,0.08297237057908238,0.9885892655857106,0.661113913601761,0.0,0.0,0.5993418562597249,0.0,55571.0,718,0.9834842064714946,61275,0.655031750704403,0.08372934101518147,0.9838789961303168,0.7146020745364421,0.0,0.0,0.6442133815551537,0.0,59217.0,1029,field,3000,2.0,,8,95116,10.0,15.0,1,
0.9816945066299294,57007,0.6105176836704655,0.08297237057908238,0.9827268182523402,0.6650577822617628,0.0,0.0,0.5993418562597249,0.0,54881.0,1063,0.9821477219916348,61287,0.656051558097481,0.08372934101518147,0.9825413620623317,0.7157150725169819,0.0,0.0,0.6443395432945036,0.0,59059.0,1114,field,3000,2.0,,8,95116,10.0,20.0,1,
0.9745119491264659,57007,0.6150174523739433,0.08297237057908238,0.9755292023888974,0.6699646886178117,0.0,0.0,0.5993418562597249,0.0,54025.0,1491,0.9799344471980175,61290,0.6575654989696791,0.08372934101518147,0.9803262955854126,0.717367358178814,0.0,0.0,0.644371083729341,0.0,58780.0,1255,field,3000,2.0,,8,95116,10.0,30.0,1,
0.9680925130329943,57010,0.6191282223810926,0.08297237057908238,0.9691128223434817,0.6744359350637439,0.0,0.0,0.5993733966945625,0.0,53252.0,1879,0.9782459500438911,61292,0.6587219815803861,0.08372934101518147,0.9786364362126776,0.718629520837158,0.0,0.0,0.6443921106858993,0.0,58566.0,1363,field,3000,2.0,,8,95116,10.0,40.0,1,
0.948065122312208,57010,0.63220698936036,0.08297237057908238,0.9490436317024854,0.6886980647528204,0.0,0.0,0.5993733966945625,0.0,50764.0,3123,0.9709646760652622,61297,0.6637158837629842,0.08372934101518147,0.9713493384042469,0.7240797686800073,0.0,0.0,0.6444446780772951,0.0,57631.0,1833,field,3000,2.0,,8,95116,10.0,60.0,1,
0.9291977703165237,57010,0.6450439463392068,0.08297237057908238,0.9302135852627801,0.7026391818765477,0.0,0.0,0.5993733966945625,0.0,48322.0,4344,0.9673642016223212,61298,0.6661970646368645,0.08372934101518147,0.9677460096935634,0.7267876812924545,0.0,0.0,0.6444551915555743,0.0,57162.0,2068,field,3000,2.0,,8,95116,10.0,80.0,1,
0.9915575832516096,23255,0.24657260608099585,0.08297237057908238,0.993081949011402,0.26846968724204345,0.0,0.0,0.24449093738172337,0.0,22859.0,198,0.989112171516903,58868,0.625720173262122,0.08372934101518147,0.9893947797441974,0.6827037818982926,0.0,0.0,0.6189074393372304,0.0,57572.0,648,field,3000,2.0,,16,95116,10.0,5.0,1,
0.9512714467057041,23231,0.2567496530552168,0.08297237057908238,0.9527539679284748,0.2795446207465835,0.0,0.0,0.24423861390302368,0.0,20851.0,1190,0.9863405599378214,59645,0.635760545018714,0.08372934101518147,0.9866505657381063,0.6936387002019461,0.0,0.0,0.6270764119601329,0.0,57993.0,826,field,3000,2.0,,16,95116,10.0,10.0,1,
0.885411504593451,23227,0.2758000756970436,0.08297237057908238,0.8867974954184484,0.30028432541502337,0.0,0.0,0.24419655998990705,0.0,17215.0,3006,0.9845457847637288,59630,0.6367593254552336,0.08372934101518147,0.984854740945051,0.6947287497705159,0.0,0.0,0.6269187097859455,0.0,57758.0,936,field,3000,2.0,,16,95116,10.0,15.0,1,
0.8537454973167684,23227,0.2860296900626603,0.08297237057908238,0.8550970069579943,0.31141658259194716,0.0,0.0,0.24419655998990705,0.0,15269.0,3979,0.9830854957301592,59632,0.6377265654569158,0.08372934101518147,0.9833935256188262,0.6957843767211309,0.0,0.0,0.6269397367425039,0.0,57580.0,1026,field,3000,2.0,,16,95116,10.0,20.0,1,
0.7786978677752447,23227,0.3135960301106018,0.08297237057908238,0.7798220580829276,0.3414771163899844,0.0,0.0,0.24419655998990705,0.0,10025.0,6601,0.9796780022999836,59633,0.6399554228520964,0.08372934101518147,0.9799838950880019,0.6982169083899394,0.0,0.0,0.626950250220783,0.0,57159.0,1237,field,3000,2.0,,16,95116,10.0,30.0,1,
0.7275119017790027,23228,0.33567433449682493,0.08297237057908238,0.7285158700288547,0.36554159405668163,0.0,0.0,0.2442070734681862,0.0,5828.0,8700,0.977462341621728,59634,0.6414167963328988,0.08372934101518147,0.9777668470241023,0.6998118230218469,0.0,0.0,0.6269607636990622,0.0,56884.0,1375,field,3000,2.0,,16,95116,10.0,40.0,1,
0.6330117724002616,23229,0.3858025989318306,0.08297237057908238,0.633806275579809,0.42018251857286987,0.0,0.0,0.24421758694646536,0.0,-3705.0,13467,0.9687159912287826,59639,0.6472622902561084,0.08372934101518147,0.9690307904785117,0.7061800073434918,0.0,0.0,0.627013331090458,0.0,55787.0,1926,field,3000,2.0,,16,95116,10.0,60.0,1,
0.5825308456214264,23229,0.4192354598595399,0.08297237057908238,0.5832329014763483,0.45661744473997984,0.0,0.0,0.24421758694646536,0.0,-10065.0,16647,0.9631471851684377,59640,0.6510156020017662,0.08372934101518147,0.9634583696811089,0.7102762988801175,0.0,0.0,0.6270238445687372,0.0,55076.0,2282,field,3000,2.0,,16,95116,10.0,80.0,1,
0.9951797732371309,65654,0.6935951890323394,0.08297237057908238,0.9961612575295492,0.7556062551591305,0.0,0.0,0.6902519029395685,0.0,65018.0,318,0.9854106628242075,60181,0.6420791454644855,0.08372934101518147,0.9857657657657658,0.7005002753809436,0.0,0.0,0.6327116363177594,0.0,58399.0,891,field,4000,2.0,,0,95116,10.0,5.0,1,
0.9938500110611311,67388,0.7128663947180285,0.08297237057908238,0.9948770945596811,0.7765637897826286,0.0,0.0,0.7084822742756214,0.0,66554.0,417,0.9824373830600148,62484,0.6686677320324657,0.08372934101518147,0.9829010083214044,0.7294267486689922,0.0,0.0,0.6569241767946508,0.0,60250.0,1117,field,4000,2.0,,0,95116,10.0,10.0,1,
0.9931761238025055,67387,0.7133395012405904,0.08297237057908238,0.9942018294482148,0.7770797028340823,0.0,0.0,0.7084717607973422,0.0,66461.0,463,0.9802842661624068,63245,0.6782980781361706,0.08372934101518147,0.9807707218733038,0.7399141729392326,0.0,0.0,0.6649249337650869,0.0,60701.0,1272,field,4000,2.0,,0,95116,10.0,15.0,1,
0.9924304901036758,67390,0.7139072290676648,0.08297237057908238,0.9934839014034674,0.7776758690268734,0.0,0.0,0.7085033012321796,0.0,66362.0,514,0.978922536079931,63489,0.6818621472728037,0.08372934101518147,0.9794511038089508,0.7437695061501745,0.0,0.0,0.6674902224652004,0.0,60755.0,1367,field,4000,2.0,,0,95116,10.0,20.0,1,
0.9881671554252199,67393,0.7170192186382943,0.08297237057908238,0.9892114842649131,0.7810694304319912,0.0,0.0,0.7085348416670171,0.0,65779.0,807,0.9733484460918713,63547,0.686393456411119,0.08372934101518147,0.9739600895074028,0.7486460436937764,0.0,0.0,0.6681000042053913,0.0,60067.0,1740,field,4000,2.0,,0,95116,10.0,30.0,1,
0.9863308404923239,67395,0.7183754573363051,0.08297237057908238,0.9873712586254889,0.7825483811794919,0.0,0.0,0.7085558686235754,0.0,65527.0,934,0.969950400610454,63556,0.6888956642415577,0.08372934101518147,0.9706614536402095,0.7512965852762988,0.0,0.0,0.6681946255099037,0.0,59618.0,1969,field,4000,2.0,,0,95116,10.0,40.0,1,
0.9795076010813011,67396,0.7233903864754615,0.08297237057908238,0.9805764502189696,0.7879826653214712,0.0,0.0,0.7085663821018546,0.0,64576.0,1410,0.9659893925808853,63565,0.6918184112031625,0.08372934101518147,0.9667974691245361,0.7544060950982192,0.0,0.0,0.668289246814416,0.0,59089.0,2238,field,4000,2.0,,0,95116,10.0,60.0,1,
0.9675687316057713,67396,0.7323163295344631,0.08297237057908238,0.9690852097892043,0.7973264239200221,0.0,0.0,0.7085663821018546,0.0,62878.0,2259,0.9623198498243914,63567,0.6944783212077884,0.08372934101518147,0.9633991088478676,0.7570910592986966,0.0,0.0,0.6683102737709744,0.0,58589.0,2489,field,4000,2.0,,0,95116,10.0,80.0,1,
0.9953100413999603,65152,0.6882017746751335,0.08297237057908238,0.9962841195810077,0.7497363111070348,0.0,0.0,0.6849741368434333,0.0,64538.0,307,0.9857304346401481,60168,0.6417322006812733,0.08372934101518147,0.9860858449284625,0.7001216265834405,0.0,0.0,0.6325749611001303,0.0,58426.0,871,field,4000,2.0,,2,95116,10.0,5.0,1,
0.9938577876079744,66503,0.7034988855713024,0.08297237057908238,0.9948836861395767,0.7663601760983215,0.0,0.0,0.6991778459985701,0.0,65681.0,411,0.9830284328851664,62440,0.6677951133352958,0.08372934101518147,0.9834619625137817,0.7284973379842115,0.0,0.0,0.656461583750368,0.0,60284.0,1078,field,4000,2.0,,2,95116,10.0,10.0,1,
0.9932040865097383,66497,0.7038983977459102,0.08297237057908238,0.9942287277783592,0.766795836008438,0.0,0.0,0.6991147651288953,0.0,65587.0,455,0.9810421389311554,63185,0.6771310820471845,0.08372934101518147,0.9814840703978129,0.7386749586928585,0.0,0.0,0.6642941250683376,0.0,60743.0,1221,field,4000,2.0,,2,95116,10.0,15.0,1,
0.9923888548957571,66497,0.7044766390512637,0.08297237057908238,0.9934118139173563,0.7674263964046593,0.0,0.0,0.6991147651288953,0.0,65477.0,510,0.9798390211497165,63424,0.6805269355313512,0.08372934101518147,0.9802933584754014,0.742369653020011,0.0,0.0,0.6668068463770553,0.0,60814.0,1305,field,4000,2.0,,2,95116,10.0,20.0,1,
0.9872912181723703,66499,0.7081353294924093,0.08297237057908238,0.9883036590078174,0.7714161240025681,0.0,0.0,0.6991357920854535,0.0,64787.0,856,0.9748276020948842,63472,0.684543084233988,0.08372934101518147,0.9752919483712355,0.7467413255002754,0.0,0.0,0.6673114933344547,0.0,60194.0,1639,field,4000,2.0,,2,95116,10.0,30.0,1,
0.985389778772208,66501,0.7095231086252576,0.08297237057908238,0.9863982912575276,0.772929468953499,0.0,0.0,0.6991568190420119,0.0,64529.0,986,0.9718450020668432,63478,0.6867088607594937,0.08372934101518147,0.9723213601899364,0.7490935377271892,0.0,0.0,0.6673745742041297,0.0,59800.0,1839,field,4000,2.0,,2,95116,10.0,40.0,1,
0.9787334245809234,66502,0.7143593086336684,0.08297237057908238,0.979728336132473,0.7782032468128038,0.0,0.0,0.6991673325202911,0.0,63612.0,1445,0.9683348332087675,63485,0.6892741494596072,0.08372934101518147,0.9688372731850993,0.7518702955755462,0.0,0.0,0.6674481685520838,0.0,59333.0,2076,field,4000,2.0,,2,95116,10.0,60.0,1,
0.9671892725210157,66502,0.7228857395180621,0.08297237057908238,0.9684146146116993,0.7872947812528662,0.0,0.0,0.6991673325202911,0.0,61990.0,2256,0.9654055533590827,63487,0.6913873585937171,0.08372934101518147,0.9659637271012111,0.7541307141545806,0.0,0.0,0.667469195508642,0.0,58937.0,2275,field,4000,2.0,,2,95116,10.0,80.0,1,
0.995456155753739,64628,0.682566550317507,0.08297237057908238,0.9964230650632131,0.7436026781619738,0.0,0.0,0.6794650742251567,0.0,64038.0,295,0.9861291222771221,60074,0.640470583287775,0.08372934101518147,0.9864853769479613,0.6987447218652469,0.0,0.0,0.63158669414189,0.0,58384.0,845,field,4000,2.0,,4,95116,10.0,5.0,1,
0.9936378095887298,65595,0.6940472685983431,0.08297237057908238,0.9946623803963789,0.7560648445382004,0.0,0.0,0.6896316077210984,0.0,64755.0,420,0.9835282959215934,62218,0.6650826359392742,0.08372934101518147,0.9839482548669207,0.7255484670460804,0.0,0.0,0.6541275915723959,0.0,60134.0,1042,field,4000,2.0,,4,95116,10.0,10.0,1,
0.9930203333888477,65588,0.6944047268598343,0.08297237057908238,0.9940437398645064,0.75645464551041,0.0,0.0,0.6895580133731444,0.0,64666.0,461,0.9816813716288092,62753,0.6720635855166324,0.08372934101518147,0.9821115562789533,0.7331558656140995,0.0,0.0,0.6597523024517431,0.0,60411.0,1171,field,4000,2.0,,4,95116,10.0,15.0,1,
0.9921340836207418,65588,0.6950250220783044,0.08297237057908238,0.9931556632344034,0.7571310648445382,0.0,0.0,0.6895580133731444,0.0,64548.0,520,0.9804881089673659,62914,0.6746078472601875,0.08372934101518147,0.9809161495525274,0.7359326234624564,0.0,0.0,0.6614449724546869,0.0,60410.0,1252,field,4000,2.0,,4,95116,10.0,20.0,1,
0.9861674936099835,65590,0.6992514403465242,0.08297237057908238,0.9871767857680382,0.7617398881041915,0.0,0.0,0.6895790403297026,0.0,63750.0,920,0.9763474214811942,62950,0.6778565120484461,0.08372934101518147,0.9767716107809518,0.7394781531118046,0.0,0.0,0.6618234576727364,0.0,59900.0,1525,field,4000,2.0,,4,95116,10.0,30.0,1,
0.9841555635577962,65592,0.7007023003490475,0.08297237057908238,0.9851607089215981,0.7633220214619829,0.0,0.0,0.689600067286261,0.0,63480.0,1056,0.9734347698350111,62953,0.6799171537911602,0.08372934101518147,0.973871476748863,0.7417156232788691,0.0,0.0,0.6618549981075739,0.0,59517.0,1718,field,4000,2.0,,4,95116,10.0,40.0,1,
0.977060120359888,65592,0.705790823836158,0.08297237057908238,0.9780508171299057,0.7688709529487298,0.0,0.0,0.689600067286261,0.0,62512.0,1540,0.9700779636991156,62960,0.6823457672736448,0.08372934101518147,0.9705265754100383,0.7443546906554066,0.0,0.0,0.661928592455528,0.0,59076.0,1942,field,4000,2.0,,4,95116,10.0,60.0,1,
0.9655111503643188,65592,0.7142331468943185,0.08297237057908238,0.9666637191617296,0.7779280931853618,0.0,0.0,0.689600067286261,0.0,60906.0,2343,0.966979465835266,62961,0.684543084233988,0.08372934101518147,0.9674549393813673,0.7467298512942905,0.0,0.0,0.6619391059338071,0.0,58661.0,2150,field,4000,2.0,,4,95116,10.0,80.0,1,
0.9956171692630175,62697,0.662065267673157,0.08297237057908238,0.9965983691246364,0.7212579106667889,0.0,0.0,0.6591635476681105,0.0,62145.0,276,0.9866071428571429,59891,0.6382101854577569,0.08372934101518147,0.9869648330641706,0.6962777675784836,0.0,0.0,0.6296627276168048,0.0,58265.0,813,field,4000,2.0,,8,95116,10.0,5.0,1,
0.993188698284561,62992,0.6668068463770553,0.08297237057908238,0.9942233025032355,0.726382646977896,0.0,0.0,0.6622650237604609,0.0,62128.0,432,0.9842200610221206,61935,0.661592161150595,0.08372934101518147,0.9846112268095322,0.7217619790710483,0.0,0.0,0.6511522772193953,0.0,59949.0,993,field,4000,2.0,,8,95116,10.0,10.0,1,
0.9921242478656712,62986,0.667458682030363,0.08297237057908238,0.9931567328918323,0.7270934605154544,0.0,0.0,0.6622019428907859,0.0,61986.0,500,0.9824619509502405,62293,0.6666070902897515,0.08372934101518147,0.9828494793310193,0.7272351753258675,0.0,0.0,0.6549161024433323,0.0,60069.0,1112,field,4000,2.0,,8,95116,10.0,15.0,1,
0.9908600374408105,62986,0.6683102737709744,0.08297237057908238,0.9918898914977717,0.7280221040080712,0.0,0.0,0.6622019428907859,0.0,61824.0,581,0.9811424617029977,62383,0.6684679759451617,0.08372934101518147,0.9815283918372485,0.7292661097852029,0.0,0.0,0.6558623154884562,0.0,59985.0,1199,field,4000,2.0,,8,95116,10.0,20.0,1,
0.9850489506114917,62986,0.6722528281256571,0.08297237057908238,0.986066754336527,0.7323213794368523,0.0,0.0,0.6622019428907859,0.0,61074.0,956,0.9786396499537349,62401,0.6703709155136885,0.08372934101518147,0.9790235024632088,0.7313429410684781,0.0,0.0,0.656051558097481,0.0,59677.0,1362,field,4000,2.0,,8,95116,10.0,30.0,1,
0.9821158493802136,62988,0.6742819294335338,0.08297237057908238,0.9831429106574265,0.7345226084563882,0.0,0.0,0.6622229698473443,0.0,60694.0,1147,0.9763439514362601,62404,0.6719794776903991,0.08372934101518147,0.9767259864456653,0.7330984945841748,0.0,0.0,0.6560830985323184,0.0,59380.0,1512,field,4000,2.0,,8,95116,10.0,40.0,1,
0.9727575982209044,62988,0.6807687455317717,0.08297237057908238,0.973765169668393,0.7415963496285426,0.0,0.0,0.6622229698473443,0.0,59460.0,1764,0.9726482139517486,62409,0.6745868203036293,0.08372934101518147,0.973027331264909,0.7359440976684414,0.0,0.0,0.6561356659237142,0.0,58899.0,1755,field,4000,2.0,,8,95116,10.0,60.0,1,
0.9611792711957516,62988,0.6889692585895117,0.08297237057908238,0.9622658804118671,0.75045858937907,0.0,0.0,0.6622229698473443,0.0,57900.0,2544,0.9695058487253972,62410,0.6767841372639725,0.08372934101518147,0.9698975865230702,0.73833073251331,0.0,0.0,0.6561461794019934,0.0,58484.0,1963,field,4000,2.0,,8,95116,10.0,80.0,1,
0.9955430995893424,51152,0.5401930274612052,0.08297237057908238,0.9966487413295924,0.5884160322846923,0.0,0.0,0.537785440935279,0.0,50694.0,229,0.9877077130358123,59380,0.6320598006644518,0.08372934101518147,0.9880199667221298,0.6895997796952451,0.0,0.0,0.6242903402161571,0.0,57902.0,739,field,4000,2.0,,16,95116,10.0,5.0,1,
0.9894137911013915,51124,0.5432419361621599,0.08297237057908238,0.9905064517379005,0.5917408052829497,0.0,0.0,0.5374910635434628,0.0,50030.0,547,0.9853100405630343,60970,0.6505635224357627,0.08372934101518147,0.9856286069933236,0.7097829080227648,0.0,0.0,0.6410067706800118,0.0,59152.0,909,field,4000,2.0,,16,95116,10.0,10.0,1,
0.9801733394692438,51118,0.5482989192144329,0.08297237057908238,0.9812458009405893,0.5972553425662661,0.0,0.0,0.5374279826737878,0.0,49050.0,1034,0.9834917055886616,61065,0.6527818663526641,0.08372934101518147,0.9838086031899468,0.7122039654855884,0.0,0.0,0.6420055511165313,0.0,59015.0,1025,field,4000,2.0,,16,95116,10.0,15.0,1,
0.9695027121344308,51118,0.5543336557466673,0.08297237057908238,0.970551937572386,0.6038361001559204,0.0,0.0,0.5374279826737878,0.0,47902.0,1608,0.9821086980983459,61096,0.6540329702678834,0.08372934101518147,0.9824245445335992,0.713569395997797,0.0,0.0,0.6423314689431852,0.0,58870.0,1113,field,4000,2.0,,16,95116,10.0,20.0,1,
0.9577681181143671,51118,0.5611253627150007,0.08297237057908238,0.9588100686498856,0.6112308538934238,0.0,0.0,0.5374279826737878,0.0,46610.0,2254,0.9799839615076182,61102,0.6555153707052441,0.08372934101518147,0.9802984116797689,0.7151872590416744,0.0,0.0,0.64239454981286,0.0,58606.0,1248,field,4000,2.0,,16,95116,10.0,30.0,1,
0.9429646572714528,51120,0.5699566844694899,0.08297237057908238,0.9439745909812757,0.6208612308538934,0.0,0.0,0.5374490096303461,0.0,44936.0,3092,0.9779926055154532,61104,0.656871609403255,0.08372934101518147,0.9783057685841913,0.7166674316137324,0.0,0.0,0.6424155767694184,0.0,58354.0,1375,field,4000,2.0,,16,95116,10.0,40.0,1,
0.9157023609071042,51120,0.5869254384120443,0.08297237057908238,0.9166711496046048,0.6393538475648904,0.0,0.0,0.5374490096303461,0.0,41708.0,4706,0.9718034351145038,61107,0.6610875141931957,0.08372934101518147,0.9721280962153391,0.7212571140077106,0.0,0.0,0.6424471172042558,0.0,57561.0,1773,field,4000,2.0,,16,95116,10.0,60.0,1,
0.8933158584534732,51120,0.6016337945245805,0.08297237057908238,0.8943160546526477,0.6553356874254792,0.0,0.0,0.5374490096303461,0.0,38910.0,6105,0.9687995434079523,61108,0.6631481559359098,0.08372934101518147,0.969137564627145,0.7234945841747751,0.0,0.0,0.642457630682535,0.0,57172.0,1968,field,4000,2.0,,16,95116,10.0,80.0,1,
0.9926430844994295,66114,0.7002397073047647,0.08297237057908238,0.9936127684515847,0.7628519673484362,0.0,0.0,0.6950881029479793,0.0,65134.0,490,0.9795685610010427,60122,0.6452752428613483,0.08372934101518147,0.9799357814613793,0.7039769597943822,0.0,0.0,0.6320913410992893,0.0,57614.0,1254,field,6100,2.0,,0,95116,10.0,5.0,1,
0.9924291306405127,69213,0.7332204886664704,0.08297237057908238,0.9934832847689724,0.7987136567917087,0.0,0.0,0.7276693721350772,0.0,68157.0,528,0.9727148066195033,62423,0.6746919550864208,0.08372934101518147,0.9732000873062892,0.7359785202863962,0.0,0.0,0.6562828546196223,0.0,58921.0,1751,field,6100,2.0,,0,95116,10.0,10.0,1,
0.9917493636857608,69357,0.7352495899743471,0.08297237057908238,0.9928283088551061,0.8009034210767678,0.0,0.0,0.7291833130072753,0.0,68203.0,577,0.969947064118015,63581,0.6891690146768157,0.08372934101518147,0.9704504174489064,0.7517555535156967,0.0,0.0,0.6684574624668825,0.0,59641.0,1970,field,6100,2.0,,0,95116,10.0,15.0,1,
0.9909145452987057,69366,0.7359645064973296,0.08297237057908238,0.9920199073279561,0.8016600935522333,0.0,0.0,0.7292779343117877,0.0,68094.0,636,0.9724473988960912,64659,0.6990516842592204,0.08372934101518147,0.973003476141032,0.762495410317606,0.0,0.0,0.6797909920518104,0.0,60995.0,1832,field,6100,2.0,,0,95116,10.0,20.0,1,
0.9887405042543791,69373,0.7376571765002734,0.08297237057908238,0.9898550311055305,0.8034944510685132,0.0,0.0,0.7293515286597418,0.0,67793.0,790,0.9698405344412727,64893,0.7034673451364649,0.08372934101518147,0.9705367692146628,0.7671998347714338,0.0,0.0,0.6822511459691324,0.0,60857.0,2018,field,6100,2.0,,0,95116,10.0,30.0,1,
0.9860005685048323,69375,0.7397283317212666,0.08297237057908238,0.9871088914500363,0.8057530037604329,0.0,0.0,0.7293725556163001,0.0,67405.0,985,0.9669859809603266,64907,0.7056962025316456,0.08372934101518147,0.9679377246223362,0.7694258307325134,0.0,0.0,0.6823983346650406,0.0,60475.0,2216,field,6100,2.0,,0,95116,10.0,40.0,1,
0.979900562162773,69375,0.744333235207536,0.08297237057908238,0.9810506964576116,0.8107286985233422,0.0,0.0,0.7293725556163001,0.0,66529.0,1423,0.9618615815442059,64917,0.7095651625383742,0.08372934101518147,0.9629316482734069,0.7735450706811089,0.0,0.0,0.6825034694478321,0.0,59769.0,2574,field,6100,2.0,,0,95116,10.0,60.0,1,
0.9702525803474029,69375,0.7517347239160604,0.08297237057908238,0.9719108994115999,0.8183527469503806,0.0,0.0,0.7293725556163001,0.0,65121.0,2127,0.9587080767356342,64917,0.7118991547163463,0.08372934101518147,0.9601402117967225,0.7757940150541582,0.0,0.0,0.6825034694478321,0.0,59325.0,2796,field,6100,2.0,,0,95116,10.0,80.0,1,
0.9929871028909389,65983,0.6986101181714959,0.08297237057908238,0.9939444151540258,0.7610863982390168,0.0,0.0,0.6937108372934101,0.0,65051.0,466,0.9798682880709418,60111,0.6449598385129737,0.08372934101518147,0.9802198160589655,0.7036442078208188,0.0,0.0,0.6319756928382186,0.0,57641.0,1235,field,6100,2.0,,2,95116,10.0,5.0,1,
0.9925265466297323,68794,0.7287102064847134,0.08297237057908238,0.9935586366262276,0.7938182151701366,0.0,0.0,0.7232642247361117,0.0,67758.0,518,0.9733426922476993,62401,0.6740190924765549,0.08372934101518147,0.9737831806619747,0.7352785937213144,0.0,0.0,0.656051558097481,0.0,58983.0,1709,field,6100,2.0,,2,95116,10.0,10.0,1,
0.9919506962143793,68888,0.7301295260523992,0.08297237057908238,0.9929801801801802,0.7953659543244979,0.0,0.0,0.7242524916943521,0.0,67770.0,559,0.9707702415695143,63534,0.6880756129357837,0.08372934101518147,0.9712154332971552,0.7506081329172021,0.0,0.0,0.6679633289877623,0.0,59708.0,1913,field,6100,2.0,,2,95116,10.0,15.0,1,
0.9911948780663261,68893,0.7307393077925901,0.08297237057908238,0.9922227183039765,0.7960309089241493,0.0,0.0,0.7243050590857479,0.0,67669.0,612,0.9733990444755919,64586,0.6975797973001387,0.08372934101518147,0.973854041013269,0.7609693409216082,0.0,0.0,0.6790235081374322,0.0,61056.0,1765,field,6100,2.0,,2,95116,10.0,20.0,1,
0.9889190314200003,68897,0.7324635182303714,0.08297237057908238,0.9899563193286971,0.7978996606438595,0.0,0.0,0.7243471129988646,0.0,67353.0,772,0.971241026870682,64808,0.7015328651331006,0.08372934101518147,0.971736164215135,0.7652492197539931,0.0,0.0,0.6813575003154043,0.0,60970.0,1919,field,6100,2.0,,2,95116,10.0,30.0,1,
0.9864980957017268,68899,0.734282349972665,0.08297237057908238,0.987530278490447,0.7998830597083372,0.0,0.0,0.7243681399554228,0.0,67013.0,943,0.9688943364075275,64820,0.7033622103536734,0.08372934101518147,0.9694304857621441,0.7672113089774187,0.0,0.0,0.6814836620547542,0.0,60658.0,2081,field,6100,2.0,,2,95116,10.0,40.0,1,
0.9800293017367679,68899,0.7391290634593549,0.08297237057908238,0.9810479851915136,0.8051683023021187,0.0,0.0,0.7243681399554228,0.0,66091.0,1404,0.9642719024245129,64828,0.706821144707515,0.08372934101518147,0.9648459592201221,0.7709519001285111,0.0,0.0,0.6815677698809874,0.0,60024.0,2402,field,6100,2.0,,2,95116,10.0,60.0,1,
0.9709281023646459,68899,0.7460574456453173,0.08297237057908238,0.972174796461176,0.8125171971017151,0.0,0.0,0.7243681399554228,0.0,64773.0,2063,0.9619253939519838,64828,0.7085453551452963,0.08372934101518147,0.9625538233110617,0.7727877730861025,0.0,0.0,0.6815677698809874,0.0,59696.0,2566,field,6100,2.0,,2,95116,10.0,80.0,1,
0.9935904203176136,65882,0.697117204255856,0.08297237057908238,0.994535354145281,0.7594698706777951,0.0,0.0,0.6926489759872156,0.0,65032.0,425,0.980161321925413,60029,0.6438874637284999,0.08372934101518147,0.980513540883996,0.7024738388103543,0.0,0.0,0.631113587619328,0.0,57599.0,1215,field,6100,2.0,,4,95116,10.0,5.0,1,
0.9926466322445902,68441,0.7248833003911014,0.08297237057908238,0.9936698752849282,0.7896565165550766,0.0,0.0,0.7195529669035704,0.0,67427.0,507,0.9737887460511088,62266,0.6722528281256571,0.08372934101518147,0.9742001095204569,0.7333738755278135,0.0,0.0,0.6546322385297952,0.0,58914.0,1676,field,6100,2.0,,4,95116,10.0,10.0,1,
0.9920640667313513,68505,0.7259872156104126,0.08297237057908238,0.993085152648517,0.7908603136751353,0.0,0.0,0.7202258295134363,0.0,67409.0,548,0.971349650886212,63298,0.6851108120610623,0.08372934101518147,0.9717821174158683,0.7473838810354323,0.0,0.0,0.665482148113882,0.0,59564.0,1867,field,6100,2.0,,4,95116,10.0,15.0,1,
0.9912892490232962,68508,0.7265864838723243,0.08297237057908238,0.9923086950853865,0.79151380354031,0.0,0.0,0.7202573699482737,0.0,67304.0,602,0.9740364066265517,64264,0.6936477564237352,0.08372934101518147,0.974464729787105,0.7567009362952084,0.0,0.0,0.6756381681315446,0.0,60838.0,1713,field,6100,2.0,,4,95116,10.0,20.0,1,
0.9887860988035619,68512,0.7284683964842928,0.08297237057908238,0.9898146409119147,0.7935545262771714,0.0,0.0,0.7202994238613903,0.0,66958.0,777,0.972094005490693,64444,0.696980529038227,0.08372934101518147,0.9725194295631178,0.7603382595924362,0.0,0.0,0.6775305942217923,0.0,60744.0,1850,field,6100,2.0,,4,95116,10.0,30.0,1,
0.9863664502382632,68514,0.7302767147483074,0.08297237057908238,0.987389932121806,0.7955264606071724,0.0,0.0,0.7203204508179486,0.0,66620.0,947,0.9697421082723963,64451,0.6987467933891248,0.08372934101518147,0.9701800337186898,0.7622544519919222,0.0,0.0,0.6776041885697465,0.0,60429.0,2011,field,6100,2.0,,4,95116,10.0,40.0,1,
0.9801155870908674,68514,0.7349341856259725,0.08297237057908238,0.9811261312865162,0.8006053379803724,0.0,0.0,0.7203204508179486,0.0,65734.0,1390,0.966009232060428,64456,0.7015013246982632,0.08372934101518147,0.9664727403586637,0.765237745548008,0.0,0.0,0.6776567559611422,0.0,59920.0,2268,field,6100,2.0,,4,95116,10.0,60.0,1,
0.971251169516033,68514,0.7416417847680726,0.08297237057908238,0.9723952937169134,0.8077937264972943,0.0,0.0,0.7203204508179486,0.0,64458.0,2028,0.9638867704454712,64458,0.7030678329618572,0.08372934101518147,0.9643770852346684,0.7669244538277952,0.0,0.0,0.6776777829177005,0.0,59628.0,2415,field,6100,2.0,,4,95116,10.0,80.0,1,
0.9939759952538144,65341,0.6911245216367383,0.08297237057908238,0.994914350970689,0.7529464367605246,0.0,0.0,0.6869611842381934,0.0,64549.0,396,0.9806419914837864,59878,0.6419529837251357,0.08372934101518147,0.9809954454602051,0.7003625849091243,0.0,0.0,0.6295260523991757,0.0,57514.0,1182,field,6100,2.0,,8,95116,10.0,5.0,1,
0.9927345074054971,67362,0.7133920686319862,0.08297237057908238,0.9937450210958015,0.7771484912409429,0.0,0.0,0.7082089238403634,0.0,66376.0,493,0.9743907800527571,62057,0.669582404642752,0.08372934101518147,0.974773416270047,0.7304823756196072,0.0,0.0,0.652434921569452,0.0,58795.0,1631,field,6100,2.0,,8,95116,10.0,10.0,1,
0.9920648941495156,67387,0.7141385255898062,0.08297237057908238,0.9930736696287782,0.777962487388792,0.0,0.0,0.7084717607973422,0.0,66309.0,539,0.9720833333333333,62991,0.6812733924891711,0.08372934101518147,0.9724585102277113,0.743241692674867,0.0,0.0,0.6622545102821817,0.0,59373.0,1809,field,6100,2.0,,8,95116,10.0,15.0,1,
0.99132097675787,67390,0.7147062534168804,0.08297237057908238,0.9923281942542446,0.7785815830505366,0.0,0.0,0.7085033012321796,0.0,66210.0,590,0.9748225055347737,63846,0.688580259893183,0.08372934101518147,0.9751947456850466,0.7512162658344043,0.0,0.0,0.6712435342108584,0.0,60548.0,1649,field,6100,2.0,,8,95116,10.0,20.0,1,
0.9886598694344605,67392,0.7166512468985239,0.08297237057908238,0.9896616541353384,0.7807025589287352,0.0,0.0,0.708524328188738,0.0,65846.0,773,0.97278642666018,63986,0.6915345472896253,0.08372934101518147,0.9731563018052958,0.754440517716174,0.0,0.0,0.6727154211699399,0.0,60406.0,1790,field,6100,2.0,,8,95116,10.0,30.0,1,
0.9865761004816208,67394,0.7181862147272804,0.08297237057908238,0.9875736350048357,0.7823764101623406,0.0,0.0,0.7085453551452963,0.0,65560.0,917,0.9702809661718549,63991,0.6933744059884772,0.08372934101518147,0.9706489093832479,0.7564485037635396,0.0,0.0,0.6727679885613357,0.0,60071.0,1960,field,6100,2.0,,8,95116,10.0,40.0,1,
0.9802621052784687,67394,0.7228121451701081,0.08297237057908238,0.9812469060306922,0.7874208933321104,0.0,0.0,0.7085453551452963,0.0,64680.0,1357,0.9671008885933627,63995,0.6956978846881703,0.08372934101518147,0.96748102681946,0.7589728290802277,0.0,0.0,0.6728100424744522,0.0,59641.0,2177,field,6100,2.0,,8,95116,10.0,60.0,1,
0.9710391331911705,67394,0.7296774464863955,0.08297237057908238,0.9720755805567576,0.7948500412730442,0.0,0.0,0.7085453551452963,0.0,63374.0,2010,0.9648559410194943,63996,0.6973274738214391,0.08372934101518147,0.9652488687782805,0.7607398568019093,0.0,0.0,0.6728205559527314,0.0,59334.0,2331,field,6100,2.0,,8,95116,10.0,80.0,1,
0.9942699759402305,62814,0.6641995037638252,0.08297237057908238,0.9952309276717104,0.7235967165000459,0.0,0.0,0.6603936246267715,0.0,62090.0,362,0.9815349581690072,59482,0.637127297195004,0.08372934101518147,0.9818427915882605,0.695130346979989,0.0,0.0,0.6253627150006308,0.0,57244.0,1119,field,6100,2.0,,16,95116,10.0,5.0,1,
0.9922366797357035,63522,0.6730623659531519,0.08297237057908238,0.9932606758087971,0.733204163991562,0.0,0.0,0.6678371672484125,0.0,62528.0,497,0.9760354465760386,61459,0.6620127002817612,0.08372934101518147,0.9763455550613205,0.7222783183403708,0.0,0.0,0.646147861558518,0.0,58441.0,1509,field,6100,2.0,,16,95116,10.0,10.0,1,
0.9912142444718404,63518,0.6737142016064595,0.08297237057908238,0.9922361946418808,0.7339149775291204,0.0,0.0,0.6677951133352958,0.0,62392.0,563,0.973961513770805,62204,0.6714643172547206,0.08372934101518147,0.9742666061052203,0.7325936295208372,0.0,0.0,0.6539804028764876,0.0,58878.0,1663,field,6100,2.0,,16,95116,10.0,15.0,1,
0.9901173756488395,63519,0.6744711720425586,0.08297237057908238,0.9911370480752727,0.7347404384114464,0.0,0.0,0.667805626813575,0.0,62251.0,634,0.975887693551396,62773,0.6762689768282939,0.08372934101518147,0.9761912167205773,0.7378373416559574,0.0,0.0,0.6599625720173262,0.0,59671.0,1551,field,6100,2.0,,16,95116,10.0,20.0,1,
0.9850966161099222,63521,0.6779301063964002,0.08297237057908238,0.9861059364133135,0.738512336054297,0.0,0.0,0.6678266537701333,0.0,61599.0,961,0.9731374249086517,62853,0.6790445350939905,0.08372934101518147,0.973438855160451,0.7408665320359831,0.0,0.0,0.6608036502796585,0.0,59383.0,1735,field,6100,2.0,,16,95116,10.0,30.0,1,
0.9818842259834608,63523,0.68016947726986,0.08297237057908238,0.9828869392996952,0.7409543244978446,0.0,0.0,0.6678476807266917,0.0,61179.0,1172,0.9703898108838286,62857,0.6810105555321923,0.08372934101518147,0.9706895220446298,0.743012208555168,0.0,0.0,0.6608457041927751,0.0,59021.0,1918,field,6100,2.0,,16,95116,10.0,40.0,1,
0.9734132213674952,63523,0.6860885655410236,0.08297237057908238,0.974398699226899,0.7474089700082546,0.0,0.0,0.6678476807266917,0.0,60053.0,1735,0.9671359335333487,62859,0.6833235207536061,0.08372934101518147,0.9674485178686859,0.7455250596658711,0.0,0.0,0.6608667311493335,0.0,58587.0,2136,field,6100,2.0,,16,95116,10.0,60.0,1,
0.9636962194307908,63523,0.6930064342487069,0.08297237057908238,0.9647060610202439,0.7549183710905255,0.0,0.0,0.6678476807266917,0.0,58737.0,2393,0.9646874664293059,62860,0.6850687581479457,0.08372934101518147,0.965013279295046,0.7474183036533872,0.0,0.0,0.6608772446276125,0.0,58258.0,2301,field,6100,2.0,,16,95116,10.0,80.0,1,
0.9908324220680977,66145,0.7018482694814753,0.08297237057908238,0.9917981167156481,0.7646060717233789,0.0,0.0,0.6954140207746331,0.0,64921.0,612,0.9718766725594823,59923,0.6482295302577905,0.08372934101518147,0.9722866739141016,0.7071667890581972,0.0,0.0,0.6299991589217376,0.0,56455.0,1734,field,8000,2.0,,0,95116,10.0,5.0,1,
0.9909906087350079,70067,0.7433449682492956,0.08297237057908238,0.9920429285421003,0.8097427313583417,0.0,0.0,0.7366478825854745,0.0,68793.0,637,0.9643238227789376,62358,0.6798540729214854,0.08372934101518147,0.9648460467275259,0.7415779328070498,0.0,0.0,0.6555994785314774,0.0,57744.0,2307,field,8000,2.0,,0,95116,10.0,10.0,1,
0.9907563025210084,70740,0.7506623491315867,0.08297237057908238,0.9918398250189282,0.8176877923507292,0.0,0.0,0.7437234534673451,0.0,69420.0,660,0.9609007783571375,63578,0.6956242903402161,0.08372934101518147,0.9614384224534237,0.7587662933724986,0.0,0.0,0.6684259220320451,0.0,58404.0,2587,field,8000,2.0,,0,95116,10.0,15.0,1,
0.989793921091631,70796,0.7519870473947601,0.08297237057908238,0.9909160892994612,0.8190979546913694,0.0,0.0,0.7443122082509778,0.0,69336.0,730,0.9638392857142857,64770,0.7065057403591404,0.08372934101518147,0.9644277014249766,0.7705961997429778,0.0,0.0,0.6809579881407966,0.0,59910.0,2430,field,8000,2.0,,0,95116,10.0,20.0,1,
0.9874210328140907,70805,0.7538899869632869,0.08297237057908238,0.9885514834205934,0.8211616068971843,0.0,0.0,0.7444068295554901,0.0,69001.0,902,0.9610936166455752,65314,0.714474956894739,0.08372934101518147,0.9617870974392201,0.7792018542316872,0.0,0.0,0.6866773203246562,0.0,60026.0,2644,field,8000,2.0,,0,95116,10.0,30.0,1,
0.9851271634481608,70807,0.755666764792464,0.08297237057908238,0.9862660705082669,0.8230876822892782,0.0,0.0,0.7444278565120485,0.0,68669.0,1069,0.9568266330922613,65357,0.7181336473358846,0.08372934101518147,0.9578643451752843,0.7829080227648246,0.0,0.0,0.6871293998906598,0.0,59459.0,2949,field,8000,2.0,,0,95116,10.0,40.0,1,
0.9789849161470503,70809,0.7604293704529207,0.08297237057908238,0.980204598624012,0.8282009538659084,0.0,0.0,0.7444488834686067,0.0,67769.0,1520,0.9508654545454546,65372,0.7228016316918289,0.08372934101518147,0.9521395904337441,0.7877960345144116,0.0,0.0,0.6872871020648471,0.0,58616.0,3378,field,8000,2.0,,0,95116,10.0,60.0,1,
0.9683551228050982,70810,0.768787585684848,0.08297237057908238,0.9700531535974574,0.8368797578648078,0.0,0.0,0.7444593969468859,0.0,66182.0,2314,0.9475026813925849,65372,0.7253669203919425,0.08372934101518147,0.9491948715714887,0.790240040389205,0.0,0.0,0.6872871020648471,0.0,58128.0,3622,field,8000,2.0,,0,95116,10.0,80.0,1,
0.9911910800306136,66050,0.7005866520879768,0.08297237057908238,0.9921439622669851,0.7632417683206457,0.0,0.0,0.6944152403381134,0.0,64876.0,587,0.9722172635952029,59909,0.647851045039741,0.08372934101518147,0.9725802785804734,0.7067881402606939,0.0,0.0,0.6298519702258295,0.0,56485.0,1712,field,8000,2.0,,2,95116,10.0,5.0,1,
0.9913773509858514,69789,0.7401068169393162,0.08297237057908238,0.9923923553836528,0.8062459873429332,0.0,0.0,0.7337251356238698,0.0,68575.0,607,0.9649541028776645,62337,0.6791812103116195,0.08372934101518147,0.9654024252373357,0.7409009546539379,0.0,0.0,0.6553786954876151,0.0,57809.0,2264,field,8000,2.0,,2,95116,10.0,10.0,1,
0.9910769664505216,70307,0.7458261491231759,0.08297237057908238,0.9920978734813101,0.8124713381638081,0.0,0.0,0.7391711173724715,0.0,69041.0,633,0.9617218362620896,63540,0.6946149964254174,0.08372934101518147,0.9621732941639662,0.7577336148338535,0.0,0.0,0.6680264098574372,0.0,58482.0,2529,field,8000,2.0,,2,95116,10.0,15.0,1,
0.9903142245748395,70344,0.746793389124858,0.08297237057908238,0.9913330232951423,0.8135260937356691,0.0,0.0,0.7395601160688002,0.0,68968.0,688,0.9648176031246739,64719,0.7052336094873628,0.08372934101518147,0.9652780885050786,0.7693110886726638,0.0,0.0,0.6804218007485596,0.0,59999.0,2360,field,8000,2.0,,2,95116,10.0,20.0,1,
0.9880064602204901,70351,0.7486122208671517,0.08297237057908238,0.989034316964474,0.81549802806567,0.0,0.0,0.7396337104167543,0.0,68643.0,854,0.9625558784910225,65243,0.7126140712393289,0.08372934101518147,0.963053169190801,0.777331558656141,0.0,0.0,0.6859308633668363,0.0,60167.0,2538,field,8000,2.0,,2,95116,10.0,30.0,1,
0.9852947355153144,70353,0.7506938895664241,0.08297237057908238,0.9863169257945577,0.8177680454920664,0.0,0.0,0.7396547373733126,0.0,68253.0,1050,0.958986412045538,65283,0.7157050338534,0.08372934101518147,0.9595220247806341,0.7806705525977602,0.0,0.0,0.6863514024980024,0.0,59699.0,2792,field,8000,2.0,,2,95116,10.0,40.0,1,
0.9794784690993638,70353,0.7551516043567854,0.08297237057908238,0.9805022856505742,0.8226176281757315,0.0,0.0,0.7396547373733126,0.0,67405.0,1474,0.9536014721345951,65295,0.7198788847302241,0.08372934101518147,0.954200704379722,0.785168441343859,0.0,0.0,0.6864775642373523,0.0,58941.0,3177,field,8000,2.0,,2,95116,10.0,60.0,1,
0.9694902641696639,70353,0.7629315782833592,0.08297237057908238,0.9707209382545705,0.8309066312024214,0.0,0.0,0.7396547373733126,0.0,65925.0,2214,0.9510457935213237,65295,0.7218133647335885,0.08372934101518147,0.9517527876976897,0.7871879015972095,0.0,0.0,0.6864775642373523,0.0,58573.0,3361,field,8000,2.0,,2,95116,10.0,80.0,1,
0.9915554754177185,65990,0.6996930064342487,0.08297237057908238,0.9924949991727955,0.7622787306245987,0.0,0.0,0.6937844316413643,0.0,64866.0,562,0.9725693485220274,59849,0.646967912864292,0.08372934101518147,0.972917174672844,0.7058357811639434,0.0,0.0,0.6292211615290803,0.0,56473.0,1688,field,8000,2.0,,4,95116,10.0,5.0,1,
0.9916720142602495,69541,0.7372576643256655,0.08297237057908238,0.9926770776829303,0.8031505090342108,0.0,0.0,0.7311177930106396,0.0,68373.0,584,0.9654476905652181,62226,0.6776252155263047,0.08372934101518147,0.9658672875436554,0.7392257205801358,0.0,0.0,0.654211699398629,0.0,57772.0,2227,field,8000,2.0,,4,95116,10.0,10.0,1,
0.9911957353900247,69913,0.7415576769418394,0.08297237057908238,0.9922085663194345,0.8078281207007245,0.0,0.0,0.7350288069304849,0.0,68671.0,621,0.9625864296026138,63343,0.6918394381597207,0.08372934101518147,0.9630108246168816,0.7547273728657977,0.0,0.0,0.6659552546364439,0.0,58419.0,2462,field,8000,2.0,,4,95116,10.0,15.0,1,
0.9903709997167941,69940,0.7424618360738466,0.08297237057908238,0.9913817542665986,0.8088140878657251,0.0,0.0,0.7353126708440221,0.0,68580.0,680,0.9657379235922723,64435,0.7014697842634258,0.08372934101518147,0.966157860013195,0.765237745548008,0.0,0.0,0.67743597291728,0.0,59863.0,2286,field,8000,2.0,,4,95116,10.0,20.0,1,
0.9880493283044455,69945,0.744259640859582,0.08297237057908238,0.9890692610085127,0.8107630927267725,0.0,0.0,0.7353652382354178,0.0,68253.0,846,0.9636423092930614,64830,0.7073047647083561,0.08372934101518147,0.964086549185813,0.7715829814576831,0.0,0.0,0.6815887968375457,0.0,59938.0,2446,field,8000,2.0,,4,95116,10.0,30.0,1,
0.9846974688177492,69947,0.7468144160814164,0.08297237057908238,0.9857104606755823,0.8135490232046226,0.0,0.0,0.7353862651919761,0.0,67773.0,1087,0.9603725806690458,64853,0.7099646747129821,0.08372934101518147,0.9608278886469028,0.7744744813658895,0.0,0.0,0.6818306068379663,0.0,59501.0,2676,field,8000,2.0,,4,95116,10.0,40.0,1,
0.9785671316050868,69947,0.7514929139156399,0.08297237057908238,0.9795675433436966,0.8186508300467761,0.0,0.0,0.7353862651919761,0.0,66883.0,1532,0.9550313631946284,64860,0.7140123638504563,0.08372934101518147,0.95550972304066,0.7788691022581238,0.0,0.0,0.6819042011859203,0.0,58752.0,3054,field,8000,2.0,,4,95116,10.0,60.0,1,
0.9692380173763632,69947,0.7587261869716977,0.08297237057908238,0.9703674930288695,0.8264124552875355,0.0,0.0,0.7353862651919761,0.0,65507.0,2220,0.9527313855961457,64861,0.7157470877665166,0.08372934101518147,0.9532914945839885,0.7806935010097301,0.0,0.0,0.6819147146641995,0.0,58425.0,3218,field,8000,2.0,,4,95116,10.0,80.0,1,
0.9922536806342016,65712,0.6962550990369654,0.08297237057908238,0.9931835013527198,0.7585412271851784,0.0,0.0,0.6908616846797595,0.0,64686.0,513,0.9729853032228631,59716,0.6452542159047899,0.08372934101518147,0.973334202633981,0.7039654855883973,0.0,0.0,0.6278228689179528,0.0,56400.0,1658,field,8000,2.0,,8,95116,10.0,5.0,1,
0.9919318755863462,68726,0.7284263425711762,0.08297237057908238,0.9929350574297479,0.7935315968082179,0.0,0.0,0.7225493082131292,0.0,67608.0,559,0.9660515455890368,62035,0.6751230076958661,0.08372934101518147,0.9664277924910423,0.7365292821736735,0.0,0.0,0.6522036250473107,0.0,57675.0,2180,field,8000,2.0,,8,95116,10.0,10.0,1,
0.9912396789320751,68909,0.730875983010219,0.08297237057908238,0.9922387973735745,0.7962028799413006,0.0,0.0,0.7244732747382144,0.0,67691.0,609,0.9634313995050866,63072,0.6882753690230876,0.08372934101518147,0.963799452942345,0.7508835138608408,0.0,0.0,0.6631061020227932,0.0,58284.0,2394,field,8000,2.0,,8,95116,10.0,15.0,1,
0.9905151972407846,68925,0.7315803860549224,0.08297237057908238,0.9915126231748543,0.7969710171512427,0.0,0.0,0.7246414903906808,0.0,67605.0,660,0.9667330496967502,64077,0.6968543672988772,0.08372934101518147,0.9670978160798105,0.7602464659445566,0.0,0.0,0.6736721476933428,0.0,59667.0,2205,field,8000,2.0,,8,95116,10.0,20.0,1,
0.9880735654592108,68929,0.7334307582320535,0.08297237057908238,0.9890660200025828,0.7989888104191507,0.0,0.0,0.7246835443037974,0.0,67265.0,832,0.9647577092511013,64386,0.7016485133941713,0.08372934101518147,0.965133709077827,0.765467229667707,0.0,0.0,0.6769208124816014,0.0,59682.0,2352,field,8000,2.0,,8,95116,10.0,30.0,1,
0.9848270541339849,68931,0.7358698851928172,0.08297237057908238,0.9858129656908313,0.8016486288177566,0.0,0.0,0.7247045712603558,0.0,66807.0,1062,0.9617412080937804,64403,0.7040350729635393,0.08372934101518147,0.962114761200496,0.7680718744262897,0.0,0.0,0.677099541612347,0.0,59279.0,2562,field,8000,2.0,,8,95116,10.0,40.0,1,
0.9786608740097112,68931,0.740506329113924,0.08297237057908238,0.9796344721732704,0.8067045767220031,0.0,0.0,0.7247045712603558,0.0,65925.0,1503,0.9562461026813552,64407,0.7081248160141301,0.08372934101518147,0.9566295839707696,0.7725238663484487,0.0,0.0,0.6771415955254636,0.0,58513.0,2947,field,8000,2.0,,8,95116,10.0,60.0,1,
0.9694391314131413,68931,0.7475503595609572,0.08297237057908238,0.9704491060115444,0.8143400898835182,0.0,0.0,0.7247045712603558,0.0,64585.0,2173,0.9539947270195811,64408,0.7098069725387948,0.08372934101518147,0.9543905402602021,0.774348265100055,0.0,0.0,0.6771521090037428,0.0,58196.0,3106,field,8000,2.0,,8,95116,10.0,80.0,1,
0.9934244811624414,64813,0.6859203498885571,0.08297237057908238,0.9943541829674292,0.7472828579290104,0.0,0.0,0.6814100677068001,0.0,63955.0,429,0.9741133239279504,59380,0.6408806089406619,0.08372934101518147,0.9744170399908105,0.6992266385166146,0.0,0.0,0.6242903402161571,0.0,56224.0,1578,field,8000,2.0,,16,95116,10.0,5.0,1,
0.9920823553878606,66785,0.7077463307960806,0.08297237057908238,0.993085501858736,0.7710033935614051,0.0,0.0,0.7021426468732915,0.0,65719.0,533,0.9673304391594312,61499,0.6684048950754867,0.08372934101518147,0.9676348417143936,0.7292546355792179,0.0,0.0,0.6465684006896841,0.0,57345.0,2077,field,8000,2.0,,16,95116,10.0,10.0,1,
0.9912503151369548,66841,0.708934353841625,0.08297237057908238,0.9922509389427431,0.7722989085572778,0.0,0.0,0.7027314016569242,0.0,65661.0,590,0.9648715926836433,62405,0.6799802346608352,0.08372934101518147,0.9651700511932196,0.7418877363686432,0.0,0.0,0.6560936120105976,0.0,57861.0,2272,field,8000,2.0,,16,95116,10.0,15.0,1,
0.9905464675201517,66850,0.7095336221035368,0.08297237057908238,0.9915455354494216,0.7729523984224526,0.0,0.0,0.7028260229614366,0.0,65574.0,638,0.9680470112937287,63258,0.6870137516295891,0.08372934101518147,0.9683433854820439,0.7495639801725721,0.0,0.0,0.6650616089827158,0.0,59082.0,2088,field,8000,2.0,,16,95116,10.0,20.0,1,
0.9876495789629192,66854,0.7116573447159258,0.08297237057908238,0.9886427494010825,0.775268274786756,0.0,0.0,0.7028680768745532,0.0,65182.0,836,0.9659623698471655,63456,0.6906514151141764,0.08372934101518147,0.966256547691558,0.7535340554433633,0.0,0.0,0.6671432776819883,0.0,58984.0,2236,field,8000,2.0,,16,95116,10.0,30.0,1,
0.9848129980703227,66856,0.7137284999369191,0.08297237057908238,0.9858004394048865,0.7775268274786756,0.0,0.0,0.7028891038311115,0.0,64794.0,1031,0.9633131963206946,63465,0.6926489759872156,0.08372934101518147,0.963605721053111,0.7557141545805031,0.0,0.0,0.6672378989865007,0.0,58631.0,2417,field,8000,2.0,,16,95116,10.0,40.0,1,
0.9775698201491446,66856,0.7190167795113336,0.08297237057908238,0.9785427827054243,0.7832935889204806,0.0,0.0,0.7028891038311115,0.0,63788.0,1534,0.9578918772072806,63468,0.6966020438201774,0.08372934101518147,0.9581955704515603,0.7600169818248578,0.0,0.0,0.6672694394213382,0.0,57888.0,2790,field,8000,2.0,,16,95116,10.0,60.0,1,
0.968141797961075,66856,0.72601875604525,0.08297237057908238,0.9691241701214739,0.7909061726130423,0.0,0.0,0.7028891038311115,0.0,62456.0,2200,0.9558577689423033,63468,0.6980844442575381,0.08372934101518147,0.9561745785437727,0.7616233706627501,0.0,0.0,0.6672694394213382,0.0,57606.0,2931,field,8000,2.0,,16,95116,10.0,80.0,1,
0.9884772309485734,66140,0.7034673451364649,0.08297237057908238,0.9894532126561448,0.7663601760983215,0.0,0.0,0.6953614533832373,0.0,64598.0,771,0.9590535676818541,59422,0.6514046006980949,0.08372934101518147,0.9594716786152554,0.7106205250596659,0.0,0.0,0.6247319063038815,0.0,54348.0,2537,field,10000,2.0,,0,95116,10.0,5.0,1,
0.9888422028920335,70367,0.7481496278228689,0.08297237057908238,0.98992726812318,0.814947720810786,0.0,0.0,0.7398019260692208,0.0,68779.0,794,0.9507223704794332,61989,0.685499810757391,0.08372934101518147,0.9512475830954792,0.7477281072149807,0.0,0.0,0.6517200050464695,0.0,55563.0,3213,field,10000,2.0,,0,95116,10.0,10.0,1,
0.98922431634427,71697,0.7619958787165145,0.08297237057908238,0.9903310910673094,0.8300123819132349,0.0,0.0,0.7537848521804954,0.0,70135.0,781,0.9469825070704955,63284,0.702584212961016,0.08372934101518147,0.9475212984174041,0.7663507435285478,0.0,0.0,0.6653349594179738,0.0,56198.0,3543,field,10000,2.0,,0,95116,10.0,15.0,1,
0.9886575854114028,71998,0.7656335422011018,0.08297237057908238,0.9897992851251031,0.83394478583876,0.0,0.0,0.7569494091425207,0.0,70346.0,826,0.9489855924728021,64550,0.7151267925480466,0.08372934101518147,0.9495719203271646,0.7799935744446485,0.0,0.0,0.6786450229193827,0.0,57610.0,3470,field,10000,2.0,,0,95116,10.0,20.0,1,
0.9852454533023383,72051,0.7688506665545229,0.08297237057908238,0.9864054542467554,0.8374300651196919,0.0,0.0,0.7575066234913159,0.0,69893.0,1079,0.945324904015473,65494,0.7283948021363388,0.08372934101518147,0.9460759530241091,0.7943248577198457,0.0,0.0,0.6885697464149039,0.0,57918.0,3788,field,10000,2.0,,0,95116,10.0,30.0,1,
0.9826532838751909,72056,0.7709323352537953,0.08297237057908238,0.9838474037056759,0.839665688342658,0.0,0.0,0.7575591908827116,0.0,69512.0,1272,0.9415477300437496,65640,0.7329471382312124,0.08372934101518147,0.9426835748445377,0.7989604369377639,0.0,0.0,0.6901047142436604,0.0,57490.0,4075,field,10000,2.0,,0,95116,10.0,40.0,1,
0.9774814493264783,72057,0.7750220783043862,0.08297237057908238,0.978756061449858,0.8440452169127763,0.0,0.0,0.7575697043609908,0.0,68737.0,1660,0.9349023963094272,65661,0.7383931199798142,0.08372934101518147,0.9363155418027294,0.804651643106297,0.0,0.0,0.6903254972875226,0.0,56517.0,4572,field,10000,2.0,,0,95116,10.0,60.0,1,
0.968158856405847,72062,0.7825392152739813,0.08297237057908238,0.9700094225333153,0.8517151242777218,0.0,0.0,0.7576222717523866,0.0,67322.0,2370,0.9307807892946246,65661,0.741662811724631,0.08372934101518147,0.9325919297797094,0.8078644207820819,0.0,0.0,0.6903254972875226,0.0,55895.0,4883,field,10000,2.0,,0,95116,10.0,80.0,1,
0.9886450338853732,66084,0.7027524286134825,0.08297237057908238,0.9896073557159544,0.7655920388883793,0.0,0.0,0.6947726985996047,0.0,64566.0,759,0.9594555318736679,59421,0.6511207367845578,0.08372934101518147,0.9598274859468889,0.7103451441160271,0.0,0.0,0.6247213928256025,0.0,54399.0,2511,field,10000,2.0,,2,95116,10.0,5.0,1,
0.9892828977016674,70247,0.7465410656461584,0.08297237057908238,0.990314940649054,0.8132394753737503,0.0,0.0,0.7385403086757223,0.0,68725.0,761,0.9513861173364443,61979,0.6849110559737583,0.08372934101518147,0.9518390539814174,0.7471429227097485,0.0,0.0,0.651614870263678,0.0,55645.0,3167,field,10000,2.0,,2,95116,10.0,10.0,1,
0.98965144630389,71437,0.7589049161024434,0.08297237057908238,0.9906807749379412,0.826710538383931,0.0,0.0,0.7510513478279154,0.0,69943.0,747,0.9478470619962245,63265,0.7017326212204046,0.08372934101518147,0.9483017057888898,0.7654901780796769,0.0,0.0,0.6651352033306699,0.0,56303.0,3481,field,10000,2.0,,2,95116,10.0,15.0,1,
0.9889627769653155,71682,0.7620379326296312,0.08297237057908238,0.9899871559379618,0.8301270292580024,0.0,0.0,0.7536271500063081,0.0,70082.0,800,0.9500574221855768,64526,0.7140544177635729,0.08372934101518147,0.9505192605141047,0.7789264732880484,0.0,0.0,0.6783926994406829,0.0,57742.0,3392,field,10000,2.0,,2,95116,10.0,20.0,1,
0.9857203721774027,71722,0.7649711930695151,0.08297237057908238,0.9867646249518464,0.833302760708062,0.0,0.0,0.7540476891374742,0.0,69644.0,1039,0.9469953418395394,65462,0.7267546995247908,0.08372934101518147,0.9475024967795163,0.7927414172939232,0.0,0.0,0.688233315109971,0.0,58134.0,3664,field,10000,2.0,,2,95116,10.0,30.0,1,
0.9832485709194094,71727,0.766947726985996,0.08297237057908238,0.9843010250991479,0.8354466660552141,0.0,0.0,0.75410025652887,0.0,69283.0,1222,0.9439416394480497,65603,0.7306762269229152,0.08372934101518147,0.9444852358945565,0.7969868735083532,0.0,0.0,0.6897157155473317,0.0,57811.0,3896,field,10000,2.0,,2,95116,10.0,40.0,1,
0.9778465481513796,71727,0.7711846587324951,0.08297237057908238,0.9788874634931899,0.8400669540493442,0.0,0.0,0.75410025652887,0.0,68477.0,1625,0.9380995268116252,65621,0.7354283191050928,0.08372934101518147,0.938689973822364,0.802127317789609,0.0,0.0,0.6899049581563564,0.0,56961.0,4330,field,10000,2.0,,2,95116,10.0,60.0,1,
0.9688787432631394,71729,0.7783443374405988,0.08297237057908238,0.9701761030107934,0.8476336788039989,0.0,0.0,0.7541212834854283,0.0,67121.0,2304,0.9347188194404877,65621,0.7380882291097186,0.08372934101518147,0.9354116775002851,0.8049384982559207,0.0,0.0,0.6899049581563564,0.0,56455.0,4583,field,10000,2.0,,2,95116,10.0,80.0,1,
0.9889765902317013,66031,0.7019534042642668,0.08297237057908238,0.9899254906076188,0.7647321838026231,0.0,0.0,0.6942154842508096,0.0,64559.0,736,0.9597252525252525,59383,0.650521468522646,0.08372934101518147,0.9600821315398047,0.7097025885808702,0.0,0.0,0.6243218806509946,0.0,54399.0,2492,field,10000,2.0,,4,95116,10.0,5.0,1,
0.9896690424105568,70123,0.7449325034694478,0.08297237057908238,0.9906897233759996,0.8114968357332845,0.0,0.0,0.7372366373691072,0.0,68659.0,732,0.9518361321276988,61896,0.6836704655368182,0.08372934101518147,0.9522608040123695,0.7458119148154948,0.0,0.0,0.6507422515665082,0.0,55632.0,3132,field,10000,2.0,,4,95116,10.0,10.0,1,
0.9899053101405748,71193,0.7561188443584675,0.08297237057908238,0.9909249077875983,0.8236838484820691,0.0,0.0,0.7484860591278019,0.0,69741.0,726,0.9485572587917043,63117,0.6995668446948988,0.08372934101518147,0.9489851150202977,0.763149440058748,0.0,0.0,0.6635792085453551,0.0,56271.0,3423,field,10000,2.0,,4,95116,10.0,15.0,1,
0.9891912865140513,71384,0.7586946465368603,0.08297237057908238,0.9902066860868359,0.8264927084288728,0.0,0.0,0.7504941334791202,0.0,69824.0,780,0.9508902164911865,64303,0.7109634551495017,0.08372934101518147,0.9513122466491108,0.7755874793464292,0.0,0.0,0.6760481937844316,0.0,57661.0,3321,field,10000,2.0,,4,95116,10.0,20.0,1,
0.9860146618254111,71420,0.7615227721939527,0.08297237057908238,0.9870366787362835,0.8295652572686416,0.0,0.0,0.7508726186971698,0.0,69394.0,1013,0.9481239899247267,65120,0.7220972286471257,0.08372934101518147,0.9485659349463227,0.787715715072517,0.0,0.0,0.6846377055385003,0.0,57994.0,3563,field,10000,2.0,,4,95116,10.0,30.0,1,
0.9834492254733218,71423,0.7635413600235502,0.08297237057908238,0.9844658855961406,0.8317664862881776,0.0,0.0,0.7509041591320073,0.0,69019.0,1202,0.9452197730533455,65223,0.7254615416964548,0.08372934101518147,0.9456857428699851,0.7913645125757297,0.0,0.0,0.6857205938012532,0.0,57663.0,3780,field,10000,2.0,,4,95116,10.0,40.0,1,
0.9776472842750766,71423,0.7680726691618656,0.08297237057908238,0.9786653877774733,0.8366963221131799,0.0,0.0,0.7509041591320073,0.0,68157.0,1633,0.9393485585922875,65234,0.73011901257412,0.08372934101518147,0.939835758536234,0.7964246374150908,0.0,0.0,0.6858362420623239,0.0,56810.0,4212,field,10000,2.0,,4,95116,10.0,60.0,1,
0.9687364366319444,71423,0.7751377265654569,0.08297237057908238,0.9699072502342508,0.8442515821333578,0.0,0.0,0.7509041591320073,0.0,66813.0,2305,0.9361134230691961,65234,0.7326422473611169,0.08372934101518147,0.9366510639519857,0.7991325500275381,0.0,0.0,0.6858362420623239,0.0,56330.0,4452,field,10000,2.0,,4,95116,10.0,80.0,1,
0.989952469767162,65816,0.6989780899112662,0.08297237057908238,0.9908765168167174,0.7615105934146565,0.0,0.0,0.6919550864207915,0.0,64480.0,668,0.9604295571609057,59295,0.649081121998402,0.08372934101518147,0.9607874908855222,0.7081306223609326,0.0,0.0,0.6233966945624291,0.0,54409.0,2443,field,10000,2.0,,8,95116,10.0,5.0,1,
0.9904996231137911,69645,0.7392341982421464,0.08297237057908238,0.9914866961832496,0.8053173438503164,0.0,0.0,0.7322111947516716,0.0,68309.0,668,0.9528533300421173,61763,0.681473148576475,0.08372934101518147,0.9532504012841091,0.7434367541766109,0.0,0.0,0.6493439589553808,0.0,55651.0,3056,field,10000,2.0,,8,95116,10.0,10.0,1,
0.990207940572329,70382,0.7472770091256992,0.08297237057908238,0.9911980508963905,0.814076400990553,0.0,0.0,0.739959628243408,0.0,68990.0,696,0.9497395636747943,62906,0.696360233819757,0.08372934101518147,0.950126872885452,0.7596842298512942,0.0,0.0,0.6613608646284537,0.0,56248.0,3329,field,10000,2.0,,8,95116,10.0,15.0,1,
0.9893336327401336,70492,0.7491063543462719,0.08297237057908238,0.990320450682064,0.8160712647895074,0.0,0.0,0.741116110854115,0.0,68972.0,760,0.952202380952381,63988,0.7065057403591404,0.08372934101518147,0.9525851160436485,0.770756838626767,0.0,0.0,0.6727364481264981,0.0,57564.0,3212,field,10000,2.0,,8,95116,10.0,20.0,1,
0.9865000979267508,70517,0.7515244543504773,0.08297237057908238,0.9874809203063953,0.8187081537191598,0.0,0.0,0.7413789478110938,0.0,68587.0,965,0.9495498406450571,64652,0.7158311955927499,0.08372934101518147,0.9499544506156513,0.7809115109234441,0.0,0.0,0.6797173977038563,0.0,57782.0,3435,field,10000,2.0,,8,95116,10.0,30.0,1,
0.9832954529609437,70519,0.7539951217460785,0.08297237057908238,0.9842698824777377,0.821402366321196,0.0,0.0,0.7413999747676522,0.0,68123.0,1198,0.9464403210948809,64728,0.7190272929896127,0.08372934101518147,0.9468418127029636,0.7843996695428677,0.0,0.0,0.6805164220530721,0.0,57402.0,3663,field,10000,2.0,,8,95116,10.0,40.0,1,
0.9765280970448943,70519,0.759220320450818,0.08297237057908238,0.9775162528936389,0.827077409887187,0.0,0.0,0.7413999747676522,0.0,67129.0,1695,0.9405064578460287,64736,0.7236532234324404,0.08372934101518147,0.9409165564454005,0.7894368459702589,0.0,0.0,0.6806005298793053,0.0,56546.0,4095,field,10000,2.0,,8,95116,10.0,60.0,1,
0.9672326767981566,70519,0.7665166743765507,0.08297237057908238,0.9682552759127294,0.8349880766761442,0.0,0.0,0.7413999747676522,0.0,65741.0,2389,0.9374963795400568,64736,0.7259767021321334,0.08372934101518147,0.9379310344827586,0.791949697080962,0.0,0.0,0.6806005298793053,0.0,56104.0,4316,field,10000,2.0,,8,95116,10.0,80.0,1,
0.9913886062299713,65276,0.6922389503343286,0.08297237057908238,0.9923079261804141,0.7541731633495369,0.0,0.0,0.6862778081500484,0.0,64142.0,567,0.9617991072883068,59041,0.6453803776441398,0.08372934101518147,0.9620968924666352,0.7041375986781715,0.0,0.0,0.6207262710795239,0.0,54351.0,2345,field,10000,2.0,,16,95116,10.0,5.0,1,
0.9912256489969057,68233,0.7237163043021153,0.08297237057908238,0.9922057903997441,0.7884183252315876,0.0,0.0,0.7173661634215064,0.0,67025.0,604,0.9547464806278809,61310,0.6751335211741453,0.08372934101518147,0.9550588052028974,0.7365866532035983,0.0,0.0,0.644581353294924,0.0,55498.0,2906,field,10000,2.0,,16,95116,10.0,10.0,1,
0.9903647227325993,68455,0.726702132133395,0.08297237057908238,0.9913399852287373,0.7916743098229845,0.0,0.0,0.7197001555994785,0.0,67123.0,666,0.9525046609003943,62330,0.6879809916312712,0.08372934101518147,0.9528104315392023,0.7506081329172021,0.0,0.0,0.655305101139661,0.0,56114.0,3108,field,10000,2.0,,16,95116,10.0,15.0,1,
0.9894971033964662,68492,0.7277324530047521,0.08297237057908238,0.9904701305837948,0.792797853801706,0.0,0.0,0.7200891542958072,0.0,67038.0,727,0.9549111657886394,63260,0.6964863955591067,0.08372934101518147,0.9552139643040498,0.7598907655590234,0.0,0.0,0.6650826359392742,0.0,57286.0,2987,field,10000,2.0,,16,95116,10.0,20.0,1,
0.9865925488558303,68508,0.730045418226166,0.08297237057908238,0.9875596430785198,0.7953200953865909,0.0,0.0,0.7202573699482737,0.0,66646.0,931,0.9520691304867839,63682,0.7032255351360444,0.08372934101518147,0.9523823766936859,0.7672342573893887,0.0,0.0,0.6695193237730771,0.0,57270.0,3206,field,10000,2.0,,16,95116,10.0,30.0,1,
0.9820673442181161,68510,0.7334307582320535,0.08297237057908238,0.983025554933781,0.7990117398881041,0.0,0.0,0.720278396904832,0.0,66008.0,1251,0.9492967399725848,63713,0.7056226081836915,0.08372934101518147,0.9496080126389841,0.7698503763539563,0.0,0.0,0.6698452415997308,0.0,56907.0,3403,field,10000,2.0,,16,95116,10.0,40.0,1,
0.9736374618062957,68510,0.7397808991126624,0.08297237057908238,0.9745792850335007,0.805936439512061,0.0,0.0,0.720278396904832,0.0,64800.0,1855,0.9432149571447604,63717,0.7102169981916817,0.08372934101518147,0.9435362061306086,0.7748531301633927,0.0,0.0,0.6698872955128474,0.0,56045.0,3836,field,10000,2.0,,16,95116,10.0,60.0,1,
0.9637893196781273,68510,0.747340089995374,0.08297237057908238,0.9647393471709804,0.8141566541318903,0.0,0.0,0.720278396904832,0.0,63362.0,2574,0.9406805934893334,63717,0.7121304512384877,0.08372934101518147,0.941014015448007,0.7769299614466679,0.0,0.0,0.6698872955128474,0.0,55681.0,4018,field,10000,2.0,,16,95116,10.0,80.0,1,
0.9853438893113268,66088,0.7051495016611296,0.08297237057908238,0.986314454145213,0.7681945336146014,0.0,0.0,0.6948147525127213,0.0,64122.0,983,0.9491340076869884,59020,0.6537596198326254,0.08372934101518147,0.949576857483026,0.7131677987883238,0.0,0.0,0.6205054880356617,0.0,52694.0,3163,field,12000,2.0,,0,95116,10.0,5.0,1,
0.9853237450332979,70427,0.7514613734808024,0.08297237057908238,0.9863863639546773,0.8185705769054389,0.0,0.0,0.7404327347659699,0.0,68329.0,1049,0.940560080534456,61665,0.6892846629378864,0.08372934101518147,0.9410768244666239,0.7518588213695613,0.0,0.0,0.6483136380840238,0.0,53871.0,3897,field,12000,2.0,,0,95116,10.0,10.0,1,
0.9856043310046891,72094,0.7690293956852685,0.08297237057908238,0.9866969589138587,0.8376822892781803,0.0,0.0,0.7579587030573195,0.0,69988.0,1053,0.9364164425890987,63033,0.7076937634046848,0.08372934101518147,0.9369314465782745,0.7719386818432165,0.0,0.0,0.6626960763699062,0.0,54473.0,4280,field,12000,2.0,,0,95116,10.0,15.0,1,
0.9853178422786492,72680,0.7755056983052273,0.08297237057908238,0.9864277958740499,0.8447216362469046,0.0,0.0,0.7641196013289037,0.0,70514.0,1083,0.9363443114644303,64310,0.7220867151688465,0.08372934101518147,0.9369582003875461,0.7875550761887278,0.0,0.0,0.6761217881323858,0.0,55566.0,4372,field,12000,2.0,,0,95116,10.0,20.0,1,
0.9826414178198591,72855,0.7794903065730266,0.08297237057908238,0.983795827425562,0.8490209116756856,0.0,0.0,0.7659594600277556,0.0,70281.0,1287,0.9320841757553322,65464,0.7384036334580932,0.08372934101518147,0.9328545371637027,0.8052138791995594,0.0,0.0,0.6882543420665292,0.0,55924.0,4770,field,12000,2.0,,0,95116,10.0,30.0,1,
0.9801339645989132,72871,0.7816560830985323,0.08297237057908238,0.9813483085541909,0.8513253233055122,0.0,0.0,0.766127675680222,0.0,69917.0,1477,0.9292383431416931,65686,0.7431767525968291,0.08372934101518147,0.9303307131223001,0.8101363135671011,0.0,0.0,0.6905883342445015,0.0,55682.0,5002,field,12000,2.0,,0,95116,10.0,40.0,1,
0.9752546138301147,72872,0.7855776104966568,0.08297237057908238,0.9765353845329188,0.8555328808584793,0.0,0.0,0.7661381891585012,0.0,69174.0,1849,0.9243338254939183,65734,0.7476660078220279,0.08372934101518147,0.9258440259721968,0.8146571507251699,0.0,0.0,0.6910929812019009,0.0,54972.0,5381,field,12000,2.0,,0,95116,10.0,60.0,1,
0.9679767296683447,72878,0.7915492661592162,0.08297237057908238,0.9697800369931736,0.8615633311932496,0.0,0.0,0.7662012700281762,0.0,68056.0,2411,0.9211356024830795,65735,0.750273350435258,0.08372934101518147,0.9230369579869693,0.817147053423903,0.0,0.0,0.69110349468018,0.0,54479.0,5628,field,12000,2.0,,0,95116,10.0,80.0,1,
0.9854547081990691,66057,0.7047394760082426,0.08297237057908238,0.9864112174653188,0.767758873704485,0.0,0.0,0.6944888346860676,0.0,64107.0,975,0.9495414320193081,59014,0.6534126750494134,0.08372934101518147,0.9499235412474849,0.7128350468147604,0.0,0.0,0.6204424071659868,0.0,52742.0,3136,field,12000,2.0,,2,95116,10.0,5.0,1,
0.985654043906471,70355,0.7504415660877245,0.08297237057908238,0.9866907887355548,0.8174814271301477,0.0,0.0,0.7396757643298709,0.0,68307.0,1024,0.9412537021770327,61654,0.6886538542411371,0.08372934101518147,0.9416993783507202,0.7512277400403892,0.0,0.0,0.6481979898229531,0.0,53958.0,3848,field,12000,2.0,,2,95116,10.0,10.0,1,
0.9860258658483121,71972,0.7673998065519997,0.08297237057908238,0.9870671329630392,0.8359511143721912,0.0,0.0,0.7566760587072627,0.0,69932.0,1020,0.9373456698301252,63014,0.7067790907943984,0.08372934101518147,0.9377920647676876,0.7709977969524509,0.0,0.0,0.6624963202826023,0.0,54590.0,4212,field,12000,2.0,,2,95116,10.0,15.0,1,
0.9858725950098579,72506,0.7732137600403718,0.08297237057908238,0.986905863777427,0.8422911125378336,0.0,0.0,0.7622902561083309,0.0,70428.0,1039,0.9377014746852984,64286,0.7207725303839523,0.08372934101518147,0.9381804383993462,0.786235542500459,0.0,0.0,0.675869464653686,0.0,55744.0,4271,field,12000,2.0,,2,95116,10.0,20.0,1,
0.9832040819088609,72646,0.7768093696118424,0.08297237057908238,0.9842431139833896,0.8462005869944053,0.0,0.0,0.7637621430674124,0.0,70164.0,1241,0.9338786347479765,65421,0.7365006938895664,0.08372934101518147,0.9343721435100548,0.8033780062419681,0.0,0.0,0.6878022625005257,0.0,56157.0,4632,field,12000,2.0,,2,95116,10.0,30.0,1,
0.9806731989094933,72662,0.7789856596156273,0.08297237057908238,0.9817199216375059,0.8485623222966157,0.0,0.0,0.7639303587198789,0.0,69798.0,1432,0.9315988190541078,65633,0.7406955717229489,0.08372934101518147,0.9321148083450499,0.8079332660179915,0.0,0.0,0.6900311198957063,0.0,55995.0,4819,field,12000,2.0,,2,95116,10.0,40.0,1,
0.9762330211874085,72662,0.7825287017957021,0.08297237057908238,0.9772702819023026,0.8524259378152802,0.0,0.0,0.7639303587198789,0.0,69124.0,1769,0.9273772204806687,65675,0.7445435047731191,0.08372934101518147,0.9279668800248683,0.8120639801725721,0.0,0.0,0.6904726859834308,0.0,55389.0,5143,field,12000,2.0,,2,95116,10.0,60.0,1,
0.9698231564898232,72664,0.7877223600656041,0.08297237057908238,0.9710803442561607,0.857883151426213,0.0,0.0,0.7639513856764372,0.0,68142.0,2261,0.9249098693105002,65676,0.7465410656461584,0.08372934101518147,0.9255876881447658,0.8141637598678172,0.0,0.0,0.6904831994617099,0.0,55012.0,5332,field,12000,2.0,,2,95116,10.0,80.0,1,
0.9857123661933981,66024,0.7042032886160057,0.08297237057908238,0.9866551100617182,0.7671856369806476,0.0,0.0,0.6941418899028554,0.0,64110.0,957,0.9497761746803646,58983,0.652908028092014,0.08372934101518147,0.950158673904989,0.712284284927483,0.0,0.0,0.620116489339333,0.0,52745.0,3119,field,12000,2.0,,4,95116,10.0,5.0,1,
0.985987207540818,70293,0.7495268934774381,0.08297237057908238,0.9870117105226207,0.8164954599651472,0.0,0.0,0.7390239286765633,0.0,68295.0,999,0.9417088346353172,61600,0.6877181546742924,0.08372934101518147,0.9421409234816389,0.750218009913714,0.0,0.0,0.6476302619958787,0.0,53974.0,3813,field,12000,2.0,,4,95116,10.0,10.0,1,
0.9864508689564286,71859,0.7658648387232432,0.08297237057908238,0.9874675351444944,0.8343001926075392,0.0,0.0,0.7554880356617183,0.0,69885.0,987,0.9379984794048808,62920,0.7052336094873628,0.08372934101518147,0.9384321679990455,0.7693225628786488,0.0,0.0,0.6615080533243618,0.0,54602.0,4159,field,12000,2.0,,4,95116,10.0,15.0,1,
0.9862591673709752,72350,0.77124773960217,0.08297237057908238,0.987268534312187,0.8401701366596349,0.0,0.0,0.7606501534967829,0.0,70334.0,1008,0.938676967648479,64152,0.7185226460322133,0.08372934101518147,0.9391304347826087,0.7838030108316505,0.0,0.0,0.6744606585642794,0.0,55770.0,4191,field,12000,2.0,,4,95116,10.0,20.0,1,
0.9836303666200643,72467,0.7745594852601034,0.08297237057908238,0.9846594923637154,0.8437585985508576,0.0,0.0,0.7618802304554438,0.0,70055.0,1206,0.9351400206587858,65183,0.7328314899701417,0.08372934101518147,0.9355963829481843,0.7994079309711768,0.0,0.0,0.685300054670087,0.0,56141.0,4521,field,12000,2.0,,4,95116,10.0,30.0,1,
0.9811037264642581,72481,0.7767042348290508,0.08297237057908238,0.9821406794130002,0.8460859396496377,0.0,0.0,0.7620274191513521,0.0,69689.0,1396,0.9326437437580254,65369,0.7368896925858951,0.08372934101518147,0.9331096995218043,0.8038255002753809,0.0,0.0,0.6872555616300097,0.0,55927.0,4721,field,12000,2.0,,4,95116,10.0,40.0,1,
0.9767673773010269,72482,0.7801631691828924,0.08297237057908238,0.9777951651197928,0.8498578372924883,0.0,0.0,0.7620379326296312,0.0,69034.0,1724,0.9282500390331143,65398,0.7407060852012279,0.08372934101518147,0.9287377868666212,0.8079676886359464,0.0,0.0,0.6875604525001051,0.0,55288.0,5055,field,12000,2.0,,4,95116,10.0,60.0,1,
0.9705677557579003,72482,0.7851465578872114,0.08297237057908238,0.9717388389864593,0.8551545446207466,0.0,0.0,0.7620379326296312,0.0,68086.0,2198,0.9258320710109432,65398,0.7426405652045923,0.08372934101518147,0.9263566440500305,0.8100445199192216,0.0,0.0,0.6875604525001051,0.0,54920.0,5239,field,12000,2.0,,4,95116,10.0,80.0,1,
0.9859458488617484,65874,0.7024370242651079,0.08297237057908238,0.9868764044943821,0.7652710263230303,0.0,0.0,0.6925648681609824,0.0,63996.0,939,0.9503725686268185,58925,0.6518566802640986,0.08372934101518147,0.9507405853690019,0.7111483385349734,0.0,0.0,0.6195067075991421,0.0,52771.0,3077,field,12000,2.0,,8,95116,10.0,5.0,1,
0.9866317316767387,70040,0.7463413095588545,0.08297237057908238,0.9876473574369676,0.8130331101531688,0.0,0.0,0.7363640186719375,0.0,68142.0,949,0.9425502244969888,61508,0.6860780520627444,0.08372934101518147,0.9429403648627932,0.7484624563980172,0.0,0.0,0.6466630219941966,0.0,54010.0,3749,field,12000,2.0,,8,95116,10.0,10.0,1,
0.9869169982316534,71437,0.7610076117582741,0.08297237057908238,0.9879269810537962,0.8290149500137577,0.0,0.0,0.7510513478279154,0.0,69543.0,947,0.938798402656257,62769,0.7029416712225073,0.08372934101518147,0.9391776640632014,0.7668670827978704,0.0,0.0,0.6599205181042096,0.0,54585.0,4092,field,12000,2.0,,8,95116,10.0,15.0,1,
0.9864959542813183,71810,0.765307624374448,0.08297237057908238,0.987499828105447,0.8337040264147483,0.0,0.0,0.7549728752260397,0.0,69844.0,983,0.9398139302458884,63944,0.7153265486353505,0.08372934101518147,0.9402146743126011,0.7803607490361667,0.0,0.0,0.6722738550822154,0.0,55754.0,4095,field,12000,2.0,,8,95116,10.0,20.0,1,
0.983593995867712,71884,0.7683565330754026,0.08297237057908238,0.9846044269121192,0.8370173346785288,0.0,0.0,0.7557508726186972,0.0,69486.0,1199,0.9364675984752223,64856,0.7281214517010808,0.08372934101518147,0.9368734290584463,0.7943133835138608,0.0,0.0,0.6818621472728037,0.0,56056.0,4400,field,12000,2.0,,8,95116,10.0,30.0,1,
0.9810193081803916,71894,0.7704802556877918,0.08297237057908238,0.9820243136183582,0.8393332110428322,0.0,0.0,0.7558560074014887,0.0,69112.0,1391,0.9337738830627783,65000,0.7318432230119013,0.08372934101518147,0.934176487496407,0.7983752524325317,0.0,0.0,0.683376088145002,0.0,55780.0,4610,field,12000,2.0,,8,95116,10.0,40.0,1,
0.9762635452594987,71894,0.7742335674334497,0.08297237057908238,0.9772588252885125,0.8434261212510318,0.0,0.0,0.7558560074014887,0.0,68398.0,1748,0.928992899289929,65023,0.7358698851928172,0.08372934101518147,0.929417818498878,0.8027469249127961,0.0,0.0,0.6836178981454224,0.0,55083.0,4970,field,12000,2.0,,8,95116,10.0,60.0,1,
0.9698629397798403,71894,0.7793431178771185,0.08297237057908238,0.9709107605877269,0.8489406585343483,0.0,0.0,0.7558560074014887,0.0,67426.0,2234,0.9264383210326845,65023,0.7378989865006939,0.08372934101518147,0.9268741179992303,0.8049499724619056,0.0,0.0,0.6836178981454224,0.0,54697.0,5163,field,12000,2.0,,8,95116,10.0,80.0,1,
0.9868861354797865,65472,0.6974851759956264,0.08297237057908238,0.9877943905493278,0.7598940658534349,0.0,0.0,0.6883384498927625,0.0,63732.0,870,0.9515933060087158,58739,0.6489654737373313,0.08372934101518147,0.9519171555440313,0.7080273545070681,0.0,0.0,0.6175512006392195,0.0,52763.0,2988,field,12000,2.0,,16,95116,10.0,5.0,1,
0.9878147847278635,69312,0.7376992304133899,0.08297237057908238,0.9887871265941967,0.8036549573511877,0.0,0.0,0.7287102064847134,0.0,67602.0,855,0.9438786532111224,61169,0.6813364733588461,0.08372934101518147,0.9441991849839466,0.7433449605287314,0.0,0.0,0.6430989528575634,0.0,53895.0,3637,field,12000,2.0,,16,95116,10.0,10.0,1,
0.9877178189994379,70286,0.7481391143445898,0.08297237057908238,0.9886903924602617,0.8150279739521232,0.0,0.0,0.7389503343286092,0.0,68538.0,874,0.9404921767732396,62333,0.6968017999074814,0.08372934101518147,0.9408044675873519,0.7602235175325868,0.0,0.0,0.6553366415744986,0.0,54445.0,3944,field,12000,2.0,,16,95116,10.0,15.0,1,
0.9869642532099301,70488,0.7508621052188906,0.08297237057908238,0.9879325568683514,0.8179973401816014,0.0,0.0,0.7410740569409984,0.0,68626.0,931,0.9421304554643835,63379,0.7072627107952395,0.08372934101518147,0.9424386617100372,0.7716403524876079,0.0,0.0,0.6663337398544935,0.0,55593.0,3893,field,12000,2.0,,16,95116,10.0,20.0,1,
0.9842166959725362,70527,0.7533748265276083,0.08297237057908238,0.9851928422758323,0.8207259469870678,0.0,0.0,0.7414840825938853,0.0,68265.0,1131,0.9390492384819479,64061,0.7172189747255983,0.08372934101518147,0.9393797199208153,0.7824834771433816,0.0,0.0,0.6735039320408764,0.0,55745.0,4158,field,12000,2.0,,16,95116,10.0,30.0,1,
0.9810698787136976,70535,0.755877034358047,0.08297237057908238,0.9820396797772364,0.8234545537925342,0.0,0.0,0.7415681904201186,0.0,67813.0,1361,0.9362242292484352,64166,0.7205622608183692,0.08372934101518147,0.9365521871761564,0.7861322746465944,0.0,0.0,0.6746078472601875,0.0,55424.0,4371,field,12000,2.0,,16,95116,10.0,40.0,1,
0.9751700492174971,70536,0.7604609108877581,0.08297237057908238,0.9761282019346535,0.828453178024397,0.0,0.0,0.7415787038983978,0.0,66944.0,1796,0.9303876373546722,64180,0.7252407586525926,0.08372934101518147,0.9307249445306496,0.7912268221039104,0.0,0.0,0.6747550359560958,0.0,54576.0,4802,field,12000,2.0,,16,95116,10.0,60.0,1,
0.9679039451114922,70536,0.7661697295933386,0.08297237057908238,0.9688744814702893,0.8346555993763184,0.0,0.0,0.7415787038983978,0.0,65858.0,2339,0.9278857275040481,64180,0.7271962656125153,0.08372934101518147,0.928234647536953,0.7933495502111254,0.0,0.0,0.6747550359560958,0.0,54204.0,4988,field,12000,2.0,,16,95116,10.0,80.0,1,
0.9626099806135867,71005,0.7755056983052273,0.08297237057908238,0.9636943539630836,0.8447216362469046,0.0,0.0,0.746509525211321,0.0,65489.0,2758,0.8878745522844413,60981,0.7220867151688465,0.08372934101518147,0.8884566633157044,0.7875550761887278,0.0,0.0,0.6411224189410825,0.0,45579.0,7701,field,12000,2.0,,0,95116,0.0,20.0,2,adep
0.9833114162927212,72532,0.7755056983052273,0.08297237057908238,0.9844191096634093,0.8447216362469046,0.0,0.0,0.7625636065435889,0.0,70070.0,1231,0.9311901225939838,63956,0.7220867151688465,0.08372934101518147,0.9318006323120183,0.7875550761887278,0.0,0.0,0.6724000168215652,0.0,54504.0,4726,field,12000,2.0,,0,95116,5.0,20.0,2,adep
0.9839079213155647,72576,0.7755056983052273,0.08297237057908238,0.9850162866449511,0.8447216362469046,0.0,0.0,0.7630261995878717,0.0,70202.0,1187,0.9373052619318016,64376,0.7220867151688465,0.08372934101518147,0.9379197808762038,0.7875550761887278,0.0,0.0,0.6768156776988099,0.0,55764.0,4306,field,12000,2.0,,0,95116,15.0,20.0,2,adep
0.9823624310291067,72462,0.7755056983052273,0.08297237057908238,0.9834690553745928,0.8447216362469046,0.0,0.0,0.7618276630640481,0.0,69860.0,1301,0.9369995049649108,64355,0.7220867151688465,0.08372934101518147,0.9376138234479945,0.7875550761887278,0.0,0.0,0.6765948946549476,0.0,55701.0,4327,field,12000,2.0,,0,95116,20.0,20.0,2,adep
0.9823624310291067,72462,0.7755056983052273,0.08297237057908238,0.9834690553745928,0.8447216362469046,0.0,0.0,0.7618276630640481,0.0,69860.0,1301,0.9369995049649108,64355,0.7220867151688465,0.08372934101518147,0.9376138234479945,0.7875550761887278,0.0,0.0,0.6765948946549476,0.0,55701.0,4327,field,12000,2.0,,0,95116,30.0,20.0,2,adep
0.9809078483562333,68178,0.7307393077925901,0.08297237057908238,0.9819250212435009,0.7960309089241493,0.0,0.0,0.7167879221161529,0.0,65524.0,1327,0.9511687841931545,63111,0.6975797973001387,0.08372934101518147,0.9516133896260555,0.7609693409216082,0.0,0.0,0.6635161276756802,0.0,56631.0,3240,field,6100,2.0,,2,95116,0.0,20.0,2,ades
0.9919430256816056,68945,0.7307393077925901,0.08297237057908238,0.9929716417265565,0.7960309089241493,0.0,0.0,0.7248517599562639,0.0,67825.0,560,0.9704450573465359,64390,0.6975797973001387,0.08372934101518147,0.9708986731001207,0.7609693409216082,0.0,0.0,0.676962866394718,0.0,60468.0,1961,field,6100,2.0,,2,95116,5.0,20.0,2,ades
0.9893820588446874,68767,0.7307393077925901,0.08297237057908238,0.990408019241571,0.7960309089241493,0.0,0.0,0.7229803608225746,0.0,67291.0,738,0.9726906904191346,64539,0.6975797973001387,0.08372934101518147,0.9731453558504222,0.7609693409216082,0.0,0.0,0.678529374658312,0.0,60915.0,1812,field,6100,2.0,,2,95116,15.0,20.0,2,ades
0.9870225163657291,68603,0.7307393077925901,0.08297237057908238,0.9880460299857416,0.7960309089241493,0.0,0.0,0.7212561503847933,0.0,66799.0,902,0.9717110518304171,64474,0.6975797973001387,0.08372934101518147,0.9721652593486128,0.7609693409216082,0.0,0.0,0.6778459985701669,0.0,60720.0,1877,field,6100,2.0,,2,95116,20.0,20.0,2,ades
0.9870225163657291,68603,0.7307393077925901,0.08297237057908238,0.9880460299857416,0.7960309089241493,0.0,0.0,0.7212561503847933,0.0,66799.0,902,0.9717110518304171,64474,0.6975797973001387,0.08372934101518147,0.9721652593486128,0.7609693409216082,0.0,0.0,0.6778459985701669,0.0,60720.0,1877,field,6100,2.0,,2,95116,30.0,20.0,2,ades
