accuracy,angle_deg,answered,block_correct,block_flights,correct,ratio,recall_of_recoverable,side,window_min,wrong
0.3058823529411765,1,85,3620,13419,26,0.4406779661016949,0.0071823204419889505,arrival,2,59
0.2732919254658385,2,161,3620,13419,44,0.37606837606837606,0.012154696132596685,arrival,2,117
0.34615384615384615,3,260,3620,13419,90,0.5294117647058824,0.024861878453038673,arrival,2,170
0.31699346405228757,4,306,3620,13419,97,0.46411483253588515,0.02679558011049724,arrival,2,209
0.29222520107238603,5,373,3620,13419,109,0.4128787878787879,0.03011049723756906,arrival,2,264
0.2787878787878788,7,495,3620,13419,138,0.3865546218487395,0.03812154696132597,arrival,2,357
0.2576419213973799,10,687,3620,13419,177,0.34705882352941175,0.04889502762430939,arrival,2,510
0.2591170825335892,15,1042,3620,13419,270,0.34974093264248707,0.07458563535911603,arrival,2,772
0.2482468443197756,20,1426,3620,13419,354,0.3302238805970149,0.09779005524861878,arrival,2,1072
0.238253178551686,25,1809,3620,13419,431,0.3127721335268505,0.11906077348066299,arrival,2,1378
0.22664282521233794,30,2237,3620,13419,507,0.2930635838150289,0.14005524861878452,arrival,2,1730
0.23076923076923078,40,2912,3620,13419,672,0.3,0.1856353591160221,arrival,2,2240
0.2296858071505959,50,3692,3620,13419,848,0.2981715893108298,0.23425414364640884,arrival,2,2844
0.22181400688863376,60,4355,3620,13419,966,0.2850398347595161,0.2668508287292818,arrival,2,3389
0.22907213268659052,90,6391,3620,13419,1464,0.29713821798254514,0.4044198895027624,arrival,2,4927
0.37623762376237624,1,101,3629,13434,38,0.6031746031746031,0.010471204188481676,arrival,3,63
0.32978723404255317,2,188,3629,13434,62,0.49206349206349204,0.017084596307522733,arrival,3,126
0.3680555555555556,3,288,3629,13434,106,0.5824175824175825,0.029209148525764672,arrival,3,182
0.3362573099415205,4,342,3629,13434,115,0.5066079295154186,0.03168917057040507,arrival,3,227
0.31295843520782396,5,409,3629,13434,128,0.4555160142348754,0.03527142463488565,arrival,3,281
0.3030852994555354,7,551,3629,13434,167,0.4348958333333333,0.04601818682832736,arrival,3,384
0.2868525896414343,10,753,3629,13434,216,0.4022346368715084,0.059520529071369524,arrival,3,537
0.27855887521968364,15,1138,3629,13434,317,0.3861144945188794,0.08735188757233397,arrival,3,821
0.26380766731643923,20,1539,3629,13434,406,0.35834068843777583,0.1118765500137779,arrival,3,1133
0.25247267048412286,25,1921,3629,13434,485,0.33774373259052926,0.13364563240562138,arrival,3,1436
0.23797360578969776,30,2349,3629,13434,559,0.31229050279329607,0.15403692477266465,arrival,3,1790
0.23903725684141114,40,3033,3629,13434,725,0.3141247833622184,0.19977955359603197,arrival,3,2308
0.2357404500261643,50,3822,3629,13434,901,0.30845600821636426,0.2482777624689997,arrival,3,2921
0.22578490313961255,60,4491,3629,13434,1014,0.2916307161345988,0.2794158170294847,arrival,3,3477
0.2310646796742971,90,6509,3629,13434,1504,0.3004995004995005,0.4144392394599063,arrival,3,5005
0.73767258382643,1,507,3644,13457,374,2.81203007518797,0.1026344676180022,arrival,5,133
0.6979166666666666,2,672,3644,13457,469,2.310344827586207,0.12870472008781558,arrival,5,203
0.677819083023544,3,807,3644,13457,547,2.103846153846154,0.15010976948408342,arrival,5,260
0.6615384615384615,4,910,3644,13457,602,1.9545454545454546,0.16520307354555433,arrival,5,308
0.6405163853028798,5,1007,3644,13457,645,1.781767955801105,0.1770032930845225,arrival,5,362
0.6068734283319362,7,1193,3644,13457,724,1.5437100213219617,0.1986827661909989,arrival,5,469
0.5699588477366255,10,1458,3644,13457,831,1.325358851674641,0.22804610318331503,arrival,5,627
0.540356394129979,15,1908,3644,13457,1031,1.1755986316989737,0.2829308452250274,arrival,5,877
0.5314516129032258,20,2480,3644,13457,1318,1.1342512908777969,0.36169045005488476,arrival,5,1162
0.5099451303155007,25,2916,3644,13457,1487,1.040587823652904,0.4080680570801317,arrival,5,1429
0.4793536804308797,30,3342,3644,13457,1602,0.9206896551724137,0.43962678375411635,arrival,5,1740
0.43661971830985913,40,4047,3644,13457,1767,0.775,0.4849066959385291,arrival,5,2280
0.40716405256464605,50,4718,3644,13457,1921,0.6868072935287808,0.5271679473106476,arrival,5,2797
0.38281397544853635,60,5295,3644,13457,2027,0.6202570379436965,0.5562568605927553,arrival,5,3268
0.3283498672628196,90,7157,3644,13457,2350,0.48887039733721654,0.6448957189901208,arrival,5,4807
0.7586980920314254,1,891,3659,13498,676,3.144186046511628,0.18474993167532114,arrival,7,215
0.7268683274021353,2,1124,3659,13498,817,2.6612377850162865,0.22328505056026238,arrival,7,307
0.7157816005983545,3,1337,3659,13498,957,2.518421052631579,0.26154687072970756,arrival,7,380
0.7101542416452442,4,1556,3659,13498,1105,2.450110864745011,0.3019950806231211,arrival,7,451
0.7041387024608501,5,1788,3659,13498,1259,2.379962192816635,0.3440830828095108,arrival,7,529
0.6759090909090909,7,2200,3659,13498,1487,2.085553997194951,0.40639518994260726,arrival,7,713
0.6358274972355327,10,2713,3659,13498,1725,1.7459514170040487,0.47144028423066414,arrival,7,988
0.5872127283441367,15,3394,3659,13498,1993,1.422555317630264,0.5446843399836021,arrival,7,1401
0.5483383685800605,20,3972,3659,13498,2178,1.214046822742475,0.5952446023503689,arrival,7,1794
0.5206000895656068,25,4466,3659,13498,2325,1.0859411489957964,0.6354195135282864,arrival,7,2141
0.4908321579689704,30,4963,3659,13498,2436,0.96398891966759,0.6657556709483465,arrival,7,2527
0.4508620689655172,40,5800,3659,13498,2615,0.8210361067503925,0.7146761410221372,arrival,7,3185
0.4166160388821385,50,6584,3659,13498,2743,0.7141369435042958,0.74965837660563,arrival,7,3841
0.3848989623156745,60,7324,3659,13498,2819,0.625749167591565,0.7704290789833288,arrival,7,4505
0.32817438692098094,90,9175,3659,13498,3011,0.48848150551589875,0.822902432358568,arrival,7,6164
0.6655913978494624,1,930,3674,13534,619,1.9903536977491962,0.16848121937942298,arrival,10,311
0.7104100946372239,2,1585,3674,13534,1126,2.4531590413943354,0.30647795318454,arrival,10,459
0.7068466730954677,3,2074,3674,13534,1466,2.411184210526316,0.3990201415351116,arrival,10,608
0.6794013391098858,4,2539,3674,13534,1725,2.119164619164619,0.46951551442569406,arrival,10,814
0.6572511195315192,5,2903,3674,13534,1908,1.9175879396984925,0.5193249863908547,arrival,10,995
0.6229172756503947,7,3421,3674,13534,2131,1.651937984496124,0.5800217746325531,arrival,10,1290
0.5835183814458426,10,4053,3674,13534,2365,1.4010663507109005,0.6437125748502994,arrival,10,1688
0.5320603015075377,15,4975,3674,13534,2647,1.1370274914089347,0.7204681545998911,arrival,10,2328
0.497140876797782,20,5771,3674,13534,2869,0.9886285320468642,0.7808927599346761,arrival,10,2902
0.4673157162726008,25,6471,3674,13534,3024,0.8772845953002611,0.8230811105062602,arrival,10,3447
0.43682814463213737,30,7163,3674,13534,3129,0.7756569162121963,0.851660315732172,arrival,10,4034
0.3909222248976643,40,8306,3674,13534,3247,0.6418264479146076,0.8837778987479586,arrival,10,5059
0.3595797682226795,50,9233,3674,13534,3320,0.5614747167258582,0.9036472509526402,arrival,10,5913
0.3415876897992459,60,9813,3674,13534,3352,0.5188051385234483,0.9123571039738705,arrival,10,6461
0.3091530915309153,90,11111,3674,13534,3435,0.4474986972381449,0.9349482852476865,arrival,10,7676
0.6768086544962812,1,1479,3677,13550,1001,2.094142259414226,0.2722327984770193,arrival,15,478
0.6635367762128326,2,2556,3677,13550,1696,1.972093023255814,0.4612455806363884,arrival,15,860
0.6417226634086745,3,3274,3677,13550,2101,1.7911338448422847,0.5713897198803373,arrival,15,1173
0.6200688377018798,4,3777,3677,13550,2342,1.6320557491289198,0.6369322817514278,arrival,15,1435
0.6025763358778626,5,4192,3677,13550,2526,1.5162064825930373,0.6869730758770737,arrival,15,1666
0.5632252901160464,7,4998,3677,13550,2815,1.2895098488318828,0.7655697579548545,arrival,15,2183
0.5177257525083612,10,5980,3677,13550,3096,1.073509015256588,0.8419907533315203,arrival,15,2884
0.4593852908891328,15,7288,3677,13550,3348,0.849746192893401,0.910524884416644,arrival,15,3940
0.4077394997640396,20,8476,3677,13550,3456,0.6884462151394423,0.939896654881697,arrival,15,5020
0.3755202219613702,25,9371,3677,13550,3519,0.6013328776486672,0.957030187652978,arrival,15,5852
0.3550521251002406,30,9976,3677,13550,3542,0.550512900217594,0.9632852869186838,arrival,15,6434
0.3321876451463075,40,10765,3677,13550,3576,0.4974266240089025,0.9725319553984226,arrival,15,7189
0.32004281509232,50,11211,3677,13550,3588,0.4706808343171979,0.9757954854500952,arrival,15,7623
0.3101843873858349,60,11606,3677,13550,3600,0.4496627529352985,0.9790590155017678,arrival,15,8006
0.2948509043506599,90,12274,3677,13550,3619,0.41813980358174463,0.984226271416916,arrival,15,8655
0.7115928369462771,1,2122,3678,13554,1510,2.4673202614379086,0.41054921152800433,arrival,20,612
0.6486164831895269,2,3361,3678,13554,2180,1.8458933107535986,0.5927134312126155,arrival,20,1181
0.6175386882829772,3,4071,3678,13554,2514,1.6146435452793835,0.6835236541598695,arrival,20,1557
0.5871342512908778,4,4648,3678,13554,2729,1.4220948410630536,0.741979336595976,arrival,20,1919
0.5593023255813954,5,5160,3678,13554,2886,1.2691292875989446,0.7846655791190864,arrival,20,2274
0.5144019528071603,7,6145,3678,13554,3161,1.0593163538873995,0.8594344752582925,arrival,20,2984
0.4603434178250204,10,7338,3678,13554,3378,0.853030303030303,0.9184339314845025,arrival,20,3960
0.393128067826863,15,8964,3678,13554,3524,0.6477941176470589,0.9581294181620446,arrival,20,5440
0.3593624699278268,20,9976,3678,13554,3585,0.5609450790173681,0.9747145187601958,arrival,20,6391
0.33832755876018356,25,10679,3678,13554,3613,0.5113218228134729,0.9823273518216422,arrival,20,7066
0.3268693063948769,30,11087,3678,13554,3624,0.48559560498459065,0.9853181076672104,arrival,20,7463
0.31514573213046493,40,11528,3678,13554,3633,0.46016466117796073,0.9877650897226754,arrival,20,7895
0.3030932978546483,50,12026,3678,13554,3645,0.4349123016346498,0.9910277324632952,arrival,20,8381
0.2979105452171074,60,12252,3678,13554,3650,0.42431992559869797,0.9923871669385536,arrival,20,8602
0.28842968688382364,90,12679,3678,13554,3657,0.4053424961205941,0.9942903752039152,arrival,20,9022
0.6923076923076923,1,3315,3678,13554,2295,2.25,0.6239804241435563,arrival,30,1020
0.6157205240174672,2,4351,3678,13554,2679,1.6022727272727273,0.7283849918433931,arrival,30,1672
0.564789818742769,3,5186,3678,13554,2929,1.2977403633141338,0.7963567156063078,arrival,30,2257
0.5223981138430448,4,5938,3678,13554,3102,1.0937940761636107,0.8433931484502447,arrival,30,2836
0.4900030293850348,5,6602,3678,13554,3235,0.9607959607959607,0.8795541054921153,arrival,30,3367
0.4311707867988455,7,7969,3678,13554,3436,0.7579969115376131,0.9342033713974986,arrival,30,4533
0.3796473337582324,10,9414,3678,13554,3574,0.611986301369863,0.9717237629146275,arrival,30,5840
0.344097255199924,15,10529,3678,13554,3623,0.5246162757022879,0.9850462207721588,arrival,30,6906
0.3229951262738148,20,11285,3678,13554,3645,0.47709424083769636,0.9910277324632952,arrival,30,7640
0.3112075568036763,25,11751,3678,13554,3657,0.45181616011860637,0.9942903752039152,arrival,30,8094
0.30015590383195206,30,12187,3678,13554,3658,0.42888967053581895,0.9945622620989668,arrival,30,8529
0.29373996789727125,40,12460,3678,13554,3660,0.4159090909090909,0.9951060358890701,arrival,30,8800
0.29007996199825825,50,12631,3678,13554,3664,0.40860934537749527,0.9961935834692768,arrival,30,8967
0.28837831458021873,60,12709,3678,13554,3665,0.40524104378593545,0.9964654703643284,arrival,30,9044
0.2826422074919069,90,12974,3678,13554,3667,0.394004512732352,0.9970092441544317,arrival,30,9307
0.5287356321839081,1,174,1459,7744,92,1.1219512195121952,0.06305688827964359,departure,2,82
0.5635838150289018,2,346,1459,7744,195,1.2913907284768211,0.13365318711446195,departure,2,151
0.569620253164557,3,474,1459,7744,270,1.3235294117647058,0.1850582590815627,departure,2,204
0.5932475884244373,4,622,1459,7744,369,1.458498023715415,0.2529129540781357,departure,2,253
0.6061827956989247,5,744,1459,7744,451,1.5392491467576792,0.30911583276216587,departure,2,293
0.6033966033966034,7,1001,1459,7744,604,1.521410579345088,0.4139821795750514,departure,2,397
0.5418994413407822,10,1432,1459,7744,776,1.1829268292682926,0.5318711446196025,departure,2,656
0.4898452611218569,15,2068,1459,7744,1013,0.9601895734597157,0.6943111720356409,departure,2,1055
0.46175637393767704,20,2471,1459,7744,1141,0.8578947368421053,0.7820424948594928,departure,2,1330
0.44152572867938106,25,2779,1459,7744,1227,0.7905927835051546,0.8409869773817683,departure,2,1552
0.4153846153846154,30,3055,1459,7744,1269,0.7105263157894737,0.8697738176833447,departure,2,1786
0.3741089250071286,40,3507,1459,7744,1312,0.5977220956719818,0.8992460589444825,departure,2,2195
0.34325295023088764,50,3898,1459,7744,1338,0.52265625,0.9170664838930774,departure,2,2560
0.3087799315849487,60,4385,1459,7744,1354,0.4467172550313428,0.9280328992460589,departure,2,3031
0.24678111587982832,90,5592,1459,7744,1380,0.32763532763532766,0.9458533241946538,departure,2,4212
0.5242718446601942,1,206,1463,7757,108,1.1020408163265305,0.07382091592617908,departure,3,98
0.5310173697270472,2,403,1463,7757,214,1.1322751322751323,0.14627477785372522,departure,3,189
0.5590828924162258,3,567,1463,7757,317,1.268,0.21667805878332194,departure,3,250
0.5708390646492435,4,727,1463,7757,415,1.330128205128205,0.2836637047163363,departure,3,312
0.5751708428246014,5,878,1463,7757,505,1.353887399463807,0.34518113465481887,departure,3,373
0.566722972972973,7,1184,1463,7757,671,1.307992202729045,0.45864661654135336,departure,3,513
0.4899135446685879,10,1735,1463,7757,850,0.96045197740113,0.5809979494190021,departure,3,885
0.4541631623212784,15,2378,1463,7757,1080,0.8320493066255779,0.7382091592617909,departure,3,1298
0.42175909572589193,20,2831,1463,7757,1194,0.7293830177153329,0.8161312371838687,departure,3,1637
0.39974779319041615,25,3172,1463,7757,1268,0.6659663865546218,0.8667122351332878,departure,3,1904
0.375,30,3464,1463,7757,1299,0.6,0.8879015721120984,departure,3,2165
0.3406425293217746,40,3922,1463,7757,1336,0.5166279969064191,0.9131920710868079,departure,3,2586
0.3041329739442947,50,4452,1463,7757,1354,0.4370561652679148,0.9254955570745045,departure,3,3098
0.2699071329776724,60,5061,1463,7757,1366,0.3696887686062246,0.9336978810663021,departure,3,3695
0.22920792079207922,90,6060,1463,7757,1389,0.29736673089274246,0.949419002050581,departure,3,4671
0.4788732394366197,1,284,1463,7764,136,0.918918918918919,0.09295967190704033,departure,5,148
0.5065913370998116,2,531,1463,7764,269,1.0267175572519085,0.18386876281613124,departure,5,262
0.52925877763329,3,769,1463,7764,407,1.1243093922651934,0.2781954887218045,departure,5,362
0.5266393442622951,4,976,1463,7764,514,1.1125541125541125,0.3513328776486671,departure,5,462
0.5163511187607573,5,1162,1463,7764,600,1.0676156583629892,0.4101161995898838,departure,5,562
0.4927899686520376,7,1595,1463,7764,786,0.9715698393077874,0.5372522214627478,departure,5,809
0.4392361111111111,10,2304,1463,7764,1012,0.7832817337461301,0.6917293233082706,departure,5,1292
0.3963963963963964,15,2997,1463,7764,1188,0.6567164179104478,0.8120300751879699,departure,5,1809
0.3720997679814385,20,3448,1463,7764,1283,0.5926096997690531,0.8769651401230348,departure,5,2165
0.3467297084318361,25,3807,1463,7764,1320,0.5307599517490953,0.9022556390977443,departure,5,2487
0.32338670548277537,30,4122,1463,7764,1333,0.47794908569379707,0.9111414900888585,departure,5,2789
0.28003314001657,40,4828,1463,7764,1352,0.38895281933256615,0.9241285030758715,departure,5,3476
0.2453203743700504,50,5556,1463,7764,1363,0.32506558549964226,0.9316473000683527,departure,5,4193
0.23110513940208263,60,5954,1463,7764,1376,0.3005679335954565,0.9405331510594669,departure,5,4578
0.21077318807686488,90,6609,1463,7764,1393,0.2670628834355828,0.9521531100478469,departure,5,5216
0.4818941504178273,1,359,1464,7766,173,0.9301075268817204,0.11816939890710383,departure,7,186
0.47496206373292865,2,659,1464,7766,313,0.9046242774566474,0.21379781420765026,departure,7,346
0.5015641293013556,3,959,1464,7766,481,1.006276150627615,0.328551912568306,departure,7,478
0.4887966804979253,4,1205,1464,7766,589,0.9561688311688312,0.4023224043715847,departure,7,616
0.475354490209318,5,1481,1464,7766,704,0.9060489060489061,0.4808743169398907,departure,7,777
0.44953225012309206,7,2031,1464,7766,913,0.8166368515205724,0.6236338797814208,departure,7,1118
0.4013133892739876,10,2741,1464,7766,1100,0.6703229737964655,0.7513661202185792,departure,7,1641
0.3616289073702323,15,3487,1464,7766,1261,0.5664869721473496,0.8613387978142076,departure,7,2226
0.3297392176529589,20,3988,1464,7766,1315,0.49195660306771416,0.898224043715847,departure,7,2673
0.30392379224313903,25,4409,1464,7766,1340,0.4366243075920495,0.9153005464480874,departure,7,3069
0.2762080262080262,30,4884,1464,7766,1349,0.3816124469589816,0.921448087431694,departure,7,3535
0.23572170301142265,40,5778,1464,7766,1362,0.30842391304347827,0.930327868852459,departure,7,4416
0.22088353413654618,50,6225,1464,7766,1375,0.28350515463917525,0.9392076502732241,departure,7,4850
0.2129032258064516,60,6510,1464,7766,1386,0.27049180327868855,0.9467213114754098,departure,7,5124
0.20083082652915055,90,6981,1464,7766,1402,0.2512995160423015,0.9576502732240437,departure,7,5579
0.4517543859649123,1,456,1465,7768,206,0.824,0.14061433447098975,departure,10,250
0.4713302752293578,2,872,1465,7768,411,0.8915401301518439,0.28054607508532425,departure,10,461
0.45545378850957535,3,1201,1465,7768,547,0.8363914373088684,0.3733788395904437,departure,10,654
0.452638270820089,4,1573,1465,7768,712,0.826945412311266,0.48600682593856653,departure,10,861
0.4409326424870466,5,1930,1465,7768,851,0.788693234476367,0.5808873720136519,departure,10,1079
0.40321346595256313,7,2614,1465,7768,1054,0.6756410256410257,0.7194539249146757,departure,10,1560
0.3626207729468599,10,3312,1465,7768,1201,0.5689246802463288,0.8197952218430035,departure,10,2111
0.31761006289308175,15,4134,1465,7768,1313,0.46543778801843316,0.8962457337883959,departure,10,2821
0.2871913905887318,20,4739,1465,7768,1361,0.4029011249259917,0.9290102389078498,departure,10,3378
0.2537451451821713,25,5407,1465,7768,1372,0.3400247831474597,0.936518771331058,departure,10,4035
0.2304733232982104,30,5979,1465,7768,1378,0.2995001086720278,0.9406143344709897,departure,10,4601
0.21431863573513596,40,6509,1465,7768,1395,0.27278060226828316,0.9522184300341296,departure,10,5114
0.20679012345679013,50,6804,1465,7768,1407,0.2607003891050584,0.9604095563139932,departure,10,5397
0.20266590225025083,60,6977,1465,7768,1414,0.25417939960452995,0.9651877133105802,departure,10,5563
0.1970893970893971,90,7215,1465,7768,1422,0.2454686690833765,0.9706484641638226,departure,10,5793
0.43605546995377503,1,649,1467,7773,283,0.773224043715847,0.1929107021131561,departure,15,366
0.4494283201407212,2,1137,1467,7773,511,0.8162939297124601,0.3483299250170416,departure,15,626
0.42857142857142855,3,1659,1467,7773,711,0.75,0.48466257668711654,departure,15,948
0.4180444024563061,4,2117,1467,7773,885,0.7183441558441559,0.6032719836400818,departure,15,1232
0.40337122696981575,5,2551,1467,7773,1029,0.676084099868594,0.7014314928425358,departure,15,1522
0.35438491469619876,7,3341,1467,7773,1184,0.5489105238757533,0.8070892978868439,departure,15,2157
0.31713244228432563,10,4115,1467,7773,1305,0.46441281138790036,0.8895705521472392,departure,15,2810
0.27222441722639273,15,5062,1467,7773,1378,0.3740499457111835,0.9393319700068167,departure,15,3684
0.2337943676053991,20,6001,1467,7773,1403,0.3051326663766855,0.956373551465576,departure,15,4598
0.2184014869888476,25,6456,1467,7773,1410,0.2794292508917955,0.9611451942740287,departure,15,5046
0.2103068215668752,30,6714,1467,7773,1412,0.26631459826480575,0.9625085207907293,departure,15,5302
0.2050764349581771,40,6934,1467,7773,1422,0.25798258345428154,0.9693251533742331,departure,15,5512
0.20042164441321153,50,7115,1467,7773,1426,0.2506591668131482,0.9720518064076347,departure,15,5689
0.1982281284606866,60,7224,1467,7773,1432,0.2472375690607735,0.9761417859577369,departure,15,5792
0.1940922578904775,90,7414,1467,7773,1439,0.240836820083682,0.9809134287661895,departure,15,5975
0.42945544554455445,1,808,1467,7774,347,0.7527114967462039,0.2365371506475801,departure,20,461
0.4354727398205659,2,1449,1467,7774,631,0.7713936430317848,0.43012951601908656,departure,20,818
0.416952474277315,3,2041,1467,7774,851,0.7151260504201681,0.580095432856169,departure,20,1190
0.40046565774155995,4,2577,1467,7774,1032,0.6679611650485436,0.7034764826175869,departure,20,1545
0.372909150541161,5,3049,1467,7774,1137,0.5946652719665272,0.7750511247443763,departure,20,1912
0.32691814216063636,7,3897,1467,7774,1274,0.4857033930613801,0.8684389911383776,departure,20,2623
0.2843363388551059,10,4769,1467,7774,1356,0.39730442426018164,0.9243353783231084,departure,20,3413
0.23381836427496236,15,5979,1467,7774,1398,0.3051735428945645,0.9529652351738241,departure,20,4581
0.21767241379310345,20,6496,1467,7774,1414,0.27823691460055094,0.9638718473074301,departure,20,5082
0.2096797993212336,25,6777,1467,7774,1421,0.26530993278566095,0.9686434901158828,departure,20,5356
0.2058738425925926,30,6912,1467,7774,1423,0.2592457642557843,0.9700068166325835,departure,20,5489
0.20053288458841678,40,7131,1467,7774,1430,0.25083318716014735,0.9747784594410361,departure,20,5701
0.1970050831158126,50,7279,1467,7774,1434,0.24533789563729683,0.9775051124744376,departure,20,5845
0.19605173587474473,60,7345,1467,7774,1440,0.2438611346316681,0.9815950920245399,departure,20,5905
0.19351814651131646,90,7467,1467,7774,1445,0.23995350381932912,0.9850034083162917,departure,20,6022
0.4269449715370019,1,1054,1468,7776,450,0.7450331125827815,0.3065395095367847,departure,30,604
0.4197002141327623,2,1868,1468,7776,784,0.7232472324723247,0.5340599455040872,departure,30,1084
0.3840030326004549,3,2638,1468,7776,1013,0.6233846153846154,0.6900544959128065,departure,30,1625
0.3415357248739994,4,3373,1468,7776,1152,0.5186852769022963,0.784741144414169,departure,30,2221
0.31732243229432805,5,3914,1468,7776,1242,0.4648203592814371,0.8460490463215259,departure,30,2672
0.27804271200497616,7,4823,1468,7776,1341,0.38512349224583575,0.9134877384196185,departure,30,3482
0.23469903894790087,10,5931,1468,7776,1392,0.3066754791804362,0.9482288828337875,departure,30,4539
0.21598535692495424,15,6556,1468,7776,1416,0.2754863813229572,0.9645776566757494,departure,30,5140
0.20795686388807927,20,6862,1468,7776,1427,0.262557497700092,0.9720708446866485,departure,30,5435
0.20309615111489845,25,7041,1468,7776,1430,0.2548565318125111,0.9741144414168937,departure,30,5611
0.2007017543859649,30,7125,1468,7776,1430,0.2510974539069359,0.9741144414168937,departure,30,5695
0.1983402489626556,40,7230,1468,7776,1434,0.2474120082815735,0.9768392370572208,departure,30,5796
0.19532735669654985,50,7362,1468,7776,1438,0.24274139095205943,0.9795640326975477,departure,30,5924
0.19442574390736503,60,7427,1468,7776,1444,0.24135049306368042,0.9836512261580381,departure,30,5983
0.19247640568921973,90,7523,1468,7776,1448,0.23835390946502058,0.9863760217983651,departure,30,6075
