clean_match_pct,completeness,fragmented_pct,gap_minutes,homogeneity,land_err_p50_s,land_err_p90_s,land_signed_p10_s,land_signed_p50_s,land_signed_p90_s,low_alt_ft,low_alt_gap_minutes,merged_pct,n_apdf_flights,n_flights,n_tracks,off_err_p50_s,off_err_p90_s,off_signed_p10_s,off_signed_p50_s,off_signed_p90_s,period,v_measure
50.80913932314036,0.9883693433120541,48.99158220237073,10,0.9999438968982591,382.0,809.0,59.0,342.0,697.0,1000,3,0.19927847448891942,7612,29105,49785,89.0,949.0,-781.0,11.0,114.0,2025,0.9941229306723222
50.7782168012369,0.9883553498839004,49.02250472427418,10,0.9999438968982591,382.0,809.0,59.0,342.0,697.0,2500,3,0.19927847448891942,7612,29105,49835,88.0,931.0,-768.0,13.0,114.0,2025,0.9941158522114846
50.77478096546985,0.9883235189294568,49.03281223157533,10,0.999945224044215,382.0,809.0,59.0,342.0,697.0,5000,3,0.19240680295481877,7612,29105,49888,84.0,921.0,-761.0,14.0,114.0,2025,0.9941004062519421
50.750730115100495,0.9883021420445248,49.056863081944684,10,0.999945224044215,382.0,809.0,59.0,342.0,697.0,7500,3,0.19240680295481877,7612,29105,49916,84.0,921.0,-761.0,14.0,114.0,2025,0.9940895923771915
50.740422607799346,0.9882855015802571,49.06717058924583,10,0.999945224044215,382.0,809.0,59.0,342.0,697.0,10000,3,0.19240680295481877,7612,29105,49936,84.0,921.0,-761.0,14.0,114.0,2025,0.9940811743435175
50.80913932314036,0.9883705186131524,48.98471053083663,10,0.9999417534919751,382.0,809.0,59.0,342.0,697.0,1000,5,0.2061501460230201,7612,29105,49773,94.0,956.0,-788.0,10.0,114.0,2025,0.9941224659197333
50.78852430853805,0.9883638182205766,49.00532554543893,10,0.9999417534919751,382.0,809.0,59.0,342.0,697.0,2500,5,0.2061501460230201,7612,29105,49795,91.0,946.0,-778.0,11.0,114.0,2025,0.9941190766047766
50.78852430853805,0.9883446941242339,49.01219721697303,10,0.9999430806379309,382.0,809.0,59.0,342.0,697.0,5000,5,0.19927847448891942,7612,29105,49826,89.0,931.0,-771.0,13.0,114.0,2025,0.9941100586336977
50.77478096546985,0.9883333832233945,49.02594056004123,10,0.9999430806379309,382.0,809.0,59.0,342.0,697.0,7500,5,0.19927847448891942,7612,29105,49840,89.0,931.0,-771.0,13.0,114.0,2025,0.9941043369777961
50.7644734581687,0.9883203036236891,49.03624806734238,10,0.9999430806379309,382.0,809.0,59.0,342.0,697.0,10000,5,0.19927847448891942,7612,29105,49855,89.0,931.0,-771.0,13.0,114.0,2025,0.9940977205386679
50.81601099467446,0.9883732717515948,48.97783885930252,10,0.9999417534919751,381.0,809.0,59.0,342.0,697.0,1000,10,0.2061501460230201,7612,29105,49756,94.0,966.0,-795.0,10.0,114.0,2025,0.9941238585558854
50.81601099467446,0.9883732717515948,48.97783885930252,10,0.9999417534919751,381.0,809.0,59.0,342.0,697.0,2500,10,0.2061501460230201,7612,29105,49756,94.0,966.0,-795.0,10.0,114.0,2025,0.9941238585558854
50.81601099467446,0.9883732717515948,48.97783885930252,10,0.9999417534919751,381.0,809.0,59.0,342.0,697.0,5000,10,0.2061501460230201,7612,29105,49756,94.0,966.0,-795.0,10.0,114.0,2025,0.9941238585558854
50.81601099467446,0.9883732717515948,48.97783885930252,10,0.9999417534919751,381.0,809.0,59.0,342.0,697.0,7500,10,0.2061501460230201,7612,29105,49756,94.0,966.0,-795.0,10.0,114.0,2025,0.9941238585558854
50.81601099467446,0.9883732717515948,48.97783885930252,10,0.9999417534919751,381.0,809.0,59.0,342.0,697.0,10000,10,0.2061501460230201,7612,29105,49756,94.0,966.0,-795.0,10.0,114.0,2025,0.9941238585558854
51.07026284143618,0.9903347149671933,48.67204947603505,15,0.9999306620769421,375.0,791.0,62.0,343.0,698.0,1000,3,0.2576876825287751,7612,29105,48709,91.0,955.0,-791.0,10.0,109.0,2025,0.9951095553756052
51.02903281223158,0.9903173266597667,48.71327950523965,15,0.9999306620769421,375.0,791.0,59.0,343.0,698.0,2500,3,0.2576876825287751,7612,29105,48770,89.0,936.0,-776.0,12.0,109.0,2025,0.9951007771063936
51.03246864799863,0.9902773039032223,48.7442020271431,15,0.9999383484404766,375.0,792.0,59.0,343.0,698.0,5000,3,0.22332932485827178,7612,29105,48846,84.0,916.0,-766.0,14.0,109.0,2025,0.9950843775115394
51.00841779762927,0.9902498405472274,48.77856038481361,15,0.9999405031389723,375.0,792.0,59.0,343.0,698.0,7500,3,0.21302181755712077,7612,29105,48884,84.0,915.0,-766.0,14.0,109.0,2025,0.9950715788883443
50.99467445456107,0.9902277260207817,48.79230372788181,15,0.9999405031389723,375.0,792.0,59.0,343.0,698.0,10000,3,0.21302181755712077,7612,29105,48913,84.0,915.0,-766.0,14.0,109.0,2025,0.9950604135585348
51.07026284143618,0.9903358991840089,48.66517780450094,15,0.9999285186706581,375.0,791.0,62.0,343.0,698.0,1000,5,0.2645593540628758,7612,29105,48697,94.0,963.0,-800.0,10.0,109.0,2025,0.9951090918108865
51.03934031953273,0.9903258782579303,48.6961003264044,15,0.9999285186706581,375.0,791.0,61.0,343.0,698.0,2500,5,0.2645593540628758,7612,29105,48730,92.0,946.0,-786.0,11.0,109.0,2025,0.995104032907409
51.046211991066826,0.9902992431839737,48.7235870125408,15,0.9999362050341924,376.0,792.0,59.0,343.0,698.0,5000,5,0.23020099639237243,7612,29105,48784,89.0,926.0,-776.0,13.0,109.0,2025,0.9950943924390071
51.03246864799863,0.9902818852315496,48.74763786291015,15,0.9999383597326883,376.0,792.0,59.0,343.0,698.0,7500,5,0.21989348909122144,7612,29105,48808,89.0,924.0,-776.0,13.0,109.0,2025,0.9950866960548109
51.01872530493043,0.9902633452149626,48.76138120597835,15,0.9999383597326883,376.0,792.0,59.0,343.0,698.0,10000,5,0.21989348909122144,7612,29105,48832,89.0,924.0,-776.0,13.0,109.0,2025,0.9950773357856212
51.07369867720323,0.9903388543573782,48.65487029719979,15,0.9999272070880214,374.0,791.0,64.0,343.0,698.0,1000,10,0.27143102559697646,7612,29105,48679,97.0,971.0,-806.0,9.0,109.0,2025,0.9951099341855413
51.063391169902076,0.9903355605181301,48.66517780450094,15,0.9999272070880214,374.0,791.0,64.0,343.0,698.0,2500,10,0.27143102559697646,7612,29105,48690,96.0,967.0,-804.0,10.0,109.0,2025,0.9951082713564634
51.07713451297028,0.9903285320550528,48.68579281910325,15,0.9999348778882365,374.0,791.0,64.0,343.0,698.0,5000,10,0.2370726679264731,7612,29105,48714,94.0,961.0,-800.0,10.0,109.0,2025,0.9951085216382715
51.07713451297028,0.9903225292741115,48.6961003264044,15,0.9999370325867324,374.0,791.0,64.0,343.0,698.0,7500,10,0.22676516062532212,7612,29105,48724,94.0,961.0,-800.0,10.0,109.0,2025,0.995106558161965
51.07369867720323,0.9903171199480312,48.69953616217145,15,0.9999370325867324,374.0,791.0,64.0,343.0,698.0,10000,10,0.22676516062532212,7612,29105,48733,94.0,961.0,-800.0,10.0,109.0,2025,0.9951038272971288
51.056519498367976,0.990339280777437,48.65143446143274,15,0.9999203196992568,374.0,792.0,64.0,343.0,699.0,1000,15,0.2920460401992785,7612,29105,48670,99.0,975.0,-811.0,9.0,109.0,2025,0.9951067388480642
51.056519498367976,0.990339280777437,48.65143446143274,15,0.9999203196992568,374.0,792.0,64.0,343.0,699.0,2500,15,0.2920460401992785,7612,29105,48670,99.0,975.0,-811.0,9.0,109.0,2025,0.9951067388480642
51.056519498367976,0.990339280777437,48.65143446143274,15,0.9999203196992568,374.0,792.0,64.0,343.0,699.0,5000,15,0.2920460401992785,7612,29105,48670,99.0,975.0,-811.0,9.0,109.0,2025,0.9951067388480642
51.056519498367976,0.990339280777437,48.65143446143274,15,0.9999203196992568,374.0,792.0,64.0,343.0,699.0,7500,15,0.2920460401992785,7612,29105,48670,99.0,975.0,-811.0,9.0,109.0,2025,0.9951067388480642
51.056519498367976,0.990339280777437,48.65143446143274,15,0.9999203196992568,374.0,792.0,64.0,343.0,699.0,10000,15,0.2920460401992785,7612,29105,48670,99.0,975.0,-811.0,9.0,109.0,2025,0.9951067388480642
51.25236213708985,0.9920171732076933,48.34908091393231,20,0.99988530649556,372.0,784.0,64.0,343.0,699.0,1000,3,0.39855694897783883,7612,29105,47807,91.0,939.0,-796.0,10.0,109.0,2025,0.9959357000543558
51.20426043635114,0.9919974267420774,48.40405428620512,20,0.9998876142985318,372.0,784.0,59.0,343.0,699.0,2500,3,0.3916852774437382,7612,29105,47875,89.0,916.0,-780.0,12.0,109.0,2025,0.9959268933484565
51.21456794365229,0.9919557151267075,48.44184847964267,20,0.999899741925293,372.0,785.0,59.0,343.0,699.0,5000,3,0.3435835767050335,7612,29105,47957,84.0,901.0,-766.0,14.0,109.0,2025,0.9959118871250711
51.20082460058409,0.9919235711045548,48.50712935921663,20,0.9999151403223574,372.0,785.0,59.0,343.0,699.0,7500,3,0.2920460401992785,7612,29105,48007,84.0,901.0,-766.0,14.0,109.0,2025,0.9959033239990918
51.19395292904999,0.9918938650362608,48.52774437381893,20,0.9999174195662198,372.0,785.0,59.0,343.0,699.0,10000,3,0.27830269713107714,7612,29105,48047,84.0,901.0,-766.0,14.0,109.0,2025,0.9958894817774515
51.25236213708985,0.9920183651182585,48.34220924239821,20,0.9998831630892758,372.0,784.0,65.0,343.0,699.0,1000,5,0.4054286205119395,7612,29105,47795,94.0,946.0,-804.0,10.0,109.0,2025,0.9959352374709871
51.21456794365229,0.992006178932306,48.38687510736987,20,0.9998854708922477,373.0,784.0,64.0,343.0,699.0,2500,5,0.39855694897783883,7612,29105,47835,91.0,926.0,-790.0,11.0,109.0,2025,0.9959302409216026
51.2283112867205,0.9919779008573331,48.42123346504037,20,0.999897598519009,373.0,785.0,63.0,343.0,699.0,5000,5,0.35045524823913415,7612,29105,47895,89.0,906.0,-777.0,13.0,109.0,2025,0.9959220053278754
51.22487545095345,0.9919562329315218,48.47620683731318,20,0.9999129969160733,373.0,785.0,63.0,343.0,699.0,7500,5,0.29891771173337917,7612,29105,47931,89.0,906.0,-777.0,13.0,109.0,2025,0.9959187227928893
51.21800377941934,0.9919301128881535,48.49682185191548,20,0.9999152761599357,373.0,785.0,63.0,343.0,699.0,10000,5,0.2851743686651778,7612,29105,47966,89.0,906.0,-777.0,13.0,109.0,2025,0.9959066885546989
51.2557979728569,0.9920213326863886,48.33190173509706,20,0.9998818515066392,371.0,784.0,69.0,343.0,699.0,1000,10,0.4123002920460402,7612,29105,47777,96.0,956.0,-811.0,9.0,109.0,2025,0.9959360823677746
51.2420546297887,0.9920160264187277,48.35251674969936,20,0.999884159309611,371.0,784.0,66.0,343.0,699.0,2500,10,0.4054286205119395,7612,29105,47795,95.0,949.0,-806.0,10.0,109.0,2025,0.9959345530505702
51.25923380862395,0.9920074045780273,48.37656760006872,20,0.9998940505547119,371.0,784.0,66.0,343.0,699.0,5000,10,0.3641985913073355,7612,29105,47824,94.0,941.0,-803.0,10.0,109.0,2025,0.9959351145488177
51.269541315925096,0.9919971298691999,48.41779762927332,20,0.9999094489517762,371.0,784.0,66.0,343.0,699.0,7500,10,0.31266105480158046,7612,29105,47846,94.0,941.0,-802.0,10.0,109.0,2025,0.9959375746189586
51.272977151692146,0.9919841843061693,48.42810513657447,20,0.9999117281956388,371.0,784.0,66.0,343.0,699.0,10000,10,0.29891771173337917,7612,29105,47866,94.0,941.0,-802.0,10.0,109.0,2025,0.99593218084022
51.23861879402165,0.9920217721850006,48.32846589933001,20,0.9998749641178746,371.0,785.0,69.0,343.0,699.0,1000,15,0.4329153066483422,7612,29105,47768,99.0,959.0,-813.0,9.0,109.0,2025,0.9959328872727328
51.2351829582546,0.9920198757050104,48.33877340663116,20,0.9998772719208464,371.0,785.0,69.0,343.0,699.0,2500,15,0.42604363511424154,7612,29105,47775,97.0,956.0,-812.0,9.0,109.0,2025,0.9959330763573078
51.23861879402165,0.9920183193363249,48.34220924239821,20,0.9998794923657321,371.0,785.0,69.0,343.0,699.0,5000,15,0.41917196358014086,7612,29105,47780,97.0,956.0,-812.0,9.0,109.0,2025,0.9959333934986792
51.2489263013228,0.9920140712076516,48.37313176430167,20,0.9998927360643007,371.0,785.0,69.0,343.0,699.0,7500,15,0.37794193437553686,7612,29105,47792,97.0,956.0,-812.0,9.0,109.0,2025,0.9959378222443928
51.2557979728569,0.9920065529141037,48.38000343583577,20,0.9998950153081632,371.0,785.0,69.0,343.0,699.0,10000,15,0.3641985913073355,7612,29105,47803,97.0,956.0,-812.0,9.0,109.0,2025,0.9959351639017979
51.23174712248755,0.99202472216916,48.32159422779591,20,0.999869207870716,371.0,784.0,69.0,343.0,699.0,1000,20,0.44665864971654357,7612,29105,47760,99.0,961.0,-816.0,9.0,109.0,2025,0.9959315184253694
51.23174712248755,0.9920247221691599,48.32159422779591,20,0.999869207870716,371.0,784.0,69.0,343.0,699.0,2500,20,0.44665864971654357,7612,29105,47760,99.0,961.0,-816.0,9.0,109.0,2025,0.9959315184253693
51.23174712248755,0.99202472216916,48.32159422779591,20,0.999869207870716,371.0,784.0,69.0,343.0,699.0,5000,20,0.44665864971654357,7612,29105,47760,99.0,961.0,-816.0,9.0,109.0,2025,0.9959315184253694
51.23174712248755,0.99202472216916,48.32159422779591,20,0.999869207870716,371.0,784.0,69.0,343.0,699.0,7500,20,0.44665864971654357,7612,29105,47760,99.0,961.0,-816.0,9.0,109.0,2025,0.9959315184253694
51.23174712248755,0.99202472216916,48.32159422779591,20,0.999869207870716,371.0,784.0,69.0,343.0,699.0,10000,20,0.44665864971654357,7612,29105,47760,99.0,961.0,-816.0,9.0,109.0,2025,0.9959315184253694
51.376052224703656,0.9932448727773187,48.12918742484109,25,0.9998471773785379,370.0,779.0,66.0,343.0,699.0,1000,3,0.49476035045524824,7612,29105,47123,90.0,921.0,-797.0,10.0,109.0,2025,0.9965350897008984
51.33138635973201,0.9932247467419107,48.19446830441505,25,0.999854425491687,370.0,779.0,62.0,343.0,699.0,2500,3,0.4741453358529462,7612,29105,47196,88.0,901.0,-781.0,12.0,109.0,2025,0.9965285598011017
51.35543721010136,0.9931771473292635,48.2391341693867,25,0.9998738272521457,370.0,779.0,62.0,343.0,699.0,5000,3,0.4054286205119395,7612,29105,47284,84.0,886.0,-766.0,14.0,109.0,2025,0.9965142368203049
51.34169386703316,0.9931426748046026,48.30441504896066,25,0.99988922564921,370.0,779.0,62.0,343.0,699.0,7500,3,0.3538910840061845,7612,29105,47340,84.0,886.0,-766.0,14.0,109.0,2025,0.9965045314562663
51.33482219549906,0.9931116816462865,48.32503006356296,25,0.9998915048930724,370.0,779.0,62.0,343.0,699.0,10000,3,0.34014774093798317,7612,29105,47382,84.0,886.0,-766.0,14.0,109.0,2025,0.9964900614257848
51.376052224703656,0.9932460730576392,48.12231575330699,25,0.9998450339722538,370.0,779.0,69.0,343.0,699.0,1000,5,0.5016320219893489,7612,29105,47111,94.0,926.0,-806.0,10.0,109.0,2025,0.9965346292062184
51.34169386703316,0.9932335262649696,48.1772891255798,25,0.999852282085403,370.0,779.0,65.0,343.0,699.0,2500,5,0.4810170073870469,7612,29105,47156,91.0,911.0,-791.0,11.0,109.0,2025,0.9965319141996352
51.369180553169556,0.9931993936652576,48.2185191547844,25,0.9998716838458616,370.0,779.0,65.0,343.0,699.0,5000,5,0.4123002920460402,7612,29105,47222,89.0,898.0,-778.0,12.0,109.0,2025,0.9965243701984628
51.36574471740251,0.9931754231688535,48.27349252705721,25,0.9998870822429259,370.0,779.0,65.0,343.0,699.0,7500,5,0.3607627555402852,7612,29105,47264,89.0,896.0,-778.0,13.0,109.0,2025,0.9965199519144182
51.35887304586841,0.9931480248545952,48.29410754165951,25,0.9998893614867884,370.0,779.0,65.0,343.0,699.0,10000,5,0.34701941247208384,7612,29105,47301,89.0,896.0,-778.0,13.0,109.0,2025,0.9965072920750827
51.379488060470706,0.9932490497015104,48.11200824600584,25,0.9998437223896172,369.0,779.0,73.0,343.0,699.0,1000,10,0.5085036935234496,7612,29105,47093,95.0,941.0,-813.0,9.0,109.0,2025,0.9965354759393027
51.369180553169556,0.9932434000736663,48.14293076790929,25,0.9998509705027663,369.0,779.0,72.0,343.0,699.0,2500,10,0.48788867892114757,7612,29105,47116,94.0,931.0,-808.0,10.0,109.0,2025,0.9965362324734324
51.40010307507301,0.9932289740461956,48.17385328981275,25,0.9998679645787599,369.0,779.0,72.0,343.0,699.0,5000,10,0.42604363511424154,7612,29105,47151,94.0,921.0,-804.0,10.0,109.0,2025,0.9965374120993444
51.41041058237416,0.9932164249414612,48.21508331901735,25,0.9998833629758244,369.0,779.0,72.0,343.0,699.0,7500,10,0.3745060986084865,7612,29105,47179,94.0,921.0,-803.0,10.0,109.0,2025,0.996538743472595
51.41384641814121,0.9932022337133383,48.2253908263185,25,0.9998856422196868,369.0,779.0,72.0,343.0,699.0,10000,10,0.3607627555402852,7612,29105,47201,94.0,921.0,-803.0,10.0,109.0,2025,0.9965327322515508
51.36230888163546,0.9932494987730555,48.10857241023879,25,0.9998368350008525,369.0,779.0,73.0,343.0,700.0,1000,15,0.5291187081257516,7612,29105,47084,96.0,941.0,-816.0,9.0,109.0,2025,0.9965322810066379
51.36230888163546,0.9932472674842674,48.12918742484109,25,0.9998440831140016,369.0,779.0,73.0,343.0,700.0,2500,15,0.5085036935234496,7612,29105,47096,96.0,940.0,-813.0,9.0,109.0,2025,0.996534758093448
51.379488060470706,0.9932400211578978,48.13949493214224,25,0.9998534063897803,369.0,779.0,73.0,343.0,700.0,5000,15,0.4810170073870469,7612,29105,47107,96.0,940.0,-813.0,9.0,109.0,2025,0.9965357416679606
51.38979556777186,0.9932335161607001,48.1704174540457,25,0.9998666500883487,369.0,779.0,73.0,343.0,700.0,7500,15,0.4397869781824429,7612,29105,47125,96.0,940.0,-813.0,9.0,109.0,2025,0.9965390454289667
51.39666723930596,0.9932247656161637,48.1772891255798,25,0.9998689293322113,369.0,779.0,73.0,343.0,700.0,10000,15,0.42604363511424154,7612,29105,47138,96.0,940.0,-813.0,9.0,109.0,2025,0.9965357730044831
51.35543721010136,0.9932524632534074,48.10170073870469,25,0.9998310787536939,369.0,779.0,74.0,343.0,700.0,1000,20,0.5428620511939529,7612,29105,47076,97.0,946.0,-817.0,9.0,109.0,2025,0.996530913911766
51.35887304586841,0.9932521360215806,48.11200824600584,25,0.9998360190638712,369.0,779.0,74.0,343.0,700.0,2500,20,0.5291187081257516,7612,29105,47081,97.0,942.0,-816.0,9.0,109.0,2025,0.9965332030824557
51.372616388936606,0.9932464525207355,48.11887991753994,25,0.999843121894764,369.0,779.0,74.0,343.0,700.0,5000,20,0.5085036935234496,7612,29105,47087,97.0,942.0,-816.0,9.0,109.0,2025,0.9965338704764124
51.372616388936606,0.993244222334386,48.11887991753994,25,0.999843121894764,369.0,779.0,74.0,343.0,700.0,7500,20,0.5085036935234496,7612,29105,47093,97.0,942.0,-816.0,9.0,109.0,2025,0.9965327479883609
51.372616388936606,0.9932437409967515,48.11887991753994,25,0.999843121894764,369.0,779.0,74.0,343.0,700.0,10000,20,0.5085036935234496,7612,29105,47095,97.0,942.0,-816.0,9.0,109.0,2025,0.9965325057231894
51.45507644734582,0.9940673212505412,47.91960144305102,30,0.9997960917461383,369.0,776.0,66.0,343.0,701.0,1000,3,0.6253221096031609,7612,29105,46621,90.0,915.0,-801.0,10.0,108.0,2025,0.9969234765435753
51.41384641814121,0.9940469467327963,47.99862566569318,30,0.9998134577101966,369.0,776.0,62.0,343.0,701.0,2500,3,0.5875279161656073,7612,29105,46699,87.0,898.0,-781.0,12.0,108.0,2025,0.9969218634609748
51.45851228311287,0.9939986069414609,48.05359903796599,30,0.9998462503371588,369.0,776.0,62.0,343.0,700.0,5000,3,0.48788867892114757,7612,29105,46794,84.0,881.0,-766.0,14.0,108.0,2025,0.9969138535154334
51.45507644734582,0.9939640110745838,48.12918742484109,30,0.9998675065508053,369.0,776.0,62.0,343.0,700.0,7500,3,0.41573612781309055,7612,29105,46854,84.0,880.0,-766.0,14.0,109.0,2025,0.9969070190424257
51.44476894004467,0.9939308262416657,48.15323827521045,30,0.9998700389275978,369.0,776.0,62.0,343.0,700.0,10000,3,0.4019927847448892,7612,29105,46899,84.0,880.0,-766.0,14.0,109.0,2025,0.9968915866040866
51.45507644734582,0.9940685332006451,47.91272977151692,30,0.9997939483398541,369.0,776.0,69.0,343.0,701.0,1000,5,0.6321937811372617,7612,29105,46609,94.0,921.0,-806.0,9.0,108.0,2025,0.9969230204494353
51.42415392544236,0.9940557507766967,47.98144648685793,30,0.9998113143039125,369.0,776.0,66.0,343.0,701.0,2500,5,0.5943995876997079,7612,29105,46659,90.0,905.0,-791.0,11.0,108.0,2025,0.9969252254389697
51.47225562618107,0.9940209003241897,48.03298402336368,30,0.9998441069308747,369.0,776.0,65.0,343.0,700.0,5000,5,0.49476035045524824,7612,29105,46732,89.0,889.0,-779.0,12.0,108.0,2025,0.9969240001092246
51.479127297715166,0.9939968239566294,48.098264902937636,30,0.9998653631445212,369.0,776.0,65.0,343.0,700.0,7500,5,0.4226077993471912,7612,29105,46778,89.0,887.0,-778.0,13.0,108.0,2025,0.9969224571080914
51.46881979041402,0.9939672398215067,48.12231575330699,30,0.9998678955213138,369.0,776.0,65.0,343.0,700.0,10000,5,0.4088644562789899,7612,29105,46818,89.0,887.0,-778.0,13.0,108.0,2025,0.9969088363231984
51.45851228311287,0.9940715160083967,47.90242226421577,30,0.9997926367572174,369.0,776.0,74.0,343.0,701.0,1000,10,0.6390654526713623,7612,29105,46591,95.0,931.0,-816.0,9.0,108.0,2025,0.9969238683956738
51.45164061157877,0.9940656424246257,47.94708812918743,30,0.9998100027212758,369.0,776.0,73.0,343.0,701.0,2500,10,0.6012712592338086,7612,29105,46619,94.0,921.0,-811.0,10.0,108.0,2025,0.9969295478153704
51.50317814808452,0.9940505335356747,47.988318158392026,30,0.9998403876637731,369.0,775.0,73.0,343.0,700.0,5000,10,0.5085036935234496,7612,29105,46661,94.0,916.0,-806.0,10.0,108.0,2025,0.9969370543197044
51.52379316268682,0.9940378975296752,48.03985569489778,30,0.9998616438774196,369.0,775.0,73.0,343.0,700.0,7500,10,0.4363511424153925,7612,29105,46693,94.0,916.0,-805.0,10.0,108.0,2025,0.996941265756127
51.52379316268682,0.9940215509555221,48.05359903796599,30,0.9998641762542122,369.0,775.0,73.0,343.0,700.0,10000,10,0.4226077993471912,7612,29105,46718,94.0,916.0,-805.0,10.0,108.0,2025,0.9969343033674586
51.44133310427762,0.9940719715175032,47.89898642844872,30,0.9997857493684529,369.0,777.0,74.0,343.0,701.0,1000,15,0.6596804672736644,7612,29105,46582,96.0,936.0,-818.0,9.0,108.0,2025,0.9969206734853561
51.44476894004467,0.9940695220687356,47.93334478611922,30,0.9998031153325112,369.0,776.0,74.0,343.0,701.0,2500,15,0.6218862738361106,7612,29105,46599,95.0,931.0,-816.0,9.0,108.0,2025,0.9969280749213825
51.482563133482216,0.9940616868374366,47.95395980072153,30,0.9998258294747934,369.0,775.0,74.0,343.0,701.0,5000,15,0.5634770657962549,7612,29105,46617,95.0,929.0,-815.0,9.0,108.0,2025,0.996935426357036
51.50317814808452,0.9940551067742134,47.99518982992613,30,0.9998449309899441,369.0,775.0,74.0,343.0,701.0,7500,15,0.5016320219893489,7612,29105,46639,95.0,929.0,-815.0,9.0,108.0,2025,0.9969416127273532
51.50661398385157,0.994044209864848,48.00549733722728,30,0.9998474633667367,369.0,775.0,74.0,343.0,701.0,10000,15,0.48788867892114757,7612,29105,46655,95.0,929.0,-815.0,9.0,108.0,2025,0.9969373913848755
51.43446143274352,0.9940749458005205,47.89211475691462,30,0.9997799931212942,369.0,776.0,76.0,343.0,701.0,1000,20,0.6734238103418657,7612,29105,46574,96.0,939.0,-821.0,9.0,107.0,2025,0.9969193074917748
51.44133310427762,0.9940746577918345,47.91616560728397,30,0.9997950512823807,369.0,775.0,76.0,343.0,701.0,2500,20,0.6425012884384127,7612,29105,46584,96.0,937.0,-818.0,9.0,107.0,2025,0.9969266486594773
51.47569146194812,0.9940683897581116,47.93334478611922,30,0.9998155449797771,369.0,775.0,76.0,343.0,701.0,5000,20,0.5909637519326576,7612,29105,46597,96.0,936.0,-818.0,9.0,107.0,2025,0.9969336845916557
51.48599896924927,0.9940661025239251,47.94365229342038,30,0.9998214027963593,369.0,775.0,76.0,343.0,701.0,7500,20,0.5703487373303556,7612,29105,46607,96.0,936.0,-818.0,9.0,107.0,2025,0.9969354464038621
51.482563133482216,0.9940634889249359,47.94708812918743,30,0.9998214027963593,369.0,775.0,76.0,343.0,701.0,10000,20,0.5703487373303556,7612,29105,46612,96.0,936.0,-818.0,9.0,107.0,2025,0.9969341320476767
51.41728225390826,0.9940763635614617,47.881807249613466,30,0.9997675904183932,369.0,777.0,76.0,344.0,701.0,1000,30,0.7009104964782683,7612,29105,46563,96.0,940.0,-821.0,9.0,107.0,2025,0.9969138544728486
51.41728225390826,0.9940763635614617,47.881807249613466,30,0.9997675904183932,369.0,777.0,76.0,344.0,701.0,2500,30,0.7009104964782683,7612,29105,46563,96.0,940.0,-821.0,9.0,107.0,2025,0.9969138544728486
51.41728225390826,0.9940763635614617,47.881807249613466,30,0.9997675904183932,369.0,777.0,76.0,344.0,701.0,5000,30,0.7009104964782683,7612,29105,46563,96.0,940.0,-821.0,9.0,107.0,2025,0.9969138544728486
51.41728225390826,0.9940763635614617,47.881807249613466,30,0.9997675904183932,369.0,777.0,76.0,344.0,701.0,7500,30,0.7009104964782683,7612,29105,46563,96.0,940.0,-821.0,9.0,107.0,2025,0.9969138544728486
51.41728225390826,0.9940763635614617,47.881807249613466,30,0.9997675904183932,369.0,777.0,76.0,344.0,701.0,10000,30,0.7009104964782683,7612,29105,46563,96.0,940.0,-821.0,9.0,107.0,2025,0.9969138544728486
51.49974231231747,0.9949095124706832,47.38704689915822,40,0.9996379890296156,369.0,775.0,69.0,344.0,702.0,1000,3,1.1132107885243085,7612,29105,45909,90.0,916.0,-803.0,10.0,107.0,2025,0.9972681458471446
51.49287064078337,0.9948883397611645,47.51073698677203,40,0.9996814086786613,369.0,775.0,63.0,343.0,702.0,2500,3,0.9963923724445971,7612,29105,46007,87.0,898.0,-786.0,12.0,107.0,2025,0.9972791152060538
51.58220237072668,0.9948350947365029,47.61724789555059,40,0.9997364222787732,369.0,775.0,62.0,343.0,701.0,5000,3,0.8005497337227281,7612,29105,46127,84.0,881.0,-771.0,14.0,107.0,2025,0.9972797364092897
51.57533069919258,0.9947973141677587,47.71688713279505,40,0.9997705243036685,369.0,775.0,62.0,343.0,701.0,7500,3,0.707782168012369,7612,29105,46195,84.0,881.0,-771.0,14.0,108.0,2025,0.9972777191911277
51.56845902765848,0.9947605545773239,47.75124549046556,40,0.9997780766744516,369.0,775.0,62.0,343.0,701.0,10000,3,0.6802954818759663,7612,29105,46247,84.0,881.0,-771.0,14.0,108.0,2025,0.9972630045102241
51.49974231231747,0.9949107284745863,47.38017522762412,40,0.9996358456233315,369.0,775.0,71.0,344.0,702.0,1000,5,1.1200824600584092,7612,29105,45897,94.0,921.0,-811.0,9.0,107.0,2025,0.9972676901046812
51.50317814808452,0.9948971616859887,47.49355780793678,40,0.9996792652723773,369.0,775.0,66.0,343.0,702.0,2500,5,1.0032640439786977,7612,29105,45967,90.0,906.0,-796.0,11.0,107.0,2025,0.997282480804716
51.59594571379488,0.9948574299051752,47.59663288094829,40,0.9997342788724892,369.0,775.0,66.0,343.0,701.0,5000,5,0.8074214052568287,7612,29105,46065,89.0,891.0,-781.0,12.0,107.0,2025,0.9972898923526557
51.59938154956193,0.9948304244483842,47.6859646108916,40,0.9997683808973844,369.0,775.0,66.0,343.0,701.0,7500,5,0.7146538395464697,7612,29105,46119,89.0,889.0,-781.0,13.0,107.0,2025,0.9972932903123869
51.59250987802783,0.9947972701318304,47.7203229685621,40,0.9997756733921531,369.0,775.0,66.0,343.0,701.0,10000,5,0.687167153410067,7612,29105,46166,89.0,889.0,-781.0,13.0,107.0,2025,0.9972802587781289
51.49974231231747,0.9949136978457211,47.366431884555915,40,0.9996305691338051,368.0,775.0,76.0,344.0,702.0,1000,10,1.1338258031266106,7612,29105,45878,95.0,931.0,-818.0,9.0,107.0,2025,0.9972665560565828
51.52379316268682,0.9949070460375417,47.455763614499226,40,0.9996727328327822,368.0,775.0,74.0,343.0,702.0,2500,10,1.0204432228139495,7612,29105,45926,94.0,921.0,-813.0,10.0,107.0,2025,0.9972841960628359
51.62343239993128,0.9948872932638853,47.54853118020959,40,0.9997265946984979,368.0,775.0,74.0,343.0,701.0,5000,10,0.8280364198591307,7612,29105,45993,94.0,916.0,-806.0,10.0,107.0,2025,0.9973010734619606
51.64061157876653,0.9948717976280113,47.62411956708469,40,0.9997606967233932,368.0,775.0,74.0,343.0,701.0,7500,10,0.7352688541487716,7612,29105,46033,94.0,916.0,-806.0,10.0,107.0,2025,0.9973102557626392
51.64404741453359,0.994851903622557,47.64817041745405,40,0.9997679892181619,368.0,775.0,74.0,343.0,701.0,10000,10,0.707782168012369,7612,29105,46065,94.0,916.0,-806.0,10.0,107.0,2025,0.9973038881488888
51.482563133482216,0.9949141600084884,47.362996048788865,40,0.9996236817450406,368.0,775.0,76.0,344.0,702.0,1000,15,1.1544408177289125,7612,29105,45869,96.0,937.0,-821.0,9.0,107.0,2025,0.997263360792989
51.51692149115272,0.9949109385877155,47.442020271431026,40,0.9996658454440176,368.0,775.0,76.0,343.0,702.0,2500,15,1.0410582374162516,7612,29105,45906,95.0,931.0,-818.0,9.0,107.0,2025,0.9972827243626097
51.60281738532898,0.9948984994707302,47.51417282253908,40,0.9997120365095181,368.0,775.0,76.0,343.0,702.0,5000,15,0.8830097921319361,7612,29105,45949,95.0,931.0,-818.0,9.0,107.0,2025,0.9972994598039129
51.61999656416423,0.9948890721034934,47.57945370211304,40,0.9997439838359176,368.0,775.0,76.0,343.0,702.0,7500,15,0.8005497337227281,7612,29105,45979,95.0,931.0,-818.0,9.0,107.0,2025,0.9973106195727051
51.62686823569833,0.994874637132082,47.60006871671534,40,0.9997512763306863,368.0,775.0,76.0,343.0,702.0,10000,15,0.7730630475863254,7612,29105,46002,95.0,931.0,-818.0,9.0,107.0,2025,0.9973069953103195
51.47569146194812,0.9949171446702113,47.356124377254766,40,0.9996179254978819,368.0,775.0,76.0,344.0,702.0,1000,20,1.168184160797114,7612,29105,45861,96.0,940.0,-823.0,9.0,107.0,2025,0.9972619956125377
51.51348565538567,0.9949160905084242,47.42484109259578,40,0.9996577813938872,368.0,775.0,76.0,344.0,702.0,2500,20,1.0616732520185534,7612,29105,45891,96.0,938.0,-822.0,9.0,107.0,2025,0.9972812997516721
51.59594571379488,0.9949052230617751,47.49355780793678,40,0.9997017520145018,368.0,775.0,76.0,343.0,702.0,5000,20,0.9104964782683388,7612,29105,45929,96.0,937.0,-821.0,9.0,107.0,2025,0.9972977203142488
51.60625322109603,0.9949001032911895,47.52791616560729,40,0.9997197116577736,368.0,775.0,76.0,343.0,702.0,7500,20,0.8658306132966844,7612,29105,45947,96.0,937.0,-821.0,9.0,107.0,2025,0.9973040846543549
51.60968905686308,0.9948948559689481,47.53822367290844,40,0.9997244717757497,368.0,775.0,76.0,343.0,702.0,10000,20,0.8520872702284831,7612,29105,45959,96.0,937.0,-821.0,9.0,107.0,2025,0.9973038168446688
51.45507644734582,0.9949185618905902,47.345816869953616,40,0.9996028273154807,368.0,775.0,76.0,344.0,703.0,1000,30,1.199106682700567,7612,29105,45850,96.0,941.0,-823.0,9.0,107.0,2025,0.9972551939494226
51.49287064078337,0.9949178194972368,47.39048273492527,40,0.9996297197208912,369.0,775.0,76.0,344.0,703.0,2500,30,1.1166466242913589,7612,29105,45870,96.0,941.0,-823.0,9.0,107.0,2025,0.9972682039348244
51.54097234152208,0.9949132483418035,47.442020271431026,40,0.9996531966441096,368.0,775.0,76.0,344.0,702.0,5000,30,1.0170073870468992,7612,29105,45895,96.0,941.0,-823.0,9.0,107.0,2025,0.9972775904143749
51.54097234152208,0.9949104172975225,47.469506957567425,40,0.9996638787295522,368.0,775.0,76.0,344.0,702.0,7500,30,0.9895207009104965,7612,29105,45903,96.0,941.0,-823.0,9.0,107.0,2025,0.9972814837984638
51.54784401305618,0.9949077879511451,47.47637862910153,40,0.9996686388475283,368.0,775.0,76.0,344.0,702.0,10000,30,0.9757773578422951,7612,29105,45910,96.0,941.0,-823.0,9.0,107.0,2025,0.9972825315661031
51.43102559697646,0.9954510564645822,47.019412472083836,50,0.9994804606320976,369.0,775.0,72.0,344.0,704.0,1000,3,1.549561930939701,7612,29105,45339,89.0,916.0,-811.0,10.0,104.0,2025,0.9974616892111706
51.49630647655042,0.9954295645070265,47.19807593197045,50,0.9995711622846852,369.0,775.0,65.0,344.0,703.0,2500,3,1.3056175914791273,7612,29105,45465,86.0,901.0,-790.0,11.0,104.0,2025,0.9974960644419953
51.59250987802783,0.9953668554064355,47.345816869953616,50,0.9996417961813747,368.0,775.0,64.0,343.0,703.0,5000,3,1.0616732520185534,7612,29105,45609,83.0,881.0,-776.0,14.0,104.0,2025,0.9974997455835349
51.585638206493726,0.9953144872237643,47.469506957567425,50,0.9996855849499797,368.0,775.0,64.0,343.0,703.0,7500,3,0.9448548359388421,7612,29105,45702,83.0,881.0,-776.0,14.0,104.0,2025,0.9974952474917239
51.58907404226078,0.9952681723136249,47.50730115100498,50,0.9996981117157971,368.0,775.0,64.0,343.0,703.0,10000,3,0.9036248067342381,7612,29105,45767,83.0,881.0,-776.0,14.0,104.0,2025,0.9974782235448442
51.43102559697646,0.9954522751464782,47.012540800549736,50,0.9994783172258135,369.0,775.0,74.0,344.0,704.0,1000,5,1.5564336024738017,7612,29105,45327,94.0,924.0,-817.0,9.0,104.0,2025,0.9974612336350759
51.50661398385157,0.9954383981681446,47.1808967531352,50,0.9995690188784012,369.0,775.0,71.0,344.0,703.0,2500,5,1.3124892630132279,7612,29105,45425,89.0,906.0,-801.0,11.0,104.0,2025,0.9974994323418146
51.60625322109603,0.9953893155009185,47.32520185535132,50,0.9996396527750906,369.0,775.0,69.0,344.0,703.0,5000,5,1.0685449235526543,7612,29105,45547,89.0,891.0,-787.0,12.0,104.0,2025,0.9975099565428588
51.60968905686308,0.9953477336383475,47.43858443566398,50,0.9996834415436956,369.0,775.0,69.0,344.0,703.0,7500,5,0.9517265074729427,7612,29105,45626,89.0,891.0,-786.0,12.0,104.0,2025,0.9975108762954603
51.61312489263013,0.9953050272730929,47.47637862910153,50,0.9996957084334988,369.0,775.0,69.0,344.0,703.0,10000,5,0.9104964782683388,7612,29105,45686,89.0,891.0,-786.0,12.0,104.0,2025,0.9974955362558162
51.43102559697646,0.9954552510801181,46.99879745748153,50,0.9994730407362871,368.0,775.0,77.0,344.0,704.0,1000,10,1.5701769455420032,7612,29105,45308,94.0,938.0,-826.0,9.0,104.0,2025,0.9974600999899139
51.52722899845387,0.9954482979076229,47.143102559697645,50,0.9995624864388062,368.0,775.0,77.0,344.0,704.0,2500,10,1.3296684418484797,7612,29105,45384,94.0,926.0,-821.0,9.0,104.0,2025,0.9975011499537231
51.63373990723243,0.9954192177216773,47.27710015461261,50,0.9996319686010994,368.0,775.0,77.0,344.0,703.0,5000,10,1.0891599381549562,7612,29105,45475,94.0,918.0,-813.0,10.0,104.0,2025,0.997521145338171
51.65091908606769,0.9953891573558817,47.37673939185707,50,0.9996757573697044,368.0,775.0,77.0,344.0,703.0,7500,10,0.9723415220752448,7612,29105,45540,94.0,916.0,-813.0,10.0,104.0,2025,0.9975278522645973
51.66466242913589,0.9953597248310028,47.40422607799347,50,0.9996880242595074,368.0,775.0,77.0,344.0,703.0,10000,10,0.9311114928706408,7612,29105,45585,94.0,916.0,-813.0,10.0,104.0,2025,0.99751917937544
51.41384641814121,0.9954557175529897,46.99536162171448,50,0.9994661533475224,368.0,775.0,77.0,344.0,704.0,1000,15,1.590791960144305,7612,29105,45299,95.0,941.0,-831.0,9.0,104.0,2025,0.9974569043161308
51.52035732691977,0.9954522144517752,47.129359216629446,50,0.9995555990500415,368.0,775.0,77.0,344.0,704.0,2500,15,1.3502834564507817,7612,29105,45364,94.0,936.0,-826.0,9.0,104.0,2025,0.9974996867761676
51.61312489263013,0.9954304603224341,47.242741796942106,50,0.9996174104121196,368.0,775.0,77.0,344.0,703.0,5000,15,1.1441333104277616,7612,29105,45431,94.0,931.0,-826.0,9.0,104.0,2025,0.9975195418508829
51.63030407146538,0.9954064755193952,47.33207352688542,50,0.9996590444822288,368.0,775.0,77.0,344.0,703.0,7500,15,1.0376224016492013,7612,29105,45486,94.0,931.0,-826.0,9.0,104.0,2025,0.9975282277329235
51.64748325030064,0.995382507462597,47.356124377254766,50,0.9996713113720319,368.0,775.0,77.0,344.0,703.0,10000,15,0.9963923724445971,7612,29105,45522,94.0,931.0,-826.0,9.0,104.0,2025,0.9975222995569688
51.40697474660711,0.9954587090565343,46.98848995018038,50,0.9994603971003638,368.0,775.0,78.0,344.0,704.0,1000,20,1.6045353032125065,7612,29105,45291,95.0,941.0,-831.0,9.0,104.0,2025,0.9974555395053796
51.51692149115272,0.9954573769179037,47.1121800377942,50,0.999547534999911,368.0,775.0,78.0,344.0,704.0,2500,20,1.3708984710530836,7612,29105,45349,95.0,941.0,-828.0,9.0,104.0,2025,0.9974982631388707
51.60625322109603,0.9954371972187418,47.22212678233981,50,0.9996071259171033,368.0,774.0,78.0,344.0,703.0,5000,20,1.1716199965641643,7612,29105,45411,94.0,940.0,-828.0,9.0,104.0,2025,0.9975178036934763
51.61656072839718,0.9954175316921474,47.28053599037966,50,0.9996347723040848,368.0,774.0,78.0,344.0,703.0,7500,20,1.1029032812231576,7612,29105,45454,94.0,940.0,-828.0,9.0,104.0,2025,0.9975216946918231
51.63030407146538,0.9954027621924827,47.29427933344786,50,0.9996445068170953,368.0,774.0,78.0,344.0,703.0,10000,20,1.075416595086755,7612,29105,45479,94.0,940.0,-828.0,9.0,104.0,2025,0.9975191252388332
51.38635973200481,0.9954601362294813,46.97818244287923,50,0.9994452989179626,368.0,775.0,78.0,344.0,704.0,1000,30,1.6354578251159595,7612,29105,45280,95.0,941.0,-831.0,9.0,104.0,2025,0.9974487370538
51.49630647655042,0.9954591231844904,47.07782168012369,50,0.9995194733269152,368.0,775.0,78.0,344.0,704.0,2500,30,1.425871843325889,7612,29105,45328,95.0,941.0,-831.0,9.0,104.0,2025,0.997485166270701
51.55127984882323,0.995445257699707,47.17058924583405,50,0.9995585705467109,368.0,775.0,78.0,344.0,704.0,5000,30,1.2781309053427246,7612,29105,45377,95.0,941.0,-831.0,9.0,104.0,2025,0.9974976736946098
51.55127984882323,0.9954278862242575,47.22212678233981,50,0.9995789393758634,368.0,775.0,78.0,344.0,704.0,7500,30,1.2265933688369697,7612,29105,45410,95.0,941.0,-831.0,9.0,104.0,2025,0.9974990942077514
51.56845902765848,0.995415736802396,47.232434289640956,50,0.999588673888874,368.0,775.0,78.0,344.0,704.0,10000,30,1.199106682700567,7612,29105,45430,95.0,941.0,-831.0,9.0,104.0,2025,0.9974978410936477
51.3107713451297,0.9959806958392892,46.638034701941244,60,0.9991971644984378,368.0,773.0,88.0,344.0,705.0,1000,3,2.05119395292905,7612,29105,44759,89.0,911.0,-816.0,9.0,104.0,2025,0.9975863375000993
51.42415392544236,0.9959594267591297,46.87167153410067,60,0.9993681740955366,368.0,773.0,81.0,344.0,705.0,2500,3,1.7041745404569661,7612,29105,44910,84.0,896.0,-796.0,11.0,104.0,2025,0.9976608887354389
51.56158735612438,0.9958923996763753,47.07438584435664,60,0.9994789317078497,368.0,773.0,78.0,344.0,705.0,5000,3,1.364026799518983,7612,29105,45083,79.0,876.0,-781.0,13.0,104.0,2025,0.9976824424294019
51.57189486342553,0.9958351633478449,47.22212678233981,60,0.9995506809275201,368.0,772.0,78.0,344.0,705.0,7500,3,1.2059783542346676,7612,29105,45190,79.0,876.0,-781.0,13.0,104.0,2025,0.9976894628892057
51.58907404226078,0.9957877729454931,47.259920975777355,60,0.9995650670895917,368.0,772.0,78.0,344.0,705.0,10000,3,1.1510049819618622,7612,29105,45262,79.0,876.0,-781.0,13.0,104.0,2025,0.9976728447222952
51.3107713451297,0.9959819213190259,46.631163030407144,60,0.9991950210921536,368.0,773.0,91.0,344.0,705.0,1000,5,2.0580656244631506,7612,29105,44747,91.0,918.0,-823.0,9.0,104.0,2025,0.9975858839638437
51.43446143274352,0.9959682767774957,46.85449235526542,60,0.9993660306892524,368.0,773.0,86.0,344.0,705.0,2500,5,1.7110462119910668,7612,29105,44870,89.0,901.0,-806.0,10.0,104.0,2025,0.9976642608016979
51.57533069919258,0.9959148923026773,47.053770829754335,60,0.9994767883015656,368.0,773.0,86.0,344.0,705.0,5000,5,1.3708984710530836,7612,29105,45021,86.0,886.0,-791.0,12.0,104.0,2025,0.9976926612011885
51.59594571379488,0.9958684541811359,47.19120426043635,60,0.999548537521236,368.0,772.0,86.0,344.0,705.0,7500,5,1.2128500257687682,7612,29105,45114,86.0,886.0,-791.0,12.0,104.0,2025,0.9977051023215512
51.61312489263013,0.99582467657365,47.228998453873906,60,0.9995626638072933,368.0,772.0,86.0,344.0,705.0,10000,5,1.1578766534959628,7612,29105,45181,86.0,886.0,-791.0,12.0,104.0,2025,0.9976901689783821
51.3107713451297,0.9959849040633968,46.617419687338945,60,0.9991897446026272,368.0,773.0,94.0,344.0,705.0,1000,10,2.071808967531352,7612,29105,44728,94.0,929.0,-831.0,9.0,104.0,2025,0.9975847503721589
51.45164061157877,0.9959781765512338,46.813262326060816,60,0.9993555098152817,368.0,773.0,94.0,344.0,705.0,2500,10,1.7350970623604192,7612,29105,44828,94.0,921.0,-826.0,9.0,104.0,2025,0.9976639849194859
51.59594571379488,0.9959447687350474,46.99192578594743,60,0.9994526980962717,368.0,772.0,94.0,344.0,705.0,5000,10,1.4121285002576878,7612,29105,44946,92.0,913.0,-821.0,9.0,104.0,2025,0.9976956499276308
51.63030407146538,0.9959098639962188,47.11561587356125,60,0.9995244473159419,368.0,771.0,93.0,344.0,705.0,7500,10,1.2540800549733724,7612,29105,45025,92.0,911.0,-818.0,10.0,104.0,2025,0.9977138818794139
51.65779075760179,0.9958793751946198,47.143102559697645,60,0.9995385736019993,368.0,771.0,93.0,344.0,705.0,10000,10,1.199106682700567,7612,29105,45077,92.0,911.0,-818.0,10.0,104.0,2025,0.9977056192783978
51.29359216629445,0.9959853748180483,46.613983851571895,60,0.9991828572138626,368.0,774.0,94.0,344.0,706.0,1000,15,2.092423982133654,7612,29105,44719,94.0,931.0,-836.0,9.0,104.0,2025,0.9975815538526482
51.44133310427762,0.9959820827304825,46.79608314722556,60,0.9993438772632862,368.0,773.0,94.0,344.0,705.0,2500,15,1.7625837484968219,7612,29105,44807,94.0,926.0,-831.0,9.0,104.0,2025,0.9976601479627437
51.57189486342553,0.9959560137663285,46.95413159250988,60,0.9994333947440611,368.0,772.0,94.0,344.0,705.0,5000,15,1.4739735440645938,7612,29105,44901,94.0,926.0,-831.0,9.0,104.0,2025,0.9976916742254641
51.60625322109603,0.9959271923627807,47.06751417282254,60,0.9995029892652356,368.0,771.0,94.0,344.0,705.0,7500,15,1.3262326060814293,7612,29105,44970,94.0,926.0,-831.0,9.0,104.0,2025,0.9977118869125122
51.63717574299948,0.9959021743507437,47.09156502319189,60,0.999517115551293,368.0,771.0,94.0,344.0,705.0,10000,15,1.271259233808624,7612,29105,45013,94.0,926.0,-831.0,9.0,104.0,2025,0.9977063705013952
51.2901563305274,0.995988365102063,46.607112180037795,60,0.9991750238936786,368.0,773.0,96.0,344.0,706.0,1000,20,2.102731489434805,7612,29105,44711,94.0,936.0,-836.0,9.0,102.0,2025,0.9975791496450757
51.44133310427762,0.9959872477600326,46.77890396839031,60,0.9993337361401304,368.0,773.0,96.0,344.0,705.0,2500,20,1.7797629273320734,7612,29105,44792,94.0,931.0,-836.0,9.0,102.0,2025,0.9976576856385735
51.56845902765848,0.9959627560744552,46.933516577907575,60,0.9994210331760195,368.0,771.0,96.0,344.0,705.0,5000,20,1.498024394433946,7612,29105,44881,94.0,931.0,-835.0,9.0,102.0,2025,0.9976888977880937
51.59594571379488,0.9959382660799149,47.015976636316786,60,0.9994766400140662,368.0,771.0,94.0,344.0,705.0,7500,20,1.3880776498883354,7612,29105,44938,94.0,931.0,-835.0,9.0,104.0,2025,0.997704315832254
51.62343239993128,0.9959224588688299,47.029719979384986,60,0.9994882339233311,368.0,771.0,94.0,344.0,705.0,10000,20,1.3468476206837314,7612,29105,44970,94.0,931.0,-835.0,9.0,104.0,2025,0.9977021603973822
51.272977151692146,0.9959897907376589,46.596804672736646,60,0.9991570558130459,368.0,774.0,96.0,344.0,706.0,1000,30,2.1302181755712075,7612,29105,44700,94.0,937.0,-836.0,9.0,102.0,2025,0.9975709092829426
51.42415392544236,0.995988999644729,46.744545610719804,60,0.9993027971048201,368.0,774.0,96.0,344.0,706.0,2500,30,1.8313004638378285,7612,29105,44771,94.0,936.0,-836.0,9.0,102.0,2025,0.9976431465833764
51.51692149115272,0.9959708405663223,46.88197904140182,60,0.9993696004433128,368.0,773.0,96.0,344.0,705.0,5000,30,1.6010994674454562,7612,29105,44847,94.0,936.0,-836.0,9.0,102.0,2025,0.9976673258687786
51.53410066998797,0.9959486505786469,46.95756742827693,60,0.9994179297235305,368.0,773.0,94.0,344.0,705.0,7500,30,1.5083319017350971,7612,29105,44894,94.0,936.0,-836.0,9.0,104.0,2025,0.9976802741895345
51.56502319189143,0.995935466455619,46.96787493557808,60,0.9994295236327952,368.0,773.0,94.0,344.0,705.0,10000,30,1.467101872530493,7612,29105,44921,94.0,936.0,-836.0,9.0,104.0,2025,0.9976794358456098
50.960316096890566,0.9972493487181175,45.6863081944683,90,0.9984556377225658,370.0,779.0,116.0,347.0,717.0,1000,3,3.353375708641127,7612,29105,43107,89.0,914.0,-831.0,9.0,97.0,2025,0.9978521286541427
51.22487545095345,0.9972281535097672,46.05394262154269,90,0.9988222263782626,369.0,775.0,108.0,346.0,712.0,2500,3,2.7211819275038653,7612,29105,43347,84.0,886.0,-803.0,11.0,99.0,2025,0.9980245534199232
51.45507644734582,0.9971590573913538,46.414705377082974,90,0.9990648692918975,368.0,774.0,105.0,345.0,711.0,5000,3,2.1302181755712075,7612,29105,43595,79.0,865.0,-786.0,13.0,99.0,2025,0.9981110535942391
51.46538395464697,0.9970903442587916,46.634598866174194,90,0.9991945210704111,368.0,773.0,103.0,345.0,710.0,7500,3,1.9000171791788352,7612,29105,43753,79.0,861.0,-786.0,13.0,99.0,2025,0.9981413237146384
51.53066483422092,0.9970371006540159,46.723930596117505,90,0.9992578483085517,368.0,771.0,102.0,345.0,709.0,10000,3,1.74540456966157,7612,29105,43876,79.0,861.0,-784.0,13.0,99.0,2025,0.9981462392629742
50.960316096890566,0.9972505809611903,45.6794365229342,90,0.9984534943162818,370.0,779.0,117.0,347.0,717.0,1000,5,3.3602473801752275,7612,29105,43095,90.0,921.0,-841.0,9.0,97.0,2025,0.9978516751099029
51.2351829582546,0.9972370668825913,46.03676344270744,90,0.9988200829719784,369.0,775.0,115.0,346.0,712.0,2500,5,2.728053599037966,7612,29105,43307,88.0,896.0,-813.0,10.0,99.0,2025,0.9980279472047923
51.46881979041402,0.9971816525425106,46.394090362480675,90,0.9990627258856134,369.0,774.0,110.0,345.0,711.0,5000,5,2.1370898471053086,7612,29105,43533,84.0,876.0,-796.0,11.0,99.0,2025,0.9981213029405775
51.48943480501632,0.9971238179767954,46.603676344270745,90,0.9991923776641269,368.0,773.0,109.0,345.0,710.0,7500,5,1.906888850712936,7612,29105,43677,84.0,876.0,-796.0,11.0,99.0,2025,0.9981570261116833
51.55471568459028,0.9970741950887599,46.693008074214056,90,0.9992552605551395,368.0,771.0,108.0,345.0,709.0,10000,5,1.752276241195671,7612,29105,43794,84.0,876.0,-796.0,12.0,99.0,2025,0.9981635363736757
50.960316096890566,0.997253580001912,45.665693179866004,90,0.9984481299211542,370.0,779.0,118.0,347.0,717.0,1000,10,3.3739907232434287,7612,29105,43072,94.0,931.0,-846.0,9.0,97.0,2025,0.9978504974558241
51.25236213708985,0.997247049049119,45.995533413502834,90,0.9988092952983249,369.0,776.0,118.0,346.0,712.0,2500,10,2.752104449407318,7612,29105,43260,90.0,911.0,-835.0,9.0,99.0,2025,0.9980275608148919
51.48599896924927,0.9972116876962197,46.33568115444082,90,0.9990267612219303,368.0,773.0,117.0,345.0,711.0,5000,10,2.1783198763099123,7612,29105,43453,89.0,901.0,-826.0,9.0,99.0,2025,0.9981183992841303
51.52035732691977,0.9971654164754676,46.531523793162684,90,0.9991564130004439,368.0,772.0,115.0,345.0,710.0,7500,10,1.94811887991754,7612,29105,43583,89.0,901.0,-826.0,9.0,99.0,2025,0.9981599218952427
51.59594571379488,0.9971291170404935,46.610548015804845,90,0.9992192686858941,368.0,771.0,113.0,345.0,709.0,10000,10,1.7935062704002749,7612,29105,43685,89.0,901.0,-823.0,9.0,99.0,2025,0.9981730986819546
50.946572753822366,0.9972540587571588,45.662257344098954,90,0.9984403993154232,370.0,780.0,118.0,347.0,717.0,1000,15,3.3911699020786807,7612,29105,43062,94.0,936.0,-849.0,9.0,97.0,2025,0.9978468764262222
51.24549046555575,0.9972509798117842,45.978354234667584,90,0.9987968195293632,369.0,776.0,118.0,346.0,712.0,2500,15,2.7761552997766707,7612,29105,43238,91.0,916.0,-841.0,9.0,99.0,2025,0.9980233010825957
51.46194811887992,0.9972229856462386,46.294451125236215,90,0.9990026316892527,368.0,773.0,117.0,345.0,711.0,5000,15,2.2436007558838686,7612,29105,43406,91.0,916.0,-836.0,9.0,99.0,2025,0.998112015385661
51.49630647655042,0.9971828167409803,46.47998625665693,90,0.9991301287692705,368.0,772.0,116.0,345.0,710.0,7500,15,2.0237072667926475,7612,29105,43526,91.0,914.0,-836.0,9.0,99.0,2025,0.9981555229981888
51.57533069919258,0.9971520022643979,46.55557464353204,90,0.9991929844547207,367.0,771.0,115.0,345.0,710.0,10000,15,1.8690946572753822,7612,29105,43619,91.0,913.0,-836.0,9.0,99.0,2025,0.9981714500508304
50.943136918055316,0.9972570640355406,45.655385672564854,90,0.9984308051500409,370.0,779.0,119.0,347.0,717.0,1000,20,3.4014774093798317,7612,29105,43054,94.0,940.0,-851.0,9.0,97.0,2025,0.9978435894315496
51.24549046555575,0.9972561685715575,45.95773922006528,90,0.9987847893511635,369.0,775.0,118.0,346.0,712.0,2500,20,2.7967703143789726,7612,29105,43223,92.0,921.0,-841.0,9.0,98.0,2025,0.9980198936323175
51.45851228311287,0.9972298553758326,46.27383611063391,90,0.9989885628332305,368.0,773.0,117.0,345.0,711.0,5000,20,2.2676516062532213,7612,29105,43386,92.0,921.0,-841.0,9.0,99.0,2025,0.998108434376703
51.48599896924927,0.9971940472643894,46.428448720151174,90,0.9991020722301205,368.0,771.0,117.0,345.0,710.0,7500,20,2.0855523105995535,7612,29105,43494,92.0,918.0,-841.0,9.0,99.0,2025,0.9981471479187857
51.56158735612438,0.9971724720185045,46.493729599725135,90,0.999162395538778,367.0,771.0,115.0,345.0,710.0,10000,20,1.9446830441504896,7612,29105,43576,92.0,916.0,-839.0,9.0,99.0,2025,0.9981664420122595
50.92595773922007,0.9972585172322826,45.6450781652637,90,0.9984128370694081,370.0,780.0,119.0,347.0,717.0,1000,30,3.428964095516234,7612,29105,43043,94.0,941.0,-851.0,9.0,97.0,2025,0.9978353433147447
51.2283112867205,0.9972579595793261,45.92681669816183,90,0.9987517803488818,369.0,777.0,118.0,346.0,713.0,2500,30,2.8448720151176774,7612,29105,43202,93.0,926.0,-841.0,9.0,98.0,2025,0.9980043109737224
51.40697474660711,0.9972380236180514,46.22573440989521,90,0.9989350750576271,368.0,774.0,117.0,346.0,711.0,5000,30,2.3672908434976807,7612,29105,43351,93.0,921.0,-841.0,9.0,99.0,2025,0.9980858279616244
51.43102559697646,0.9972045337683717,46.37003951211132,90,0.9990426470232773,368.0,773.0,117.0,345.0,711.0,7500,30,2.1989348909122146,7612,29105,43449,93.0,921.0,-841.0,9.0,99.0,2025,0.9981227441428226
51.51004981961862,0.9971855880717263,46.431884555918224,90,0.9991029703319347,368.0,772.0,115.0,345.0,711.0,10000,30,2.0580656244631506,7612,29105,43526,93.0,921.0,-841.0,9.0,99.0,2025,0.9981433584044047
