callsign_lookback_minutes,clean_match_pct,completeness,fragmented_pct,gap_minutes,homogeneity,land_err_p50_s,land_err_p90_s,land_signed_p10_s,land_signed_p50_s,land_signed_p90_s,low_alt_ft,low_alt_gap_minutes,merged_pct,n_apdf_flights,n_flights,n_tracks,off_err_p50_s,off_err_p90_s,off_signed_p10_s,off_signed_p50_s,off_signed_p90_s,period
,84.53779637377964,0.9893730603156211,15.321617852161785,10,0.9999607879935657,416.0,902.0,59.0,359.0,743.0,1000,3,0.14058577405857742,35398,89625,107718,136.0,1007.0,-809.0,0.0,119.0,2025
,84.36373779637378,0.9893573989681793,15.49902370990237,10,0.9999615039168784,416.0,902.0,59.0,359.0,743.0,2500,3,0.13723849372384936,35398,89625,107903,131.0,1001.0,-806.0,1.0,119.0,2025
,84.23430962343096,0.9893331289026823,15.628451882845189,10,0.9999615039168784,417.0,902.0,54.0,359.0,743.0,5000,3,0.13723849372384936,35398,89625,108039,129.0,997.0,-801.0,2.0,119.0,2025
,84.16178521617852,0.989315247732932,15.700976290097628,10,0.9999615039168784,418.0,902.0,51.0,359.0,743.0,7500,3,0.13723849372384936,35398,89625,108122,129.0,998.0,-801.0,2.0,119.0,2025
,84.11938633193863,0.9893031691051682,15.744490934449093,10,0.9999616969878499,418.0,902.0,51.0,359.0,743.0,10000,3,0.13612273361227337,35398,89625,108164,129.0,997.0,-801.0,2.0,119.0,2025
,84.57015341701535,0.9893745288926326,15.28926080892608,10,0.9999607837842698,416.0,902.0,59.0,359.0,743.0,1000,5,0.14058577405857742,35398,89625,107685,139.0,1011.0,-811.0,0.0,119.0,2025
,84.46192468619248,0.9893648123640835,15.399721059972107,10,0.99996105801011,416.0,902.0,59.0,359.0,743.0,2500,5,0.13835425383542538,35398,89625,107802,136.0,1005.0,-807.0,0.0,119.0,2025
,84.38940027894003,0.9893509942403628,15.472245467224546,10,0.99996105801011,417.0,902.0,58.0,359.0,743.0,5000,5,0.13835425383542538,35398,89625,107880,134.0,1001.0,-806.0,1.0,119.0,2025
,84.3436541143654,0.9893400736029715,15.517991631799163,10,0.99996105801011,417.0,902.0,57.0,359.0,743.0,7500,5,0.13835425383542538,35398,89625,107930,134.0,1001.0,-806.0,1.0,119.0,2025
,84.31241283124129,0.9893312557450206,15.54923291492329,10,0.99996105801011,417.0,902.0,57.0,359.0,743.0,10000,5,0.13835425383542538,35398,89625,107960,134.0,1001.0,-806.0,1.0,119.0,2025
,84.60139470013947,0.989375931459795,15.252440725244073,10,0.9999598211809524,416.0,902.0,59.0,359.0,743.0,1000,10,0.14616457461645746,35398,89625,107646,141.0,1016.0,-814.0,0.0,119.0,2025
,84.60139470013947,0.989375931459795,15.252440725244073,10,0.9999598211809524,416.0,902.0,59.0,359.0,743.0,2500,10,0.14616457461645746,35398,89625,107646,141.0,1016.0,-814.0,0.0,119.0,2025
,84.60139470013947,0.989375931459795,15.252440725244073,10,0.9999598211809524,416.0,902.0,59.0,359.0,743.0,5000,10,0.14616457461645746,35398,89625,107646,141.0,1016.0,-813.0,0.0,119.0,2025
,84.60139470013947,0.989375931459795,15.252440725244073,10,0.9999598211809524,416.0,902.0,59.0,359.0,743.0,7500,10,0.14616457461645746,35398,89625,107646,141.0,1016.0,-814.0,0.0,119.0,2025
,84.60139470013947,0.989375931459795,15.252440725244073,10,0.9999598211809524,416.0,902.0,59.0,359.0,743.0,10000,10,0.14616457461645746,35398,89625,107646,141.0,1016.0,-814.0,0.0,119.0,2025
,86.63877266387726,0.9913052984538635,13.177126917712691,15,0.9999458207823088,412.0,888.0,59.0,359.0,746.0,1000,3,0.18410041841004185,35398,89625,104709,136.0,1004.0,-816.0,0.0,114.0,2025
,86.4323570432357,0.991286791331606,13.389121338912133,15,0.9999474364895762,413.0,889.0,59.0,359.0,746.0,2500,3,0.17852161785216178,35398,89625,104925,130.0,996.0,-811.0,1.0,114.0,2025
,86.27615062761507,0.9912556150323172,13.552022315202231,15,0.9999484966572703,414.0,890.0,59.0,359.0,746.0,5000,3,0.17182705718270572,35398,89625,105101,129.0,991.0,-807.0,1.0,114.0,2025
,86.17461645746164,0.991231415757348,13.653556485355649,15,0.9999484966572703,415.0,890.0,59.0,359.0,746.0,7500,3,0.17182705718270572,35398,89625,105215,129.0,991.0,-807.0,1.0,114.0,2025
,86.11771269177127,0.9912160062065752,13.712691771269178,15,0.999948730580247,415.0,890.0,59.0,359.0,746.0,10000,3,0.1695955369595537,35398,89625,105273,129.0,991.0,-806.0,2.0,114.0,2025
,86.67224546722454,0.9913067808620402,13.143654114365411,15,0.9999458165730128,412.0,888.0,59.0,359.0,746.0,1000,5,0.18410041841004185,35398,89625,104676,139.0,1006.0,-821.0,0.0,114.0,2025
,86.53277545327755,0.991294314733734,13.287587168758717,15,0.9999469905828078,413.0,889.0,59.0,359.0,746.0,2500,5,0.1796373779637378,35398,89625,104824,135.0,999.0,-815.0,0.0,114.0,2025
,86.43570432357043,0.9912738540020124,13.391352859135285,15,0.9999480507505019,414.0,890.0,59.0,359.0,746.0,5000,5,0.17294281729428174,35398,89625,104942,134.0,995.0,-811.0,1.0,114.0,2025
,86.36094839609484,0.991256642099471,13.466108786610878,15,0.9999480507505019,414.0,890.0,59.0,359.0,746.0,7500,5,0.17294281729428174,35398,89625,105023,134.0,995.0,-811.0,1.0,114.0,2025
,86.31520223152022,0.9912445061768195,13.51297071129707,15,0.9999480916025071,414.0,890.0,59.0,359.0,746.0,10000,5,0.17182705718270572,35398,89625,105069,134.0,995.0,-811.0,1.0,114.0,2025
,86.7023709902371,0.9913081992568751,13.105718270571828,15,0.9999444726192654,412.0,888.0,59.0,359.0,746.0,1000,10,0.19191073919107393,35398,89625,104636,141.0,1011.0,-822.0,-1.0,114.0,2025
,86.678940027894,0.9913056970420557,13.131380753138075,15,0.9999453724032201,412.0,889.0,59.0,359.0,746.0,2500,10,0.1896792189679219,35398,89625,104667,141.0,1009.0,-821.0,-1.0,114.0,2025
,86.65885634588564,0.9912993355928144,13.160390516039051,15,0.9999468139213442,413.0,889.0,59.0,359.0,746.0,5000,10,0.18075313807531382,35398,89625,104708,139.0,1006.0,-821.0,-1.0,114.0,2025
,86.63096234309623,0.9912931017019291,13.188284518828452,15,0.9999468139213442,413.0,889.0,59.0,359.0,746.0,7500,10,0.18075313807531382,35398,89625,104739,139.0,1006.0,-821.0,-1.0,114.0,2025
,86.61757322175733,0.9912898262778148,13.20278940027894,15,0.9999468547733494,413.0,889.0,59.0,359.0,746.0,10000,10,0.1796373779637378,35398,89625,104755,139.0,1006.0,-821.0,-1.0,114.0,2025
,86.70460251046025,0.9913086175904475,13.094560669456067,15,0.9999421278710693,412.0,889.0,59.0,359.0,746.0,1000,15,0.200836820083682,35398,89625,104621,141.0,1014.0,-826.0,-1.0,114.0,2025
,86.70460251046025,0.9913086175904475,13.094560669456067,15,0.9999421278710693,412.0,889.0,59.0,359.0,746.0,2500,15,0.200836820083682,35398,89625,104621,141.0,1014.0,-826.0,-1.0,114.0,2025
,86.70460251046025,0.9913086175904475,13.094560669456067,15,0.9999421278710693,412.0,889.0,59.0,359.0,746.0,5000,15,0.200836820083682,35398,89625,104621,141.0,1014.0,-826.0,-1.0,114.0,2025
,86.70460251046025,0.9913086175904475,13.094560669456067,15,0.9999421278710693,412.0,889.0,59.0,359.0,746.0,7500,15,0.200836820083682,35398,89625,104621,141.0,1015.0,-826.0,-1.0,114.0,2025
,86.70460251046025,0.9913086175904475,13.094560669456067,15,0.9999421278710693,412.0,889.0,59.0,359.0,746.0,10000,15,0.200836820083682,35398,89625,104621,141.0,1014.0,-826.0,-1.0,114.0,2025
,88.54449093444909,0.9929527979806525,11.139748953974895,20,0.9999051940785054,409.0,877.0,60.0,359.0,748.0,1000,3,0.31576011157601114,35398,89625,102045,133.0,986.0,-821.0,0.0,111.0,2025
,88.31910739191073,0.9929324758630532,11.375174337517434,20,0.9999076899078071,410.0,878.0,59.0,359.0,748.0,2500,3,0.30571827057182704,35398,89625,102280,128.0,976.0,-816.0,1.0,111.0,2025
,88.15509065550907,0.9928985579530496,11.55258019525802,20,0.9999095941743377,411.0,879.0,59.0,359.0,748.0,5000,3,0.2923291492329149,35398,89625,102472,126.0,971.0,-811.0,1.0,112.0,2025
,88.0513249651325,0.9928730425824179,11.661924686192469,20,0.9999108903284208,412.0,879.0,59.0,359.0,748.0,7500,3,0.28675034867503485,35398,89625,102593,126.0,971.0,-811.0,1.0,111.0,2025
,87.98884239888424,0.9928546628662462,11.732217573221757,20,0.9999117854053035,412.0,880.0,59.0,359.0,748.0,10000,3,0.2789400278940028,35398,89625,102664,126.0,971.0,-811.0,1.0,113.0,2025
,88.57461645746164,0.9929542730938311,11.105160390516039,20,0.9999033266175162,409.0,877.0,60.0,359.0,748.0,1000,5,0.3202231520223152,35398,89625,102010,136.0,991.0,-826.0,-1.0,112.0,2025
,88.418410041841,0.9929400276196779,11.270292887029289,20,0.9999053807493454,410.0,878.0,59.0,359.0,748.0,2500,5,0.3112970711297071,35398,89625,102177,131.0,981.0,-820.0,0.0,112.0,2025
,88.31352859135286,0.9929168611544085,11.388563458856346,20,0.999907285015876,411.0,879.0,59.0,359.0,748.0,5000,5,0.297907949790795,35398,89625,102311,129.0,976.0,-816.0,0.0,112.0,2025
,88.23654114365411,0.9928983564779049,11.47112970711297,20,0.9999085811699593,411.0,880.0,59.0,359.0,748.0,7500,5,0.2923291492329149,35398,89625,102399,129.0,976.0,-816.0,0.0,112.0,2025
,88.18521617852161,0.9928832614647898,11.529149232914923,20,0.9999092831758704,411.0,880.0,59.0,359.0,748.0,10000,5,0.28563458856345886,35398,89625,102458,129.0,976.0,-815.0,0.0,111.0,2025
,88.60585774058578,0.9929557019418355,11.06610878661088,20,0.9999019826637688,409.0,877.0,60.0,359.0,748.0,1000,10,0.32803347280334727,35398,89625,101970,139.0,993.0,-826.0,-1.0,112.0,2025
,88.57015341701535,0.9929515652066278,11.108507670850766,20,0.9999037625697578,410.0,878.0,59.0,359.0,748.0,2500,10,0.3213389121338912,35398,89625,102020,138.0,991.0,-826.0,-1.0,111.0,2025
,88.54337517433751,0.9929427120539167,11.150906555090655,20,0.9999060481867184,410.0,878.0,59.0,359.0,748.0,5000,10,0.30571827057182704,35398,89625,102077,136.0,990.0,-826.0,-1.0,111.0,2025
,88.51436541143654,0.9929352524357902,11.185495118549511,20,0.9999073443408016,410.0,879.0,59.0,359.0,748.0,7500,10,0.300139470013947,35398,89625,102115,136.0,990.0,-826.0,-1.0,112.0,2025
,88.49651324965133,0.9929291337402353,11.210041841004184,20,0.9999080463467127,410.0,879.0,59.0,359.0,748.0,10000,10,0.2934449093444909,35398,89625,102144,136.0,989.0,-826.0,-1.0,112.0,2025
,88.60808926080892,0.9929561255546876,11.054951185495119,20,0.9998996379155727,409.0,877.0,60.0,359.0,748.0,1000,15,0.33695955369595537,35398,89625,101955,139.0,996.0,-828.0,-1.0,112.0,2025
,88.59693165969317,0.9929545421352844,11.070571827057183,20,0.9999005180376069,409.0,878.0,59.0,359.0,748.0,2500,15,0.33249651324965135,35398,89625,101974,139.0,996.0,-828.0,-1.0,112.0,2025
,88.59135285913528,0.9929521335534165,11.08284518828452,20,0.9999013621364433,409.0,878.0,59.0,359.0,748.0,5000,15,0.32580195258019523,35398,89625,101990,139.0,995.0,-827.0,-1.0,112.0,2025
,88.59246861924686,0.9929510019056359,11.087308228730823,20,0.9999026582905266,409.0,878.0,59.0,359.0,748.0,7500,15,0.3202231520223152,35398,89625,101997,139.0,995.0,-827.0,-1.0,112.0,2025
,88.58800557880056,0.9929481695574824,11.097350069735008,20,0.9999033194444326,409.0,878.0,59.0,359.0,748.0,10000,15,0.31464435146443515,35398,89625,102010,139.0,995.0,-827.0,-1.0,112.0,2025
,88.61366806136681,0.992956678191786,11.035983263598327,20,0.9998953171814392,409.0,877.0,60.0,359.0,748.0,1000,20,0.3503486750348675,35398,89625,101934,139.0,996.0,-831.0,-1.0,111.0,2025
,88.61366806136681,0.992956678191786,11.035983263598327,20,0.9998953171814392,409.0,877.0,60.0,359.0,748.0,2500,20,0.3503486750348675,35398,89625,101934,139.0,996.0,-831.0,-1.0,111.0,2025
,88.61366806136681,0.992956678191786,11.035983263598327,20,0.9998953171814392,409.0,877.0,60.0,359.0,748.0,5000,20,0.3503486750348675,35398,89625,101934,139.0,996.0,-831.0,-1.0,112.0,2025
,88.61366806136681,0.992956678191786,11.035983263598327,20,0.9998953171814392,409.0,877.0,60.0,359.0,748.0,7500,20,0.3503486750348675,35398,89625,101934,139.0,996.0,-831.0,-1.0,112.0,2025
,88.61366806136681,0.992956678191786,11.035983263598327,20,0.9998953171814392,409.0,878.0,60.0,359.0,748.0,10000,20,0.3503486750348675,35398,89625,101934,139.0,996.0,-831.0,-1.0,111.0,2025
,89.98828451882845,0.9941326261409985,9.546443514644352,25,0.9998531494052458,407.0,871.0,65.0,359.0,752.0,1000,3,0.46527196652719666,35398,89625,100171,131.0,976.0,-826.0,0.0,109.0,2025
,89.75843793584379,0.9941116319621567,9.791910739191074,25,0.9998561784637146,408.0,872.0,59.0,359.0,752.0,2500,3,0.4496513249651325,35398,89625,100415,126.0,971.0,-820.0,1.0,109.0,2025
,89.59665271966527,0.9940760370168862,9.979358437935844,25,0.999860978686313,409.0,873.0,59.0,359.0,752.0,5000,3,0.42398884239888424,35398,89625,100620,124.0,964.0,-815.0,1.0,109.0,2025
,89.48953974895397,0.9940492973632038,10.09539748953975,25,0.9998628857801196,409.0,873.0,59.0,359.0,752.0,7500,3,0.41506276150627613,35398,89625,100747,124.0,964.0,-815.0,1.0,109.0,2025
,89.42259414225941,0.9940303141540628,10.170153417015342,25,0.9998637808570021,410.0,874.0,59.0,359.0,752.0,10000,3,0.4072524407252441,35398,89625,100821,124.0,964.0,-814.0,1.0,109.0,2025
,90.01841004184101,0.9941341070449278,9.511854951185494,25,0.9998512819442568,407.0,871.0,65.0,359.0,752.0,1000,5,0.4697350069735007,35398,89625,100136,134.0,981.0,-826.0,-1.0,109.0,2025
,89.85997210599722,0.994119277516983,9.684797768479777,25,0.9998538693052529,408.0,872.0,59.0,359.0,752.0,2500,5,0.45523012552301256,35398,89625,100312,129.0,973.0,-821.0,0.0,109.0,2025
,89.75732217573221,0.9940944600015339,9.813110181311018,25,0.9998586695278513,409.0,873.0,59.0,359.0,752.0,5000,5,0.4295676429567643,35398,89625,100459,129.0,967.0,-818.0,0.0,109.0,2025
,89.67698744769875,0.994074747939588,9.902370990237099,25,0.999860576621658,409.0,873.0,59.0,359.0,752.0,7500,5,0.4206415620641562,35398,89625,100553,129.0,967.0,-818.0,0.0,109.0,2025
,89.62119944211994,0.9940590575691882,9.964853556485355,25,0.999861278627569,409.0,874.0,59.0,359.0,752.0,10000,5,0.41394700139470014,35398,89625,100615,129.0,967.0,-817.0,0.0,109.0,2025
,90.05188284518829,0.9941355423460283,9.47168758716876,25,0.9998499365487679,407.0,871.0,65.0,359.0,752.0,1000,10,0.47642956764295674,35398,89625,100096,136.0,986.0,-831.0,-1.0,109.0,2025
,90.01506276150627,0.9941308643321937,9.520781032078103,25,0.9998522335360918,407.0,872.0,63.0,359.0,752.0,2500,10,0.46415620641562066,35398,89625,100155,136.0,983.0,-830.0,-1.0,109.0,2025
,89.99274755927476,0.9941205350175351,9.570990237099023,25,0.9998574151091203,407.0,872.0,62.0,359.0,752.0,5000,10,0.43626220362622037,35398,89625,100225,134.0,981.0,-826.0,-1.0,109.0,2025
,89.96150627615063,0.9941119525736994,9.61115760111576,25,0.999859322202927,407.0,872.0,62.0,359.0,752.0,7500,10,0.42733612273361227,35398,89625,100269,134.0,981.0,-826.0,-1.0,109.0,2025
,89.9391910739191,0.9941052601794064,9.640167364016737,25,0.999860024208838,407.0,872.0,62.0,359.0,752.0,10000,10,0.4206415620641562,35398,89625,100301,134.0,981.0,-826.0,-1.0,109.0,2025
,90.05411436541144,0.9941359697584048,9.460529986052999,25,0.9998475918005717,407.0,871.0,65.0,359.0,752.0,1000,15,0.48535564853556484,35398,89625,100081,136.0,988.0,-831.0,-1.0,109.0,2025
,90.04295676429568,0.9941338628506843,9.481729428172942,25,0.9998489890039409,407.0,871.0,65.0,359.0,752.0,2500,15,0.47531380753138075,35398,89625,100109,136.0,986.0,-831.0,-1.0,109.0,2025
,90.0418410041841,0.9941300379497777,9.501813110181311,25,0.9998527290588453,407.0,871.0,65.0,359.0,752.0,5000,15,0.45634588563458856,35398,89625,100138,136.0,986.0,-831.0,-1.0,109.0,2025
,90.0418410041841,0.9941279111223398,9.510739191073919,25,0.9998546361526519,407.0,871.0,65.0,359.0,752.0,7500,15,0.44741980474198045,35398,89625,100151,136.0,986.0,-831.0,-1.0,109.0,2025
,90.03403068340307,0.9941245953827301,9.52412831241283,25,0.9998552973065578,407.0,871.0,65.0,359.0,752.0,10000,15,0.44184100418410044,35398,89625,100167,136.0,986.0,-831.0,-1.0,109.0,2025
,90.05969316596932,0.9941365288430777,9.441562064156207,25,0.9998432710664382,407.0,871.0,65.0,359.0,752.0,1000,20,0.49874476987447697,35398,89625,100060,137.0,991.0,-832.0,-1.0,109.0,2025
,90.05969316596932,0.9941360129637523,9.447140864714086,25,0.9998437881477732,407.0,871.0,65.0,359.0,752.0,2500,20,0.49316596931659695,35398,89625,100069,137.0,991.0,-831.0,-1.0,109.0,2025
,90.06415620641562,0.9941346034559188,9.45495118549512,25,0.999846684103841,407.0,871.0,65.0,359.0,752.0,5000,20,0.4808926080892608,35398,89625,100082,137.0,991.0,-831.0,-1.0,109.0,2025
,90.06304044630404,0.994133612524546,9.459414225941423,25,0.9998472950435645,407.0,871.0,65.0,359.0,752.0,7500,20,0.4775453277545328,35398,89625,100088,137.0,991.0,-831.0,-1.0,109.0,2025
,90.05969316596932,0.9941331367547436,9.46276150627615,25,0.9998472950435645,407.0,871.0,65.0,359.0,752.0,10000,20,0.4775453277545328,35398,89625,100091,137.0,991.0,-831.0,-1.0,109.0,2025
,90.72245467224546,0.994867620935814,8.487587168758717,30,0.9997304964024382,406.0,900.0,67.0,359.0,768.0,1000,3,0.7899581589958159,35398,89625,98882,129.0,981.0,-831.0,0.0,109.0,2025
,90.50711297071129,0.9948462269570705,8.740864714086472,30,0.9997392729505167,407.0,901.0,59.0,359.0,768.0,2500,3,0.7520223152022315,35398,89625,99144,124.0,971.0,-826.0,1.0,109.0,2025
,90.35648535564853,0.9948100428711886,8.93389121338912,30,0.9997485814410153,408.0,902.0,59.0,359.0,768.0,5000,3,0.7096234309623431,35398,89625,99360,124.0,966.0,-821.0,1.0,109.0,2025
,90.24937238493723,0.9947827664487234,9.055509065550906,30,0.9997514460472918,408.0,902.0,59.0,359.0,768.0,7500,3,0.6951185495118549,35398,89625,99491,124.0,966.0,-821.0,1.0,109.0,2025
,90.17907949790795,0.9947628511065826,9.134728033472804,30,0.9997524218853141,409.0,902.0,59.0,359.0,768.0,10000,3,0.6861924686192469,35398,89625,99570,124.0,966.0,-821.0,1.0,109.0,2025
,90.75146443514645,0.9948691098506676,8.451882845188285,30,0.9997280624072663,406.0,900.0,67.0,359.0,768.0,1000,5,0.796652719665272,35398,89625,98846,132.0,986.0,-833.0,-1.0,109.0,2025
,90.60864714086472,0.9948538997903544,8.631520223152023,30,0.9997363972578723,407.0,901.0,60.0,359.0,768.0,2500,5,0.7598326359832636,35398,89625,99040,129.0,976.0,-827.0,0.0,109.0,2025
,90.51715481171549,0.9948285102098002,8.765411436541143,30,0.999745705748371,408.0,902.0,59.0,359.0,768.0,5000,5,0.7174337517433752,35398,89625,99198,127.0,971.0,-825.0,0.0,109.0,2025
,90.43905160390516,0.994808464003198,8.858019525801952,30,0.9997485703546475,408.0,902.0,59.0,359.0,768.0,7500,5,0.702928870292887,35398,89625,99296,127.0,971.0,-826.0,0.0,109.0,2025
,90.3810320781032,0.994791945089983,8.923849372384938,30,0.9997493531216982,408.0,902.0,59.0,359.0,768.0,10000,5,0.6951185495118549,35398,89625,99363,127.0,971.0,-826.0,0.0,109.0,2025
,90.78270571827058,0.994870543024436,8.411715481171548,30,0.9997256556998814,406.0,900.0,67.0,359.0,768.0,1000,10,0.80557880055788,35398,89625,98805,135.0,990.0,-837.0,-1.0,109.0,2025
,90.76373779637377,0.9948655046195422,8.465271966527197,30,0.9997337163246471,406.0,901.0,65.0,359.0,768.0,2500,10,0.7709902370990237,35398,89625,98882,134.0,986.0,-836.0,-1.0,109.0,2025
,90.7536959553696,0.9948546831590828,8.51994421199442,30,0.9997434061655758,407.0,901.0,65.0,359.0,768.0,5000,10,0.7263598326359832,35398,89625,98963,134.0,984.0,-833.0,-1.0,109.0,2025
,90.7258019525802,0.9948458387861397,8.56234309623431,30,0.9997462707718523,407.0,901.0,65.0,359.0,768.0,7500,10,0.7118549511854951,35398,89625,99011,134.0,984.0,-833.0,-1.0,109.0,2025
,90.70125523012553,0.9948383320563999,8.594700139470014,30,0.999747053538903,407.0,902.0,65.0,359.0,768.0,10000,10,0.7040446304044631,35398,89625,99048,134.0,984.0,-833.0,-1.0,109.0,2025
,90.78493723849373,0.9948709728474063,8.400557880055787,30,0.9997233109516852,406.0,900.0,67.0,359.0,768.0,1000,15,0.8145048814504882,35398,89625,98790,136.0,991.0,-839.0,-1.0,109.0,2025
,90.79163179916318,0.9948685154509951,8.426220362622036,30,0.9997304717924962,406.0,901.0,67.0,359.0,768.0,2500,15,0.7821478382147838,35398,89625,98836,136.0,991.0,-838.0,-1.0,109.0,2025
,90.80278940027894,0.9948643013450437,8.45076708507671,30,0.9997387201153007,406.0,901.0,67.0,359.0,768.0,5000,15,0.7464435146443514,35398,89625,98876,136.0,991.0,-838.0,-1.0,109.0,2025
,90.80725244072525,0.9948620153673967,8.460808926080892,30,0.9997415847215773,406.0,901.0,67.0,359.0,768.0,7500,15,0.7319386331938633,35398,89625,98893,136.0,991.0,-838.0,-1.0,109.0,2025
,90.79721059972105,0.9948578906535853,8.477545327754532,30,0.9997423266366229,406.0,901.0,67.0,359.0,768.0,10000,15,0.7252440725244073,35398,89625,98914,136.0,991.0,-838.0,-1.0,109.0,2025
,90.79051603905161,0.9948715360076945,8.381589958158996,30,0.9997189902175517,406.0,900.0,67.0,359.0,768.0,1000,20,0.8278940027894003,35398,89625,98769,136.0,993.0,-841.0,-1.0,109.0,2025
,90.80836820083682,0.9948706728230406,8.39163179916318,30,0.9997252709363285,406.0,900.0,67.0,359.0,768.0,2500,20,0.8,35398,89625,98796,136.0,991.0,-841.0,-1.0,109.0,2025
,90.82622036262204,0.9948689136166012,8.40278940027894,30,0.9997326751602965,406.0,900.0,67.0,359.0,768.0,5000,20,0.7709902370990237,35398,89625,98820,136.0,992.0,-841.0,-1.0,109.0,2025
,90.82956764295676,0.9948677662874245,8.40836820083682,30,0.9997342436124899,406.0,900.0,67.0,359.0,768.0,7500,20,0.7620641562064157,35398,89625,98830,136.0,991.0,-841.0,-1.0,109.0,2025
,90.8228730822873,0.9948664861629175,8.416178521617852,30,0.9997342533651984,406.0,900.0,67.0,359.0,768.0,10000,20,0.7609483960948397,35398,89625,98838,136.0,991.0,-841.0,-1.0,109.0,2025
,90.78940027894002,0.9948721994360987,8.36931659693166,30,0.9997148010205459,406.0,900.0,67.0,359.0,768.0,1000,30,0.8412831241283124,35398,89625,98751,136.0,994.0,-841.0,-1.0,109.0,2025
,90.78940027894002,0.9948721994360987,8.36931659693166,30,0.9997148010205459,406.0,900.0,67.0,359.0,768.0,2500,30,0.8412831241283124,35398,89625,98751,136.0,993.0,-841.0,-1.0,109.0,2025
,90.78940027894002,0.9948721994360987,8.36931659693166,30,0.9997148010205459,406.0,900.0,67.0,359.0,768.0,5000,30,0.8412831241283124,35398,89625,98751,136.0,994.0,-841.0,-1.0,109.0,2025
,90.78940027894002,0.9948721994360987,8.36931659693166,30,0.9997148010205459,406.0,900.0,67.0,359.0,768.0,7500,30,0.8412831241283124,35398,89625,98751,136.0,994.0,-841.0,-1.0,109.0,2025
,90.78940027894002,0.9948721994360987,8.36931659693166,30,0.9997148010205459,406.0,900.0,67.0,359.0,768.0,10000,30,0.8412831241283124,35398,89625,98751,136.0,994.0,-841.0,-1.0,109.0,2025
,90.66666666666667,0.995735746497678,7.451046025104603,40,0.9994320087779248,411.0,1123.0,68.0,362.0,873.0,1000,3,1.8822873082287308,35398,89625,97072,129.0,1004.0,-843.0,0.0,109.0,2025
,90.58521617852162,0.9957140011290625,7.714365411436541,40,0.9994636210607497,411.0,1116.0,59.0,361.0,870.0,2500,3,1.700418410041841,35398,89625,97441,124.0,995.0,-836.0,1.0,109.0,2025
,90.48926080892608,0.9956759366274833,7.9297071129707115,40,0.9994858266360229,413.0,1116.0,59.0,361.0,869.0,5000,3,1.581032078103208,35398,89625,97713,124.0,990.0,-831.0,1.0,109.0,2025
,90.38884239888424,0.9956462064571443,8.063598326359832,40,0.9994923048438672,413.0,1116.0,59.0,361.0,869.0,7500,3,1.5475592747559275,35398,89625,97868,124.0,990.0,-831.0,1.0,109.0,2025
,90.32412831241282,0.9956233078340052,8.155090655509065,40,0.9994966835948348,413.0,1118.0,59.0,361.0,869.0,10000,3,1.5207810320781032,35398,89625,97966,124.0,989.0,-831.0,1.0,109.0,2025
,90.69679218967921,0.9957372469340409,7.416457461645746,40,0.9994310777797292,411.0,1124.0,68.0,362.0,874.0,1000,5,1.8867503486750348,35398,89625,97037,131.0,1006.0,-846.0,-1.0,109.0,2025
,90.68340306834031,0.9957216906782131,7.609483960948396,40,0.9994604824190909,412.0,1116.0,61.0,361.0,870.0,2500,5,1.707112970711297,35398,89625,97338,129.0,998.0,-841.0,0.0,109.0,2025
,90.64881450488146,0.9956944915893291,7.763458856345886,40,0.9994826879943641,412.0,1116.0,59.0,361.0,869.0,5000,5,1.5877266387726638,35398,89625,97552,126.0,991.0,-836.0,0.0,109.0,2025
,90.57852161785216,0.9956720693232488,7.867224546722455,40,0.9994891662022084,412.0,1116.0,59.0,361.0,869.0,7500,5,1.5542538354253836,35398,89625,97674,126.0,991.0,-836.0,0.0,109.0,2025
,90.52608089260809,0.9956525737847849,7.945327754532776,40,0.9994933518822046,413.0,1117.0,59.0,361.0,869.0,10000,5,1.5285913528591353,35398,89625,97760,126.0,991.0,-836.0,0.0,109.0,2025
,90.72133891213389,0.9957386725481167,7.377405857740586,40,0.9994257077659452,411.0,1124.0,68.0,362.0,873.0,1000,10,1.901255230125523,35398,89625,96993,134.0,1012.0,-851.0,-1.0,109.0,2025
,90.8329149232915,0.9957333442022304,7.443235704323571,40,0.9994548381794667,410.0,1117.0,66.0,361.0,870.0,2500,10,1.7238493723849373,35398,89625,97177,134.0,1007.0,-846.0,-1.0,109.0,2025
,90.88312412831242,0.9957209256063297,7.514644351464435,40,0.9994774251051699,411.0,1116.0,66.0,361.0,869.0,5000,10,1.602231520223152,35398,89625,97314,134.0,1005.0,-846.0,-1.0,109.0,2025
,90.86415620641561,0.995709737421072,7.567085076708508,40,0.9994839033130142,411.0,1116.0,65.0,361.0,869.0,7500,10,1.5687587168758717,35398,89625,97386,134.0,1005.0,-846.0,-1.0,109.0,2025
,90.84518828451883,0.995699271585799,7.611715481171548,40,0.9994880889930103,411.0,1117.0,65.0,361.0,869.0,10000,10,1.5430962343096235,35398,89625,97442,134.0,1005.0,-846.0,-1.0,109.0,2025
,90.72357043235705,0.995739105289269,7.366248256624826,40,0.9994233630177489,411.0,1123.0,68.0,362.0,874.0,1000,15,1.9101813110181312,35398,89625,96978,135.0,1016.0,-851.0,-1.0,109.0,2025
,90.8652719665272,0.9957363812507892,7.399721059972106,40,0.9994515936473158,410.0,1118.0,67.0,361.0,870.0,2500,15,1.7350069735006974,35398,89625,97131,134.0,1012.0,-851.0,-1.0,109.0,2025
,90.94337517433752,0.9957307322293422,7.434309623430963,40,0.9994727390548949,410.0,1117.0,67.0,361.0,870.0,5000,15,1.6223152022315201,35398,89625,97227,134.0,1011.0,-851.0,-1.0,109.0,2025
,90.95676429567644,0.9957261154657452,7.45439330543933,40,0.9994792172627391,410.0,1118.0,67.0,361.0,870.0,7500,15,1.58884239888424,35398,89625,97268,134.0,1011.0,-851.0,-1.0,109.0,2025
,90.95453277545327,0.9957191815722695,7.481171548117155,40,0.9994833620907301,410.0,1118.0,67.0,361.0,870.0,10000,15,1.5642956764295677,35398,89625,97308,134.0,1011.0,-851.0,-1.0,109.0,2025
,90.7302649930265,0.9957396726385699,7.347280334728033,40,0.9994188726594219,411.0,1124.0,68.0,362.0,874.0,1000,20,1.9224546722454672,35398,89625,96957,136.0,1019.0,-854.0,-1.0,109.0,2025
,90.88423988842399,0.9957385773469181,7.364016736401673,40,0.9994462231669544,410.0,1118.0,68.0,361.0,870.0,2500,20,1.7517433751743374,35398,89625,97091,136.0,1016.0,-853.0,-1.0,109.0,2025
,90.96903765690377,0.9957353888466551,7.385216178521618,40,0.9994665244756971,410.0,1117.0,68.0,361.0,870.0,5000,20,1.6457461645746165,35398,89625,97171,136.0,1016.0,-853.0,-1.0,109.0,2025
,90.98242677824268,0.9957319131879416,7.400836820083682,40,0.9994714972165389,410.0,1118.0,68.0,361.0,870.0,7500,20,1.61673640167364,35398,89625,97205,136.0,1016.0,-853.0,-1.0,109.0,2025
,90.98465829846583,0.9957280796526915,7.417573221757322,40,0.9994749098821929,410.0,1118.0,68.0,361.0,870.0,10000,20,1.5977684797768479,35398,89625,97232,136.0,1016.0,-853.0,-1.0,109.0,2025
,90.72803347280335,0.9957403378577054,7.335006973500698,40,0.9994139272700086,411.0,1124.0,68.0,362.0,874.0,1000,30,1.9369595536959554,35398,89625,96939,136.0,1019.0,-854.0,-1.0,109.0,2025
,90.86638772663878,0.9957401171979396,7.341701534170153,40,0.9994359997724052,410.0,1118.0,68.0,361.0,871.0,2500,30,1.791910739191074,35398,89625,97046,136.0,1019.0,-853.0,-1.0,109.0,2025
,90.93333333333334,0.9957386978249623,7.351743375174338,40,0.9994488968571796,410.0,1118.0,68.0,361.0,870.0,5000,30,1.7149232914923291,35398,89625,97102,136.0,1016.0,-853.0,-1.0,109.0,2025
,90.94449093444909,0.9957363713910158,7.3617852161785216,40,0.9994519032625512,410.0,1118.0,68.0,361.0,870.0,7500,30,1.693723849372385,35398,89625,97126,136.0,1019.0,-853.0,-1.0,109.0,2025
,90.9534170153417,0.9957338204516374,7.3707112970711295,40,0.9994553061754965,410.0,1118.0,68.0,361.0,870.0,10000,30,1.6758716875871689,35398,89625,97145,136.0,1019.0,-853.0,-1.0,109.0,2025
,87.73891213389122,0.9963021599005208,8.026778242677825,50,0.9990372017036275,431.0,2839.0,75.0,377.0,2454.0,1000,3,4.2343096234309625,35398,89625,95847,124.0,1019.0,-854.0,0.0,104.0,2025
,88.06694560669456,0.996280427192941,8.32691771269177,50,0.9991168145494976,428.0,2794.0,64.0,373.0,2339.0,2500,3,3.606136680613668,35398,89625,96574,119.0,1002.0,-843.0,1.0,104.0,2025
,88.12161785216179,0.9962390949145608,8.565690376569037,50,0.9991668794537047,429.0,2789.0,59.0,372.0,2324.0,5000,3,3.312691771269177,35398,89625,96994,119.0,996.0,-838.0,2.0,104.0,2025
,88.0513249651325,0.9961973117596803,8.746443514644351,50,0.9991835797081068,429.0,2789.0,59.0,372.0,2324.0,7500,3,3.202231520223152,35398,89625,97247,119.0,996.0,-838.0,2.0,104.0,2025
,88.04797768479777,0.99616707775287,8.865829846582985,50,0.9991971869243673,429.0,2789.0,59.0,372.0,2321.0,10000,3,3.086192468619247,35398,89625,97435,119.0,996.0,-838.0,2.0,104.0,2025
,87.75788005578801,0.9963036357507792,7.992189679218968,50,0.9990288335139338,431.0,2842.0,75.0,377.0,2454.0,1000,5,4.249930264993027,35398,89625,95808,129.0,1022.0,-856.0,0.0,104.0,2025
,88.14839609483961,0.9962880957994609,8.218688981868898,50,0.9991041982004174,428.0,2794.0,65.0,373.0,2341.0,2500,5,3.632914923291492,35398,89625,96464,124.0,1009.0,-848.0,0.0,104.0,2025
,88.26220362622037,0.9962577438490604,8.396094839609484,50,0.9991537707940265,428.0,2789.0,62.0,373.0,2329.0,5000,5,3.3417015341701535,35398,89625,96826,123.0,1001.0,-841.0,1.0,104.0,2025
,88.22092050209206,0.9962232768997805,8.546722454672246,50,0.9991701988005374,428.0,2789.0,60.0,372.0,2324.0,7500,5,3.2323570432357043,35398,89625,97046,123.0,1001.0,-841.0,1.0,104.0,2025
,88.23096234309624,0.9961964498216906,8.653835425383543,50,0.9991835922982863,428.0,2789.0,59.0,372.0,2324.0,10000,5,3.115202231520223,35398,89625,97222,123.0,1001.0,-841.0,1.0,104.0,2025
,87.78354253835425,0.9963050754136117,7.953138075313808,50,0.999025853160327,431.0,2842.0,75.0,377.0,2454.0,1000,10,4.263319386331939,35398,89625,95765,130.0,1026.0,-860.0,-1.0,104.0,2025
,88.29121338912134,0.9962997735317575,8.054672245467225,50,0.9990974280267759,427.0,2794.0,71.0,373.0,2340.0,2500,10,3.6541143654114365,35398,89625,96304,129.0,1021.0,-856.0,0.0,104.0,2025
,88.48089260808926,0.9962842041424709,8.150627615062762,50,0.9991422846018617,426.0,2789.0,69.0,373.0,2330.0,5000,10,3.3684797768479777,35398,89625,96585,129.0,1016.0,-854.0,0.0,104.0,2025
,88.49093444909344,0.9962610711881674,8.249930264993026,50,0.9991587126083726,426.0,2789.0,69.0,373.0,2329.0,7500,10,3.2591352859135285,35398,89625,96755,129.0,1017.0,-854.0,0.0,104.0,2025
,88.53333333333333,0.9962432836642414,8.323570432357043,50,0.9991716349522549,426.0,2792.0,68.0,372.0,2319.0,10000,10,3.1430962343096236,35398,89625,96901,129.0,1016.0,-854.0,0.0,104.0,2025
,87.78354253835425,0.9963055050019317,7.941980474198047,50,0.9990221109665501,431.0,2844.0,75.0,377.0,2458.0,1000,15,4.274476987447699,35398,89625,95749,131.0,1026.0,-861.0,-1.0,104.0,2025
,88.31576011157601,0.9963028048490761,8.012273361227336,50,0.9990908973060342,427.0,2794.0,74.0,373.0,2344.0,2500,15,3.671966527196653,35398,89625,96255,130.0,1025.0,-859.0,0.0,104.0,2025
,88.53333333333333,0.996294015656536,8.071408647140865,50,0.9991343123629959,426.0,2793.0,72.0,373.0,2332.0,5000,15,3.395258019525802,35398,89625,96495,129.0,1023.0,-858.0,0.0,104.0,2025
,88.57573221757322,0.9962774853472803,8.138354253835425,50,0.9991507403695068,426.0,2793.0,72.0,373.0,2326.0,7500,15,3.2859135285913528,35398,89625,96634,129.0,1023.0,-858.0,0.0,104.0,2025
,88.63486750348675,0.9962632339706966,8.194142259414226,50,0.999163621966919,426.0,2789.0,72.0,372.0,2324.0,10000,15,3.1709902370990237,35398,89625,96764,129.0,1023.0,-858.0,0.0,104.0,2025
,87.78465829846583,0.9963060667717386,7.924128312412831,50,0.999015177402196,431.0,2842.0,75.0,377.0,2459.0,1000,20,4.291213389121339,35398,89625,95726,131.0,1031.0,-861.0,-1.0,104.0,2025
,88.32691771269177,0.9963049933480329,7.978800557880056,50,0.9990817445527553,427.0,2796.0,74.0,373.0,2344.0,2500,20,3.694281729428173,35398,89625,96212,131.0,1026.0,-861.0,-1.0,104.0,2025
,88.55006973500697,0.9962987213741202,8.023430962343097,50,0.999123660309736,426.0,2793.0,74.0,373.0,2330.0,5000,20,3.42649930264993,35398,89625,96435,131.0,1026.0,-861.0,-1.0,104.0,2025
,88.59358437935843,0.9962834335170604,8.084797768479778,50,0.9991385828492445,426.0,2793.0,73.0,373.0,2330.0,7500,20,3.3216178521617854,35398,89625,96567,131.0,1026.0,-861.0,-1.0,104.0,2025
,88.66052998605299,0.9962722943949262,8.130543933054394,50,0.9991527129382264,426.0,2792.0,71.0,372.0,2324.0,10000,20,3.208926080892608,35398,89625,96686,131.0,1026.0,-861.0,-1.0,104.0,2025
,87.78242677824268,0.9963067358223974,7.911854951185495,50,0.9990102320127827,431.0,2844.0,75.0,377.0,2458.0,1000,30,4.305718270571827,35398,89625,95708,131.0,1031.0,-861.0,-1.0,104.0,2025
,88.30906555090655,0.9963065413132075,7.956485355648535,50,0.999071521158206,427.0,2798.0,75.0,373.0,2349.0,2500,30,3.7344490934449093,35398,89625,96167,131.0,1028.0,-861.0,-1.0,104.0,2025
,88.51324965132497,0.9963020415122368,7.991073919107392,50,0.9991060326912186,426.0,2794.0,73.0,373.0,2334.0,5000,30,3.495676429567643,35398,89625,96366,131.0,1026.0,-861.0,-1.0,104.0,2025
,88.55453277545328,0.9962879053026121,8.046861924686192,50,0.9991189888952567,426.0,2793.0,73.0,373.0,2330.0,7500,30,3.39860529986053,35398,89625,96488,131.0,1026.0,-861.0,-1.0,104.0,2025
,88.6281729428173,0.9962780503413403,8.084797768479778,50,0.99913310923153,426.0,2793.0,71.0,373.0,2329.0,10000,30,3.2870292887029287,35398,89625,96599,131.0,1026.0,-861.0,-1.0,104.0,2025
,83.71324965132497,0.9968584590836985,9.279776847977685,60,0.9988053177887107,477.0,3498.0,106.0,419.0,3334.0,1000,3,7.00697350069735,35398,89625,94900,118.0,1001.0,-856.0,1.0,104.0,2025
,84.49986052998605,0.9968360242090787,9.659135285913528,60,0.9989421103850746,467.0,3454.0,95.0,410.0,3279.0,2500,3,5.841004184100418,35398,89625,96070,113.0,987.0,-843.0,2.0,104.0,2025
,84.74532775453278,0.9967908374484851,9.945885634588564,60,0.9990095219064364,467.0,3449.0,85.0,408.0,3272.0,5000,3,5.308786610878661,35398,89625,96698,111.0,981.0,-837.0,3.0,104.0,2025
,84.79330543933054,0.996746637876142,10.151185495118549,60,0.9990492362208293,467.0,3446.0,79.0,407.0,3264.0,7500,3,5.055509065550907,35398,89625,97077,110.0,979.0,-837.0,3.0,104.0,2025
,84.86248256624826,0.9967155025945198,10.287308228730822,60,0.999067749010172,467.0,3446.0,76.0,407.0,3264.0,10000,3,4.850209205020921,35398,89625,97344,111.0,976.0,-836.0,3.0,104.0,2025
,83.72663877266388,0.9968599342420489,9.24741980474198,60,0.998794632937417,477.0,3498.0,107.0,419.0,3334.0,1000,5,7.025941422594142,35398,89625,94859,119.0,1006.0,-856.0,1.0,104.0,2025
,84.56569037656904,0.9968436855105396,9.552022315202231,60,0.9989218305577674,467.0,3454.0,98.0,410.0,3279.0,2500,5,5.882287308228731,35398,89625,95953,116.0,991.0,-846.0,2.0,104.0,2025
,84.8702928870293,0.9968095124289099,9.777405857740586,60,0.9989895649552161,467.0,3449.0,93.0,408.0,3274.0,5000,5,5.352301255230126,35398,89625,96525,114.0,986.0,-841.0,2.0,104.0,2025
,84.94839609483961,0.9967726308658065,9.952580195258019,60,0.9990270827085448,466.0,3447.0,87.0,408.0,3264.0,7500,5,5.099023709902371,35398,89625,96871,114.0,986.0,-841.0,2.0,104.0,2025
,85.03096234309623,0.9967449063960172,10.076429567642958,60,0.9990453817793759,466.0,3447.0,84.0,407.0,3264.0,10000,5,4.892608089260809,35398,89625,97126,114.0,985.0,-841.0,2.0,104.0,2025
,83.74783821478383,0.9968613660791982,9.207252440725243,60,0.9987880029586559,477.0,3498.0,108.0,419.0,3336.0,1000,10,7.044909344490934,35398,89625,94814,124.0,1011.0,-861.0,0.0,104.0,2025
,84.68730822873083,0.9968553504070196,9.383542538354254,60,0.998902367759403,467.0,3454.0,104.0,410.0,3279.0,2500,10,5.929149232914924,35398,89625,95782,121.0,1001.0,-856.0,1.0,104.0,2025
,85.06778242677824,0.9968359798391576,9.527475592747559,60,0.9989651561936487,465.0,3452.0,102.0,409.0,3274.0,5000,10,5.404741980474198,35398,89625,96273,119.0,999.0,-855.0,1.0,104.0,2025
,85.19497907949791,0.9968104676564744,9.652440725244073,60,0.9990026254411112,464.0,3448.0,99.0,408.0,3266.0,7500,10,5.15258019525802,35398,89625,96569,119.0,998.0,-854.0,1.0,104.0,2025
,85.30990237099024,0.9967917953021667,9.74281729428173,60,0.9990209674413773,464.0,3446.0,95.0,407.0,3264.0,10000,10,4.947280334728034,35398,89625,96794,119.0,997.0,-854.0,1.0,104.0,2025
,83.74225941422594,0.9968617860923327,9.19721059972106,60,0.9987803630409163,477.0,3499.0,108.0,419.0,3338.0,1000,15,7.060529986052998,35398,89625,94796,124.0,1014.0,-861.0,0.0,104.0,2025
,84.70069735006973,0.9968583665461722,9.34002789400279,60,0.9988878512990439,466.0,3458.0,105.0,410.0,3281.0,2500,15,5.959274755927476,35398,89625,95727,123.0,1006.0,-859.0,0.0,104.0,2025
,85.11018131101812,0.9968458481222779,9.444909344490934,60,0.9989488265732879,465.0,3452.0,104.0,409.0,3274.0,5000,15,5.4449093444909344,35398,89625,96177,122.0,1006.0,-858.0,0.0,104.0,2025
,85.2697350069735,0.9968269446595572,9.536401673640167,60,0.9989857246892,464.0,3449.0,101.0,408.0,3266.0,7500,15,5.193863319386332,35398,89625,96442,121.0,1005.0,-858.0,0.0,104.0,2025
,85.40027894002789,0.9968118124300634,9.610041841004184,60,0.9990040259429959,463.0,3446.0,98.0,407.0,3264.0,10000,15,4.989679218967922,35398,89625,96651,121.0,1005.0,-858.0,0.0,104.0,2025
,83.74783821478383,0.996862357776878,9.179358437935845,60,0.9987751177966843,477.0,3499.0,108.0,419.0,3336.0,1000,20,7.072803347280335,35398,89625,94775,124.0,1016.0,-862.0,0.0,104.0,2025
,84.71408647140865,0.9968605654308459,9.307670850767085,60,0.9988803740434843,466.0,3458.0,106.0,410.0,3282.0,2500,20,5.978242677824268,35398,89625,95686,124.0,1010.0,-861.0,0.0,104.0,2025
,85.12803347280335,0.9968505681844081,9.399163179916318,60,0.9989398327519705,465.0,3451.0,105.0,409.0,3274.0,5000,20,5.472803347280335,35398,89625,96119,124.0,1010.0,-861.0,0.0,104.0,2025
,85.2887029288703,0.996832909463402,9.485076708507671,60,0.9989752254008802,464.0,3449.0,102.0,408.0,3267.0,7500,20,5.226220362622036,35398,89625,96377,124.0,1008.0,-861.0,0.0,104.0,2025
,85.42705718270572,0.9968208926948141,9.548675034867504,60,0.9989947751462459,463.0,3447.0,99.0,407.0,3264.0,10000,20,5.0242677824267785,35398,89625,96575,124.0,1007.0,-860.0,0.0,104.0,2025
,83.74783821478383,0.9968630278098334,9.167085076708508,60,0.9987693157941724,477.0,3499.0,107.0,419.0,3336.0,1000,30,7.085076708507671,35398,89625,94757,124.0,1019.0,-863.0,0.0,104.0,2025
,84.69958158995816,0.9968621170180706,9.285355648535566,60,0.9988688392686237,466.0,3459.0,105.0,410.0,3283.0,2500,30,6.015062761506276,35398,89625,95641,124.0,1011.0,-861.0,0.0,104.0,2025
,85.09232914923291,0.9968538983495868,9.36792189679219,60,0.9989209379641074,465.0,3452.0,105.0,409.0,3274.0,5000,30,5.539748953974895,35398,89625,96050,124.0,1011.0,-861.0,0.0,104.0,2025
,85.2507670850767,0.9968373931317285,9.448256624825662,60,0.9989541935017073,464.0,3449.0,102.0,408.0,3269.0,7500,30,5.300976290097629,35398,89625,96298,124.0,1010.0,-861.0,0.0,104.0,2025
,85.39470013947002,0.9968266620983691,9.504044630404463,60,0.9989737385208023,463.0,3448.0,99.0,407.0,3264.0,10000,30,5.101255230125523,35398,89625,96488,124.0,1010.0,-861.0,0.0,104.0,2025
,69.57656903765691,0.9980196628254049,14.644351464435147,90,0.9981415901364457,599.0,4619.0,205.0,555.0,4549.0,1000,3,15.779079497907949,35398,89625,93705,108.0,982.0,-848.0,4.0,101.0,2025
,71.52914923291492,0.9979971866886391,15.312691771269177,90,0.9983829994106581,567.0,4519.0,179.0,524.0,4429.0,2500,3,13.1581589958159,35398,89625,96140,104.0,964.0,-836.0,4.0,101.0,2025
,72.19302649930265,0.9979498370918078,15.702092050209204,90,0.9985323322607237,565.0,4508.0,179.0,520.0,4414.0,5000,3,12.104881450488145,35398,89625,97196,101.0,958.0,-831.0,4.0,101.0,2025
,72.53779637377964,0.9978949188820908,16.01338912133891,90,0.9986081625316113,562.0,4494.0,165.0,515.0,4404.0,7500,3,11.448814504881451,35398,89625,97952,101.0,956.0,-829.0,4.0,102.0,2025
,72.85801952580195,0.997860012077434,16.199721059972106,90,0.998675276428514,560.0,4493.0,149.0,513.0,4402.0,10000,3,10.94225941422594,35398,89625,98475,101.0,956.0,-828.0,4.0,103.0,2025
,69.58437935843794,0.9980211659442564,14.610878661087867,90,0.9981365289201213,599.0,4619.0,205.0,555.0,4554.0,1000,5,15.804741980474198,35398,89625,93661,109.0,986.0,-851.0,4.0,101.0,2025
,71.57824267782426,0.9980049230195688,15.215620641562063,90,0.998372682143522,567.0,4520.0,180.0,524.0,4432.0,2500,5,13.206136680613668,35398,89625,96020,105.0,968.0,-840.0,4.0,101.0,2025
,72.29009762900976,0.9979686153026901,15.55258019525802,90,0.9985221616136566,565.0,4509.0,179.0,520.0,4414.0,5000,5,12.157322175732217,35398,89625,97020,104.0,962.0,-832.0,4.0,101.0,2025
,72.66164574616458,0.9979210482963234,15.837099023709902,90,0.9985981291664559,562.0,4496.0,173.0,515.0,4408.0,7500,5,11.501255230125523,35398,89625,97743,104.0,961.0,-831.0,4.0,102.0,2025
,72.99414225941423,0.9978895597888516,16.012273361227336,90,0.9986647768049672,560.0,4494.0,159.0,513.0,4404.0,10000,5,10.993584379358438,35398,89625,98254,104.0,961.0,-831.0,4.0,103.0,2025
,69.58995815899581,0.998022596351244,14.576290097629009,90,0.9981232461905571,599.0,4619.0,205.0,555.0,4552.0,1000,10,15.833751743375174,35398,89625,93612,111.0,991.0,-856.0,3.0,101.0,2025
,71.65857740585774,0.9980166302072563,15.064993026499303,90,0.9983466863269901,567.0,4520.0,187.0,524.0,4429.0,2500,10,13.276429567642957,35398,89625,95843,109.0,978.0,-846.0,4.0,101.0,2025
,72.43849372384938,0.997995184718945,15.329428172942817,90,0.9984931580370066,564.0,4509.0,179.0,520.0,4416.0,5000,10,12.23207810320781,35398,89625,96764,109.0,975.0,-846.0,4.0,102.0,2025
,72.84351464435146,0.9979590351129913,15.571548117154812,90,0.998567087196488,561.0,4498.0,179.0,516.0,4409.0,7500,10,11.584937238493724,35398,89625,97437,109.0,974.0,-846.0,4.0,102.0,2025
,73.20278940027895,0.9979366209668091,15.717712691771268,90,0.998634466290756,559.0,4494.0,172.0,513.0,4404.0,10000,10,11.07949790794979,35398,89625,97918,109.0,973.0,-844.0,4.0,103.0,2025
,69.58549511854952,0.9980230294567154,14.564016736401674,90,0.9981170905149485,599.0,4619.0,205.0,555.0,4552.0,1000,15,15.850488145048814,35398,89625,93593,111.0,994.0,-856.0,3.0,101.0,2025
,71.66750348675035,0.9980196804014198,15.027057182705718,90,0.9983378284044816,567.0,4523.0,190.0,524.0,4433.0,2500,15,13.305439330543933,35398,89625,95790,109.0,982.0,-851.0,4.0,101.0,2025
,72.47085076708508,0.9980051063773534,15.251324965132497,90,0.9984781971024932,564.0,4509.0,179.0,520.0,4416.0,5000,15,12.277824267782426,35398,89625,96667,109.0,981.0,-849.0,4.0,101.0,2025
,72.90376569037657,0.9979755837676908,15.462203626220363,90,0.9985521047042488,560.0,4499.0,179.0,516.0,4409.0,7500,15,11.634030683403068,35398,89625,97309,109.0,981.0,-849.0,4.0,102.0,2025
,73.27196652719665,0.9979567140938327,15.596094839609483,90,0.998619432812335,558.0,4497.0,175.0,513.0,4406.0,10000,15,11.131938633193863,35398,89625,97774,109.0,981.0,-848.0,4.0,103.0,2025
,69.58995815899581,0.9980236038810901,14.54504881450488,90,0.9981092735254782,599.0,4619.0,205.0,555.0,4554.0,1000,20,15.864993026499302,35398,89625,93571,112.0,996.0,-858.0,3.0,101.0,2025
,71.68089260808927,0.9980218998166998,14.991352859135286,90,0.9983277818455817,567.0,4521.0,191.0,524.0,4433.0,2500,20,13.327754532775453,35398,89625,95748,110.0,986.0,-853.0,4.0,101.0,2025
,72.48647140864713,0.9980098473373027,15.202231520223153,90,0.998462528028108,563.0,4509.0,180.0,520.0,4416.0,5000,20,12.311297071129706,35398,89625,96608,110.0,985.0,-851.0,4.0,101.0,2025
,72.91938633193864,0.997981574034841,15.407531380753138,90,0.9985349206973563,560.0,4499.0,179.0,516.0,4409.0,7500,20,11.67308228730823,35398,89625,97243,110.0,984.0,-851.0,4.0,102.0,2025
,73.29093444909344,0.9979658216306289,15.53249651324965,90,0.9986012820687379,558.0,4498.0,176.0,513.0,4405.0,10000,20,11.176569037656904,35398,89625,97697,110.0,982.0,-851.0,4.0,103.0,2025
,69.58326359832635,0.9980242783754374,14.536122733612274,90,0.9981014709801873,599.0,4619.0,205.0,555.0,4554.0,1000,30,15.880613668061367,35398,89625,93552,112.0,996.0,-859.0,3.0,101.0,2025
,71.65969316596932,0.9980234564114906,14.971269177126917,90,0.9983098957307176,567.0,4523.0,191.0,524.0,4434.0,2500,30,13.369037656903766,35398,89625,95700,110.0,986.0,-854.0,4.0,101.0,2025
,72.44518828451884,0.998013193558202,15.175453277545328,90,0.9984361564245878,563.0,4509.0,180.0,520.0,4419.0,5000,30,12.379358437935844,35398,89625,96537,110.0,986.0,-853.0,4.0,101.0,2025
,72.87475592747559,0.99798607924101,15.375174337517434,90,0.9985066353789668,560.0,4499.0,179.0,516.0,4409.0,7500,30,11.750069735006974,35398,89625,97162,110.0,985.0,-852.0,4.0,102.0,2025
,73.25188284518829,0.9979716127871545,15.492329149232916,90,0.9985730480358871,558.0,4498.0,176.0,514.0,4406.0,10000,30,11.2557880055788,35398,89625,97608,110.0,985.0,-851.0,4.0,103.0,2025
