adep_accuracy,adep_correct,adep_coverage,adep_gt_ooa_share,adep_inarea_accuracy,adep_inarea_coverage,adep_ooa_precision,adep_ooa_recall,adep_overall,adep_pred_ooa_share,adep_score,adep_wrong,ades_accuracy,ades_correct,ades_coverage,ades_gt_ooa_share,ades_inarea_accuracy,ades_inarea_coverage,ades_ooa_precision,ades_ooa_recall,ades_overall,ades_pred_ooa_share,ades_score,ades_wrong,height_ft,k,n_ground_truth,penalty_nm,radius_nm
0.9902855965948099,28849,0.3062786492283107,0.08297237057908238,0.9919647577092511,0.3253118407777676,0.814385150812065,0.08895083628991383,0.30330333487531014,0.00906261827663064,28283.0,283,0.9882274002683908,32402,0.34471592581689725,0.08372934101518147,0.9885053948013732,0.37433449605287317,0.40583554376657827,0.01921145153189352,0.34065772320114385,0.003963581311241011,31630.0,386,0.0,2.0,95116,10.0,5.0
0.991387035746291,39826,0.4223474494301695,0.08297237057908238,0.9933226699164699,0.45156149683573327,0.814385150812065,0.08895083628991383,0.4187097859455822,0.00906261827663064,39134.0,346,0.9917709213032975,50498,0.5353147735396778,0.08372934101518147,0.9921568627450981,0.5822585827060768,0.4617737003058104,0.018960321446509294,0.5309096261407124,0.0034379073972833174,49660.0,419,500.0,2.0,95116,10.0,5.0
0.9916479820627803,53073,0.5626813575003154,0.08297237057908238,0.9937005483558811,0.6042259011281299,0.8181818181818182,0.08895083628991383,0.5579818327095336,0.009020564363514024,52179.0,447,0.9916819704007778,55080,0.5839396105807645,0.08372934101518147,0.9920712324808554,0.6353038369744813,0.4617737003058104,0.018960321446509294,0.5790823836157954,0.0034379073972833174,54156.0,462,1000.0,2.0,95116,10.0,5.0
0.9923629046313754,62631,0.6635371546322385,0.08297237057908238,0.9944772668892885,0.7141153810877741,0.8502475247524752,0.0870501773948302,0.6584696581016863,0.008494890449556331,61667.0,482,0.9910283924990325,56336,0.5976491862567812,0.08372934101518147,0.9917391841561788,0.6500481916651367,0.4617737003058104,0.018960321446509294,0.5922873123344127,0.0034379073972833174,55316.0,510,2000.0,2.0,95116,10.0,5.0
0.9916879795396419,66693,0.7070524412296564,0.08297237057908238,0.9939024390243902,0.761487663945703,0.853904282115869,0.08590978205778003,0.7011754068716094,0.008347701753648178,65575.0,559,0.989301624048546,56408,0.5994575045207957,0.08372934101518147,0.9905798249784304,0.6516545805030292,0.4601226993865031,0.01883475640381718,0.5930442827705118,0.0034273939190041635,55188.0,610,5000.0,2.0,95116,10.0,5.0
0.991573700450985,66840,0.7086925438412044,0.08297237057908238,0.9938416246094689,0.7632761625240759,0.8531645569620253,0.08540293968575773,0.702720888178645,0.008305647840531562,65704.0,568,0.9883745323590084,56537,0.60139198452416,0.08372934101518147,0.9896449444512698,0.6537658344042592,0.4601226993865031,0.01883475640381718,0.5944005214685226,0.0034273939190041635,55207.0,665,8000.0,2.0,95116,10.0,5.0
0.9911232957913456,66881,0.7094495142773035,0.08297237057908238,0.9934730745569943,0.7640901586719252,0.8522292993630574,0.08476938672072985,0.7031519407880903,0.008253080449135792,65683.0,599,0.9877737799979041,56554,0.601938685394676,0.08372934101518147,0.9890580065932525,0.6543510189094914,0.4601226993865031,0.01883475640381718,0.5945792505992683,0.0034273939190041635,55154.0,700,10000.0,2.0,95116,10.0,5.0
0.9906883789785345,66921,0.7101854577568443,0.08297237057908238,0.9930302621520752,0.7648926900852976,0.8522292993630574,0.08476938672072985,0.7035724799192565,0.008253080449135792,65663.0,629,0.986776686495822,56565,0.6026641153959376,0.08372934101518147,0.988124638747307,0.655096842298513,0.4601226993865031,0.01883475640381718,0.594694898860339,0.0034273939190041635,55049.0,758,15000.0,2.0,95116,10.0,5.0
0.9903814850987007,66928,0.7104798351486605,0.08297237057908238,0.992733538092741,0.7652137026506466,0.8520408163265306,0.08464267612772428,0.7036460742672106,0.008242566970856638,65628.0,650,0.98591819306715,56571,0.6032528701795702,0.08372934101518147,0.987347753044939,0.6556820268037452,0.4601226993865031,0.01883475640381718,0.5947579797300139,0.0034273939190041635,54955.0,808,20000.0,2.0,95116,10.0,5.0
0.9900158267635009,66932,0.7107847260187561,0.08297237057908238,0.9923622967023092,0.7655461799504724,0.8520408163265306,0.08464267612772428,0.7036881281803272,0.008242566970856638,65582.0,675,0.9856627702384892,56580,0.6035051936582699,0.08372934101518147,0.9871252142882133,0.6559344593354139,0.4601226993865031,0.01883475640381718,0.5948526010345263,0.0034273939190041635,54934.0,823,25000.0,2.0,95116,10.0,5.0
0.9897379783521618,66934,0.7110055090626183,0.08297237057908238,0.992110187888315,0.765786939374484,0.8516624040920716,0.08438925494171312,0.7037091551368855,0.008221540014298331,65546.0,694,0.985218072603813,56586,0.6038416249632028,0.08372934101518147,0.9867468615589048,0.6562557371029925,0.4601226993865031,0.01883475640381718,0.5949156819042012,0.0034273939190041635,54888.0,849,30000.0,2.0,95116,10.0,5.0
0.9888358905444719,66961,0.711941208629463,0.08297237057908238,0.9916089564293941,0.7664977529120426,0.8514724711907811,0.08426254434870756,0.7039930190504227,0.008211026536019177,65449.0,756,0.9809041917205289,56607,0.606722318011691,0.08372934101518147,0.9837616517118216,0.6585620525059666,0.45425867507886436,0.01808136614766449,0.5951364649480634,0.0033327726144917785,54403.0,1102,35000.0,2.0,95116,10.0,5.0
0.9880966428697858,66989,0.7127717734135162,0.08297237057908238,0.991108653745573,0.767208566449601,0.8514724711907811,0.08426254434870756,0.7042873964422389,0.008211026536019177,65375.0,807,0.9791000397600567,56638,0.6081731780142142,0.08372934101518147,0.9827778164358778,0.6595832568386267,0.4585987261146497,0.01808136614766449,0.5954623827747172,0.003301232179654317,54220.0,1209,40000.0,2.0,95116,10.0,5.0
0.9880674946163603,66989,0.7127928003700744,0.08297237057908238,0.9910938433950987,0.7672200311840778,0.8514724711907811,0.08426254434870756,0.7042873964422389,0.008211026536019177,65371.0,809,0.9790831143686903,56638,0.6081836914924934,0.08372934101518147,0.9827778164358778,0.6595832568386267,0.4585987261146497,0.01808136614766449,0.5954623827747172,0.003301232179654317,54218.0,1210,1000000000.0,2.0,95116,10.0,5.0
0.9890633571036752,28849,0.3066571344463602,0.08297237057908238,0.990707824434198,0.32572457121893056,0.814385150812065,0.08895083628991383,0.30330333487531014,0.00906261827663064,28211.0,319,0.9870232728158889,32402,0.34513646494806344,0.08372934101518147,0.9873251079202767,0.37478199008628604,0.40583554376657827,0.01921145153189352,0.34065772320114385,0.003963581311241011,31550.0,426,0.0,2.0,95116,10.0,10.0
0.9902284989681494,39826,0.4228415829092897,0.08297237057908238,0.9921387635035755,0.4521003393561405,0.814385150812065,0.08895083628991383,0.4187097859455822,0.00906261827663064,39040.0,393,0.9908759124087592,50499,0.5358089070187981,0.08372934101518147,0.9912779823197023,0.5827863961813843,0.4617737003058104,0.018960321446509294,0.5309201396189915,0.0034379073972833174,49569.0,465,500.0,2.0,95116,10.0,10.0
0.9906299580027998,53073,0.5632595988056689,0.08297237057908238,0.9926834353735049,0.6048449967898744,0.8181818181818182,0.08895083628991383,0.5579818327095336,0.009020564363514024,52069.0,502,0.9906659712605435,55084,0.5845809327557929,0.08372934101518147,0.9910694955618099,0.6359922893335781,0.4617737003058104,0.018960321446509294,0.5791244375289121,0.0034379073972833174,54046.0,519,1000.0,2.0,95116,10.0,10.0
0.9910947311810949,62658,0.6646726102863871,0.08297237057908238,0.9934752637147712,0.7151472071906815,0.8502475247524752,0.0870501773948302,0.6587535220152235,0.008494890449556331,61532.0,563,0.989959182267537,57480,0.6104440893225115,0.08372934101518147,0.9907028185321514,0.663977877730861,0.4617737003058104,0.018960321446509294,0.6043147314857648,0.0034379073972833174,56314.0,583,2000.0,2.0,95116,10.0,10.0
0.9899875737363061,69312,0.7360801547584003,0.08297237057908238,0.9928976450847654,0.7925800238466477,0.8591549295774648,0.08502280790674101,0.7287102064847134,0.008211026536019177,67910.0,701,0.9871278488235492,58819,0.6264561167416628,0.08372934101518147,0.9886089813800657,0.6809367541766109,0.4601226993865031,0.01883475640381718,0.6183922789015518,0.0034273939190041635,57285.0,767,5000.0,2.0,95116,10.0,10.0
0.9898555179834,70840,0.7524075865259262,0.08297237057908238,0.9929542592775994,0.8103388975511328,0.8622047244094488,0.08324885960466295,0.7447748012952605,0.008011270448715253,69388.0,726,0.9843854041816487,59134,0.6315656671853316,0.08372934101518147,0.9861401367595674,0.6863066825775657,0.46296296296296297,0.01883475640381718,0.6217040245594853,0.0034063669624458557,57258.0,938,8000.0,2.0,95116,10.0,10.0
0.9891281680546095,71147,0.756223979141259,0.08297237057908238,0.9924969734508291,0.8144318077593323,0.8605898123324397,0.08134820070957932,0.7480024391269607,0.007843054796248791,69583.0,782,0.9823700954400848,59288,0.6345094411034947,0.08372934101518147,0.9841734760105842,0.6894735634294107,0.46296296296296297,0.01883475640381718,0.623323100214475,0.0034063669624458557,57160.0,1064,10000.0,2.0,95116,10.0,10.0
0.9876719152115561,71383,0.7598511291475671,0.08297237057908238,0.9911320939745871,0.8183642116848574,0.8639455782312925,0.0804612265585403,0.7504836200008411,0.007727406535178098,69601.0,891,0.9799128511537318,59369,0.6369695950208167,0.08372934101518147,0.9818450111085321,0.6920552597760234,0.4672897196261682,0.01883475640381718,0.6241746919550865,0.003374826527608394,56935.0,1217,15000.0,2.0,95116,10.0,10.0
0.9866375557920046,71400,0.7608288826275285,0.08297237057908238,0.9901082911268433,0.819430431991195,0.8671232876712329,0.08020780537252914,0.7506623491315867,0.007674839143782329,69466.0,967,0.9778173015167235,59376,0.6384099415450608,0.08372934101518147,0.9799463913431947,0.6934780613181568,0.4672897196261682,0.01883475640381718,0.6242482863030405,0.003374826527608394,56682.0,1347,20000.0,2.0,95116,10.0,10.0
0.985481043929503,71405,0.7617750956726523,0.08297237057908238,0.9889329830641105,0.8204622580941026,0.8671232876712329,0.08020780537252914,0.7507149165229825,0.007674839143782329,69301.0,1052,0.9769197868000263,59385,0.6390933176332058,0.08372934101518147,0.9791070926792178,0.6941779878832385,0.4672897196261682,0.01883475640381718,0.6243429076075528,0.003374826527608394,56579.0,1403,25000.0,2.0,95116,10.0,10.0
0.9845574751471866,71407,0.7625110391521931,0.08297237057908238,0.9880224474411592,0.8212647895074751,0.8679504814305364,0.079954384186518,0.7507359434795408,0.007643298708944867,69167.0,1120,0.9758145342819118,59391,0.6398818285041423,0.08372934101518147,0.9782522540374518,0.6948549660363503,0.4672897196261682,0.01883475640381718,0.6244059884772278,0.003374826527608394,56447.0,1472,30000.0,2.0,95116,10.0,10.0
0.9799571981233023,71433,0.7663694856806426,0.08297237057908238,0.9857437211115443,0.8234889479959644,0.8675862068965517,0.07970096300050684,0.7510092939147988,0.007622271752386559,68511.0,1461,0.9660460200016261,59407,0.6465263467765675,0.08372934101518147,0.9715906296618089,0.6999380392876813,0.45874587458745875,0.01745354093420392,0.6245742041296942,0.003185583918583624,55231.0,2088,35000.0,2.0,95116,10.0,10.0
0.9773659737417943,71465,0.7687455317717313,0.08297237057908238,0.9840934665129266,0.8252659818398606,0.8672199170124482,0.07944754181449569,0.7513457252197316,0.0076012447958282514,68155.0,1655,0.9606445565037497,59437,0.6504899280878086,0.08372934101518147,0.9685422621478155,0.7025082614283091,0.46464646464646464,0.017327975891511804,0.6248896084780688,0.003122503048908701,54567.0,2435,40000.0,2.0,95116,10.0,10.0
0.9772590526200634,71465,0.7688296395979646,0.08297237057908238,0.9840661248871293,0.8252889113088141,0.8672199170124482,0.07944754181449569,0.7513457252197316,0.0076012447958282514,68139.0,1663,0.9605203619909503,59437,0.6505740359140418,0.08372934101518147,0.968478988714498,0.702554158252249,0.46464646464646464,0.017327975891511804,0.6248896084780688,0.003122503048908701,54551.0,2443,1000000000.0,2.0,95116,10.0,10.0
0.9886235136894768,28851,0.30681483662054754,0.08297237057908238,0.9902553999859284,0.32589654223608183,0.814385150812065,0.08895083628991383,0.30332436183186845,0.00906261827663064,28187.0,332,0.9861533779671333,32405,0.3454728962529963,0.08372934101518147,0.9864505276036091,0.3751491646778043,0.40583554376657827,0.01921145153189352,0.34068926363598134,0.003963581311241011,31495.0,455,0.0,2.0,95116,10.0,20.0
0.9895155279503106,39828,0.4231675007359435,0.08297237057908238,0.9914101102242493,0.45245574612491973,0.814385150812065,0.08895083628991383,0.41873081290214054,0.00906261827663064,38984.0,422,0.989808317980479,50502,0.536418688758989,0.08372934101518147,0.9902062970756553,0.5834519001285111,0.4617737003058104,0.018960321446509294,0.530951680053829,0.0034379073972833174,49462.0,520,500.0,2.0,95116,10.0,20.0
0.989872803909135,53075,0.5637116783716725,0.08297237057908238,0.9919128787878788,0.6053379803723746,0.8181818181818182,0.08895083628991383,0.558002859666092,0.009020564363514024,51989.0,543,0.989598677828477,55087,0.5852432818873796,0.08372934101518147,0.9899983781153701,0.6367151643106297,0.4617737003058104,0.018960321446509294,0.5791559779637495,0.0034379073972833174,53929.0,579,1000.0,2.0,95116,10.0,20.0
0.9903431271830696,62660,0.6651982842003449,0.08297237057908238,0.9927116037675402,0.715720443914519,0.8502475247524752,0.0870501773948302,0.6587745489717818,0.008494890449556331,61438.0,611,0.9888026969848123,57488,0.6112431136717271,0.08372934101518147,0.9895414459037329,0.6648499173857169,0.4617737003058104,0.018960321446509294,0.604398839311998,0.0034379073972833174,56186.0,651,2000.0,2.0,95116,10.0,20.0
0.9885847026464678,69368,0.7377202573699483,0.08297237057908238,0.9918139293139293,0.7940933687975786,0.8591549295774648,0.08502280790674101,0.729298961268346,0.008211026536019177,67766.0,801,0.9857020117690923,60805,0.6485449346061651,0.08372934101518147,0.9871751053822242,0.7050096383330273,0.46153846153846156,0.01883475640381718,0.6392720467639514,0.0034168804407250096,59041.0,882,5000.0,2.0,95116,10.0,20.0
0.9880694591947919,71638,0.7622587156734935,0.08297237057908238,0.9916180045262776,0.820668623314684,0.8677248677248677,0.08312214901165738,0.7531645569620253,0.00794818957904033,69908.0,865,0.9810991659531285,61874,0.6630430211531183,0.08372934101518147,0.9832263408573203,0.7203162291169452,0.46439628482972134,0.01883475640381718,0.6505109550443668,0.003395853484166702,59490.0,1192,8000.0,2.0,95116,10.0,20.0
0.9870516849062737,72876,0.7762311283064889,0.08297237057908238,0.9909322870939421,0.8357332844171329,0.8662162162162163,0.08122149011657374,0.7661802430716178,0.007779973926573868,70964.0,956,0.9771056961529421,62354,0.6709176163842046,0.08372934101518147,0.9795751248011842,0.7286235542500459,0.46439628482972134,0.01883475640381718,0.6555574246183608,0.003395853484166702,59432.0,1461,10000.0,2.0,95116,10.0,20.0
0.9842521776078181,74126,0.7917910761596366,0.08297237057908238,0.9882612378813753,0.8526208383013849,0.8898305084745762,0.07982767359351242,0.7793220909205602,0.007443542621640944,71754.0,1186,0.9699893316016512,62736,0.6799802346608352,0.08372934101518147,0.9728637592863137,0.7382733614833854,0.5223880597014925,0.01757910597689603,0.6595735733209975,0.0028176121788132387,58854.0,1941,15000.0,2.0,95116,10.0,20.0
0.9811273409228981,74289,0.7960595483409731,0.08297237057908238,0.9852750397881531,0.8572296615610382,0.9393019726858877,0.07843385707045109,0.7810357878800622,0.006928382185962404,71431.0,1429,0.963396846355806,62747,0.684753353799571,0.08372934101518147,0.9667572491739493,0.7431384248210023,0.5560165975103735,0.016825715720743345,0.6596892215820682,0.002533748265276084,57979.0,2384,20000.0,2.0,95116,10.0,20.0
0.9780164810573151,74296,0.7986668909542033,0.08297237057908238,0.9821773731287575,0.8600499862423187,0.9418960244648318,0.07805372529143437,0.7811093822280163,0.006875814794566635,70956.0,1670,0.9588681090331256,62756,0.6880861264140629,0.08372934101518147,0.9624085572016967,0.7466036350284561,0.5560165975103735,0.016825715720743345,0.6597838428865807,0.002533748265276084,57372.0,2692,25000.0,2.0,95116,10.0,20.0
0.9740399365420671,74291,0.8018735018293452,0.08297237057908238,0.9788901731032376,0.8629849582683665,0.9425465838509317,0.07691332995438419,0.7810568148366206,0.006770680011775096,70331.0,1980,0.9544542108944919,62763,0.6913453046806005,0.08372934101518147,0.9590671036109154,0.7492885992289333,0.5560165975103735,0.016825715720743345,0.6598574372345347,0.002533748265276084,56773.0,2995,30000.0,2.0,95116,10.0,20.0
0.9628602170052242,74276,0.8110202279322091,0.08297237057908238,0.9722104985491955,0.8692561680271484,0.9383333333333334,0.07133806386213888,0.7808991126624333,0.006308086967492325,68546.0,2865,0.9338172946759293,62774,0.7067475503595609,0.08372934101518147,0.9453086103106471,0.7605218468881954,0.543778801843318,0.014816675037669513,0.6599730854956054,0.002281424786576391,53876.0,4449,35000.0,2.0,95116,10.0,20.0
0.955530964911152,74261,0.8170759914210017,0.08297237057908238,0.968203956782587,0.873303219297441,0.9323583180987203,0.06462240243284338,0.780741410488246,0.00575087261869717,67349.0,3456,0.9203341393712904,62799,0.7173871903780646,0.08372934101518147,0.9373196369562942,0.7673834220671929,0.5436893203883495,0.014063284781516826,0.6602359224525842,0.0021657765255056983,51927.0,5436,40000.0,2.0,95116,10.0,20.0
0.9552471120944712,74259,0.8172967744648639,0.08297237057908238,0.9681022827214135,0.8733949371732551,0.9321100917431193,0.06436898124683224,0.7807203835316876,0.005729845662138862,67301.0,3479,0.9200363338021565,62798,0.717607973421927,0.08372934101518147,0.9372075291162707,0.7674752157150725,0.5414634146341464,0.013937719738824711,0.660225408974305,0.0021552630472265444,51882.0,5458,1000000000.0,2.0,95116,10.0,20.0
0.9882171604726837,28851,0.3069409983598974,0.08297237057908238,0.9898375413179549,0.3260341190498028,0.814385150812065,0.08895083628991383,0.30332436183186845,0.00906261827663064,28163.0,344,0.9854045671541947,32407,0.3457567601665335,0.08372934101518147,0.9856976957398692,0.37545896823939784,0.40583554376657827,0.01921145153189352,0.34071029059253966,0.003963581311241011,31447.0,480,0.0,2.0,95116,10.0,30.0
0.9890486478432541,39828,0.4233672568232474,0.08297237057908238,0.9909330361665485,0.452673576079978,0.814385150812065,0.08895083628991383,0.41873081290214054,0.00906261827663064,38946.0,441,0.9893046033300685,50504,0.5367130661508054,0.08372934101518147,0.9897006505886746,0.5837731778960896,0.4617737003058104,0.018960321446509294,0.5309727070103873,0.0034379073972833174,49412.0,546,500.0,2.0,95116,10.0,30.0
0.989448369717194,53075,0.563953488372093,0.08297237057908238,0.9914809836624198,0.6056016692653398,0.8181818181818182,0.08895083628991383,0.558002859666092,0.009020564363514024,51943.0,566,0.9891193105305682,55089,0.5855481727574751,0.08372934101518147,0.9895172910662824,0.6370479162841931,0.4617737003058104,0.018960321446509294,0.5791770049203079,0.0034379073972833174,53877.0,606,1000.0,2.0,95116,10.0,30.0
0.989827027880894,62661,0.665555742461836,0.08297237057908238,0.9922031347560878,0.7160987801522517,0.8502475247524752,0.0870501773948302,0.658785062450061,0.008494890449556331,61373.0,644,0.9881572388662576,57490,0.6116636528028933,0.08372934101518147,0.9889103514883929,0.6652974114191298,0.4617737003058104,0.018960321446509294,0.6044198662685563,0.0034379073972833174,56112.0,689,2000.0,2.0,95116,10.0,30.0
0.9878113030229677,69373,0.7383510660666975,0.08297237057908238,0.9910705269687397,0.7947468586627534,0.8591549295774648,0.08502280790674101,0.7293515286597418,0.008211026536019177,67661.0,856,0.9842985219287618,60933,0.6508368728710207,0.08372934101518147,0.9859047557256861,0.707407747383881,0.46153846153846156,0.01883475640381718,0.6406177719836831,0.0034168804407250096,58989.0,972,5000.0,2.0,95116,10.0,30.0
0.9866325252274949,71668,0.7636885487194583,0.08297237057908238,0.9902939699894014,0.8221131798587544,0.8688741721854305,0.08312214901165738,0.7534799613104,0.007937676100761177,69726.0,971,0.978922129413424,62466,0.6708755624710879,0.08372934101518147,0.9811689129613301,0.7287497705158803,0.46439628482972134,0.01883475640381718,0.656734934185626,0.003395853484166702,59776.0,1345,8000.0,2.0,95116,10.0,30.0
0.9852424929790452,72971,0.7786702552672526,0.08297237057908238,0.9893311448502257,0.8381867375951573,0.8673883626522327,0.08122149011657374,0.7671790235081374,0.007769460448294714,70785.0,1093,0.9738103284077294,63397,0.6844484629294756,0.08372934101518147,0.9763955786093614,0.7432531668808519,0.46439628482972134,0.01883475640381718,0.6665229824635183,0.003395853484166702,59987.0,1705,10000.0,2.0,95116,10.0,30.0
0.9814247993379136,74709,0.8003175070440305,0.08297237057908238,0.9856831124594178,0.8616435843345868,0.8921985815602836,0.07970096300050684,0.7854514487573069,0.007412002186803482,71881.0,1414,0.9621852517985612,64197,0.7014592707851466,0.08372934101518147,0.9654418857005064,0.7613365155131265,0.5207547169811321,0.017327975891511804,0.6749337650868413,0.002786071743975777,59151.0,2523,15000.0,2.0,95116,10.0,30.0
0.976551634496653,75131,0.8088544514067034,0.08297237057908238,0.9812011268792291,0.8708841603228469,0.961352657004831,0.07564622402432844,0.7898881365911098,0.006528870011354556,71523.0,1804,0.9487554472265307,64226,0.7117099121073216,0.08372934101518147,0.9528430877151265,0.7720534239030659,0.5380952380952381,0.01418884982420894,0.6752386559569368,0.002207830438622314,57288.0,3469,20000.0,2.0,95116,10.0,30.0
0.9707606870721942,75166,0.8140586231548845,0.08297237057908238,0.9754607646928017,0.8764674860130239,0.9785478547854786,0.07513938165230613,0.7902561083308802,0.006371167837167248,70638.0,2264,0.9407319537805896,64236,0.717891837335464,0.08372934101518147,0.9451543960498194,0.7784675050486506,0.5656565656565656,0.014063284781516826,0.6753437907397283,0.0020816686992724672,56142.0,4047,25000.0,2.0,95116,10.0,30.0
0.9627641859869348,75163,0.8207872492535431,0.08297237057908238,0.9691885850920055,0.8822342474548289,0.9797979797979798,0.07374556512924481,0.7902245678960427,0.006245006097817402,69349.0,2907,0.9330573710965868,64241,0.7238529795197444,0.08372934101518147,0.9392079903927829,0.783481733064072,0.5670103092783505,0.013812154696132596,0.6753963581311241,0.0020396147861558517,55023.0,4609,30000.0,2.0,95116,10.0,30.0
0.9433957524835789,75116,0.837114681021069,0.08297237057908238,0.9574014909478168,0.8935270109144272,0.9784313725490196,0.06322858590978206,0.7897304344169225,0.005361873922368476,66102.0,4507,0.902084942084942,64251,0.7488224904327347,0.08372934101518147,0.9182624874767426,0.801702772168166,0.6216216216216216,0.011551983927674536,0.6755014929139156,0.0015559947853147735,50303.0,6974,35000.0,2.0,95116,10.0,30.0
0.9317096169832624,75093,0.8473548088649648,0.08297237057908238,0.9504525722142303,0.9005663578831514,0.9841269841269841,0.054992397364419666,0.7894886244165019,0.004636443921106859,64085.0,5504,0.8808430746460922,64276,0.7671790235081374,0.08372934101518147,0.9047994925646627,0.8140375436019828,0.6640625,0.010673028628829734,0.6757643298708945,0.001345725219731696,46886.0,8695,40000.0,2.0,95116,10.0,30.0
0.9313034850551903,75091,0.847701753648177,0.08297237057908238,0.9503194928846007,0.9006924699623957,0.9840546697038725,0.05473897617840851,0.7894675974599437,0.004615416964548551,64013.0,5539,0.8802021280966271,64275,0.7677257243786534,0.08372934101518147,0.9044935112513914,0.8143129245456214,0.6614173228346457,0.01054746358613762,0.6757538163926153,0.0013352117414525422,46779.0,8748,1000000000.0,2.0,95116,10.0,30.0
0.9881498732789917,28852,0.30697253879473485,0.08297237057908238,0.9897682922541402,0.32606851325323305,0.814385150812065,0.08895083628991383,0.30333487531014763,0.00906261827663064,28160.0,346,0.9851054775366284,32408,0.3458724084276042,0.08372934101518147,0.985427104973726,0.3755737102992473,0.40583554376657827,0.01921145153189352,0.3407208040708188,0.003963581311241011,31428.0,490,0.0,2.0,95116,10.0,40.0
0.9889998013508144,39829,0.4233987972580849,0.08297237057908238,0.9908830754425507,0.45270797028340826,0.814385150812065,0.08895083628991383,0.4187413263804197,0.00906261827663064,38943.0,443,0.9890916924523129,50505,0.5368392278901551,0.08372934101518147,0.9895063669234397,0.583899394161924,0.4617737003058104,0.018960321446509294,0.5309832204886664,0.0034379073972833174,49391.0,557,500.0,2.0,95116,10.0,40.0
0.9894118743592133,53077,0.5639955422852097,0.08297237057908238,0.9914437692846461,0.6056475282032469,0.8181818181818182,0.08895083628991383,0.5580238866226502,0.009020564363514024,51941.0,568,0.9889241926508339,55090,0.5856743344968249,0.08372934101518147,0.9893392879652807,0.6371741325500275,0.4617737003058104,0.018960321446509294,0.579187518398587,0.0034379073972833174,53856.0,617,1000.0,2.0,95116,10.0,40.0
0.9897491786707101,62663,0.6656293368097902,0.08297237057908238,0.9921239674713453,0.7161790332935889,0.8502475247524752,0.0870501773948302,0.6588060894066193,0.008494890449556331,61365.0,649,0.987767373936947,57493,0.6119370032381513,0.08372934101518147,0.9885699508663046,0.6655613181567835,0.4617737003058104,0.018960321446509294,0.6044514067033937,0.0034379073972833174,56069.0,712,2000.0,2.0,95116,10.0,40.0
0.9872776433755515,69376,0.7387821186761429,0.08297237057908238,0.9906279287722587,0.7951366596349628,0.8591549295774648,0.08502280790674101,0.7293830690945793,0.008211026536019177,67588.0,894,0.9834912130650185,60944,0.6514887085243282,0.08372934101518147,0.9853160453808752,0.7079585092711584,0.46153846153846156,0.01883475640381718,0.6407334202447538,0.0034168804407250096,58898.0,1023,5000.0,2.0,95116,10.0,40.0
0.985873841159803,71675,0.764350897851045,0.08297237057908238,0.9896325404456335,0.8227437402549757,0.8688741721854305,0.08312214901165738,0.753553555658354,0.007937676100761177,69621.0,1027,0.9773011505752877,62516,0.6725261785609151,0.08372934101518147,0.979750216008169,0.7303905819717276,0.46439628482972134,0.01883475640381718,0.6572606080995836,0.003395853484166702,59612.0,1452,8000.0,2.0,95116,10.0,40.0
0.9841430362849399,72987,0.7797110896168888,0.08297237057908238,0.9883468353392806,0.839207098963588,0.8673883626522327,0.08122149011657374,0.7673472391606039,0.007769460448294714,70635.0,1176,0.9717674752755231,63574,0.6878022625005257,0.08372934101518147,0.9745394201072509,0.7467527997062603,0.46439628482972134,0.01883475640381718,0.6683838681189285,0.003395853484166702,59880.0,1847,10000.0,2.0,95116,10.0,40.0
0.9795934405616388,74790,0.8026830396568401,0.08297237057908238,0.9840244145160221,0.8640397138402275,0.8921985815602836,0.07970096300050684,0.7863030404979183,0.007412002186803482,71674.0,1558,0.9581894955181866,64673,0.7096072164514908,0.08372934101518147,0.9616444888167012,0.7700224894437305,0.5207547169811321,0.017327975891511804,0.6799381807477186,0.002786071743975777,59029.0,2822,15000.0,2.0,95116,10.0,40.0
0.9734624072281381,75419,0.8145317296774465,0.08297237057908238,0.9782827556450453,0.8768572869852335,0.961352657004831,0.07564622402432844,0.7929160183355061,0.006528870011354556,71307.0,2056,0.9425989785673753,64782,0.7225598216914084,0.08372934101518147,0.9468929366287924,0.7836423719478612,0.5380952380952381,0.01418884982420894,0.6810841498801463,0.002207830438622314,56892.0,3945,20000.0,2.0,95116,10.0,40.0
0.9632353878513609,75561,0.8247298036082258,0.08297237057908238,0.9683626033057852,0.8878290378794828,0.9777397260273972,0.07235174860618347,0.794408932251146,0.006139871315025863,69793.0,2884,0.9328448449601244,64801,0.730329282139703,0.08372934101518147,0.93744022258934,0.7917890581971727,0.5656565656565656,0.014063284781516826,0.6812839059674503,0.0020816686992724672,55471.0,4665,25000.0,2.0,95116,10.0,40.0
0.952247686760961,75538,0.8339921779721603,0.08297237057908238,0.9598090899785034,0.8959919288269284,0.9777365491651205,0.06677648251393817,0.7941671222507254,0.005666764792463939,67962.0,3788,0.9223488891735337,64807,0.7387085243281888,0.08372934101518147,0.9289806585012134,0.7990981274095833,0.5670103092783505,0.013812154696132596,0.6813469868371252,0.0020396147861558517,53895.0,5456,30000.0,2.0,95116,10.0,40.0
0.9262394790194753,75382,0.8556394297489381,0.08297237057908238,0.9444640205381188,0.9110107309914702,0.9680232558139535,0.04219462747085656,0.7925270196391774,0.003616636528028933,63376.0,6003,0.8833301534519883,64817,0.7714580091677531,0.08372934101518147,0.9024930979670376,0.8229071048283458,0.6216216216216216,0.011551983927674536,0.6814521216199168,0.0015559947853147735,47695.0,8561,35000.0,2.0,95116,10.0,40.0
0.9090404076999251,75274,0.8705790823836158,0.08297237057908238,0.9346443462567677,0.92113409153444,0.967741935483871,0.02280790674100355,0.7913915639850289,0.0019555069599226206,60210.0,7532,0.8560433031883292,64841,0.7963434122545103,0.08372934101518147,0.8846947279260079,0.8398774554800807,0.672,0.01054746358613762,0.6817044450986164,0.0013141847848942344,43033.0,10904,40000.0,2.0,95116,10.0,40.0
0.908455633870812,75271,0.8711047562975734,0.08297237057908238,0.9344582571147696,0.9213175272860681,0.9725274725274725,0.02242777496198682,0.7913600235501913,0.0019134530468060053,60101.0,7585,0.8546873352314668,64840,0.7975945161697295,0.08372934101518147,0.8841873865017272,0.8403593721314485,0.6693548387096774,0.010421898543445504,0.6816939316203373,0.0013036713066150805,42792.0,11024,1000000000.0,2.0,95116,10.0,40.0
0.9880483545084072,28852,0.3070040792295723,0.08297237057908238,0.9896639009984531,0.3261029074566633,0.814385150812065,0.08895083628991383,0.30333487531014763,0.00906261827663064,28154.0,349,0.9848065878635024,32409,0.3459880566886749,0.08372934101518147,0.9851867688830518,0.3756769781531118,0.40583554376657827,0.01921145153189352,0.34073131754909797,0.003963581311241011,31409.0,500,0.0,2.0,95116,10.0,60.0
0.9889015791041812,39829,0.4234408511712015,0.08297237057908238,0.9907827099845534,0.45275382922131524,0.814385150812065,0.08895083628991383,0.4187413263804197,0.00906261827663064,38935.0,447,0.9888212376906361,50508,0.5370179570209008,0.08372934101518147,0.9892737166768167,0.5840715072516982,0.4617737003058104,0.018960321446509294,0.531014760923504,0.0034379073972833174,49366.0,571,500.0,2.0,95116,10.0,60.0
0.989245908972304,53077,0.564090163589722,0.08297237057908238,0.9912748883337119,0.6057507108135376,0.8181818181818182,0.08895083628991383,0.5580238866226502,0.009020564363514024,51923.0,577,0.9885876294209478,55093,0.5859056310189663,0.08372934101518147,0.9890371010422855,0.6374036166697264,0.4617737003058104,0.018960321446509294,0.5792190588334245,0.0034379073972833174,53821.0,636,1000.0,2.0,95116,10.0,60.0
0.9894053746802666,62663,0.6658606333319316,0.08297237057908238,0.9918064268339521,0.7164083279831239,0.8502475247524752,0.0870501773948302,0.6588060894066193,0.008494890449556331,61321.0,671,0.9873778571551236,57496,0.6122103536734093,0.08372934101518147,0.9882298200868547,0.6658252248944373,0.4617737003058104,0.018960321446509294,0.6044829471382313,0.0034379073972833174,56026.0,735,2000.0,2.0,95116,10.0,60.0
0.9865195381377624,69376,0.7393498465032171,0.08297237057908238,0.9899998559057047,0.7956411079519399,0.8591549295774648,0.08502280790674101,0.7293830690945793,0.008211026536019177,67480.0,948,0.9827319338299313,60951,0.6520669498296816,0.08372934101518147,0.984663470881648,0.7085092711584359,0.46153846153846156,0.01883475640381718,0.6408070145927078,0.0034168804407250096,58809.0,1071,5000.0,2.0,95116,10.0,60.0
0.9851150388960664,71675,0.7649396526346777,0.08297237057908238,0.9889985934910666,0.8232711180409061,0.8688741721854305,0.08312214901165738,0.753553555658354,0.007937676100761177,69509.0,1083,0.976511010463845,62526,0.6731780142142226,0.08372934101518147,0.9790613718411553,0.7310216633008996,0.46439628482972134,0.01883475640381718,0.6573657428823753,0.003395853484166702,59518.0,1504,8000.0,2.0,95116,10.0,60.0
0.9832150121913434,72987,0.7804470330964296,0.08297237057908238,0.9875373674224327,0.839894983032193,0.8673883626522327,0.08122149011657374,0.7673472391606039,0.007769460448294714,70495.0,1246,0.9709748835788992,63594,0.688580259893183,0.08372934101518147,0.9738441701970897,0.7475215715072517,0.46439628482972134,0.01883475640381718,0.6685941376845116,0.003395853484166702,59792.0,1901,10000.0,2.0,95116,10.0,60.0
0.977802760928676,74798,0.8042390344421548,0.08297237057908238,0.9823578495649065,0.8655989177290654,0.8921985815602836,0.07970096300050684,0.7863871483241516,0.007412002186803482,71402.0,1698,0.9568043491106778,64768,0.7116783716724842,0.08372934101518147,0.9603411640589014,0.7722025885808702,0.5207547169811321,0.017327975891511804,0.6809369611842382,0.002786071743975777,58920.0,2924,15000.0,2.0,95116,10.0,60.0
0.970560255058751,75496,0.8178014214222633,0.08297237057908238,0.9756030844578752,0.8801705952490141,0.961352657004831,0.07564622402432844,0.793725556163001,0.006528870011354556,70916.0,2290,0.9398887363629795,65045,0.727585264308844,0.08372934101518147,0.9443555658977865,0.7889434551129062,0.5380952380952381,0.01418884982420894,0.6838491946675638,0.002207830438622314,56725.0,4160,20000.0,2.0,95116,10.0,60.0
0.9571121778676099,75765,0.8322469405778208,0.08297237057908238,0.962409286966761,0.8957511694029167,0.9777397260273972,0.07235174860618347,0.7965536818200933,0.006139871315025863,68975.0,3395,0.9275385031842597,65103,0.7379305269355314,0.08372934101518147,0.9323320135422046,0.7998439507986047,0.5656565656565656,0.014063284781516826,0.6844589764077548,0.0020816686992724672,54931.0,5086,25000.0,2.0,95116,10.0,60.0
0.9430911512465926,75767,0.8446423314689432,0.08297237057908238,0.9512037914691943,0.9071471154728057,0.9766990291262136,0.06373542828180435,0.7965747087766517,0.005414441313764245,66623.0,4572,0.9144967837982079,65114,0.7485806804323142,0.08372934101518147,0.9218302470011059,0.8092298512942905,0.5489130434782609,0.012682069311903566,0.6845746246688255,0.001934480003364313,52938.0,6088,30000.0,2.0,95116,10.0,60.0
0.9106099485585553,75587,0.8726922915177258,0.08297237057908238,0.9313232002176682,0.9270040355865358,0.9625850340136054,0.0358590978205778,0.794682282686404,0.0030909626140712392,60747.0,7420,0.8641437806124481,65102,0.7920539131166155,0.08372934101518147,0.8881378613466606,0.8402905268955388,0.6354166666666666,0.007659467604218985,0.6844484629294756,0.001009293914798772,44632.0,10235,35000.0,2.0,95116,10.0,60.0
0.8867356891871246,75455,0.8946234072080407,0.08297237057908238,0.9174286236074755,0.9416559662478217,0.9532710280373832,0.012924480486568676,0.7932945035535557,0.0011249421758694647,56179.0,9638,0.8248248248248248,65096,0.829734219269103,0.08372934101518147,0.8641373632210773,0.8640536074903616,0.696969696969697,0.002887995981918634,0.6843853820598007,0.0003469447832120779,37446.0,13825,40000.0,2.0,95116,10.0,60.0
0.8860118837924799,75451,0.8953067832961857,0.08297237057908238,0.9172052826973404,0.9418852609373567,0.9607843137254902,0.012417638114546376,0.7932524496404391,0.0010723747844736953,56037.0,9707,0.8225117525147855,65087,0.8319525631860044,0.08372934101518147,0.8634150224899492,0.8647764824674132,0.6086956521739131,0.0017579105976896032,0.6842907607552883,0.00024181000042053914,36997.0,14045,1000000000.0,2.0,95116,10.0,60.0
0.9880483545084072,28852,0.3070040792295723,0.08297237057908238,0.9896639009984531,0.3261029074566633,0.814385150812065,0.08895083628991383,0.30333487531014763,0.00906261827663064,28154.0,349,0.9847467412111452,32409,0.3460090836452332,0.08372934101518147,0.9851265919433161,0.3756999265650817,0.40583554376657827,0.01921145153189352,0.34073131754909797,0.003963581311241011,31405.0,502,0.0,2.0,95116,10.0,80.0
0.9889015791041812,39829,0.4234408511712015,0.08297237057908238,0.9907827099845534,0.45275382922131524,0.814385150812065,0.08895083628991383,0.4187413263804197,0.00906261827663064,38935.0,447,0.9887825218770189,50508,0.5370389839774591,0.08372934101518147,0.9892348492289559,0.584094455663668,0.4617737003058104,0.018960321446509294,0.531014760923504,0.0034379073972833174,49362.0,573,500.0,2.0,95116,10.0,80.0
0.989245908972304,53077,0.564090163589722,0.08297237057908238,0.9912748883337119,0.6057507108135376,0.8181818181818182,0.08895083628991383,0.5580238866226502,0.009020564363514024,51923.0,577,0.9885166777313261,55093,0.5859476849320829,0.08372934101518147,0.9889658896588965,0.6374495134936662,0.4617737003058104,0.018960321446509294,0.5792190588334245,0.0034379073972833174,53813.0,640,1000.0,2.0,95116,10.0,80.0
0.9893741316155109,62663,0.6658816602884898,0.08297237057908238,0.9917746839494319,0.7164312574520774,0.8502475247524752,0.0870501773948302,0.6588060894066193,0.008494890449556331,61317.0,673,0.9871574754481148,57496,0.6123470288910383,0.08372934101518147,0.9880084767664238,0.6659743895722416,0.4617737003058104,0.018960321446509294,0.6044829471382313,0.0034379073972833174,56000.0,748,2000.0,2.0,95116,10.0,80.0
0.986309743823036,69379,0.7395390891122419,0.08297237057908238,0.9898148815097602,0.7958245437035678,0.8591549295774648,0.08502280790674101,0.7294146095294167,0.008211026536019177,67453.0,963,0.982131060374136,60954,0.6524980024391269,0.08372934101518147,0.9841064318777717,0.7089452909858638,0.46153846153846156,0.01883475640381718,0.6408385550275453,0.0034168804407250096,58736.0,1109,5000.0,2.0,95116,10.0,80.0
0.9848584776037372,71678,0.765170949156819,0.08297237057908238,0.9887649835024851,0.8235004127304412,0.8688741721854305,0.08312214901165738,0.7535850960931915,0.007937676100761177,69474.0,1102,0.9758720249707374,62529,0.6736511207367846,0.08372934101518147,0.9784634207554272,0.7315035799522673,0.46439628482972134,0.01883475640381718,0.6573972833172127,0.003395853484166702,59437.0,1546,8000.0,2.0,95116,10.0,80.0
0.9828846904835647,72990,0.780741410488246,0.08297237057908238,0.9872279456914784,0.8401930661285885,0.8673883626522327,0.08122149011657374,0.7673787795954413,0.007769460448294714,70448.0,1271,0.9703391770037076,63597,0.6890638798940242,0.08372934101518147,0.9732478409596417,0.7480149623646044,0.46439628482972134,0.01883475640381718,0.668625678119349,0.003395853484166702,59709.0,1944,10000.0,2.0,95116,10.0,80.0
0.9774458687783397,74801,0.8045649522688086,0.08297237057908238,0.9820203892493049,0.8659313950288912,0.8921985815602836,0.07970096300050684,0.786418688758989,0.007412002186803482,71349.0,1726,0.956171946502908,64773,0.7122040455864418,0.08372934101518147,0.9597451964481929,0.7727418762621626,0.5207547169811321,0.017327975891511804,0.680989528575634,0.002786071743975777,58835.0,2969,15000.0,2.0,95116,10.0,80.0
0.9700368757147079,75497,0.818253500988267,0.08297237057908238,0.9751213987215706,0.8806406493625608,0.9612277867528272,0.07539280283831729,0.7937360696412801,0.006507843054796248,70833.0,2332,0.9391013149727911,65060,0.7283632617015013,0.08372934101518147,0.9435993549230702,0.7897581237378374,0.5380952380952381,0.01418884982420894,0.6840068968417511,0.002207830438622314,56622.0,4219,20000.0,2.0,95116,10.0,80.0
0.9561941541723459,75765,0.8330459649270364,0.08297237057908238,0.9617287897193274,0.8965995597541961,0.9770318021201413,0.07007095793208312,0.7965536818200933,0.005950628706001093,68823.0,3471,0.9260886254105003,65142,0.7395285756339628,0.08372934101518147,0.9309416783577176,0.8015191848724068,0.5656565656565656,0.014063284781516826,0.6848690020606417,0.0020816686992724672,54744.0,5199,25000.0,2.0,95116,10.0,80.0
0.9418864828580663,75771,0.8457672736448126,0.08297237057908238,0.9503332155298632,0.9083279831239108,0.9755102040816327,0.06056766345666498,0.7966167626897683,0.005151604356785399,66421.0,4675,0.9114166620041403,65159,0.7516295891332688,0.08372934101518147,0.9192381598281903,0.8120984027905269,0.5439560439560439,0.012430939226519336,0.6850477311913874,0.0019134530468060053,52493.0,6333,30000.0,2.0,95116,10.0,80.0
0.908563187308455,75597,0.8747739602169982,0.08297237057908238,0.9297825604067429,0.9290332935889205,0.9583333333333334,0.03205778003041054,0.7947874174691955,0.002775558265696623,60381.0,7608,0.8557429592265657,65146,0.8003700744354262,0.08372934101518147,0.8822652353068748,0.8465210207453644,0.6292134831460674,0.007031642390758413,0.6849110559737583,0.0009356995668446949,43182.0,10982,35000.0,2.0,95116,10.0,80.0
0.8828078385492835,75458,0.8986395559106775,0.08297237057908238,0.9144198231634101,0.9452558928735211,0.9285714285714286,0.008236188545362393,0.7933260439883931,0.0007359434795407713,55424.0,10017,0.8134803676690978,65137,0.8418352327684091,0.08372934101518147,0.855978653767794,0.8729461171286947,0.6521739130434783,0.0018834756403817178,0.684816434669246,0.00024181000042053914,35267.0,14935,40000.0,2.0,95116,10.0,80.0
0.8820180719370638,75454,0.8993965263467766,0.08297237057908238,0.9141869770825755,0.9454966522975328,0.9384615384615385,0.007729346173340091,0.7932839900752765,0.0006833760881450019,55268.0,10093,0.8110484302810674,65128,0.8442428192943353,0.08372934101518147,0.8551693346114956,0.8737722599596108,0.46153846153846156,0.0007533902561526871,0.6847218133647336,0.00013667521762900038,34782.0,15173,1000000000.0,2.0,95116,10.0,80.0
0.9880483545084072,28852,0.3070040792295723,0.08297237057908238,0.9896639009984531,0.3261029074566633,0.814385150812065,0.08895083628991383,0.30333487531014763,0.00906261827663064,28154.0,349,0.9847168206125425,32409,0.3460195971235123,0.08372934101518147,0.985096506230149,0.37571140077106663,0.40583554376657827,0.01921145153189352,0.34073131754909797,0.003963581311241011,31403.0,503,0.0,2.0,95116,10.0,100.0
0.9889015791041812,39829,0.4234408511712015,0.08297237057908238,0.9907827099845534,0.45275382922131524,0.814385150812065,0.08895083628991383,0.4187413263804197,0.00906261827663064,38935.0,447,0.9887244538407329,50508,0.5370705244122965,0.08372934101518147,0.9891765537832954,0.584128878281623,0.4617737003058104,0.018960321446509294,0.531014760923504,0.0034379073972833174,49356.0,576,500.0,2.0,95116,10.0,100.0
0.989245908972304,53077,0.564090163589722,0.08297237057908238,0.9912748883337119,0.6057507108135376,0.8181818181818182,0.08895083628991383,0.5580238866226502,0.009020564363514024,51923.0,577,0.9884634706473374,55093,0.5859792253669204,0.08372934101518147,0.9889124878505345,0.6374839361116211,0.4617737003058104,0.018960321446509294,0.5792190588334245,0.0034379073972833174,53807.0,643,1000.0,2.0,95116,10.0,100.0
0.9893741316155109,62663,0.6658816602884898,0.08297237057908238,0.9917746839494319,0.7164312574520774,0.8502475247524752,0.0870501773948302,0.6588060894066193,0.008494890449556331,61317.0,673,0.9871066321012241,57496,0.6123785693258758,0.08372934101518147,0.9879574116187719,0.6660088121901965,0.4617737003058104,0.018960321446509294,0.6044829471382313,0.0034379073972833174,55994.0,751,2000.0,2.0,95116,10.0,100.0
0.986309743823036,69379,0.7395390891122419,0.08297237057908238,0.9898148815097602,0.7958245437035678,0.8591549295774648,0.08502280790674101,0.7294146095294167,0.008211026536019177,67453.0,963,0.9820677654792401,60954,0.6525400563522435,0.08372934101518147,0.9840427253600906,0.7089911878098035,0.46153846153846156,0.01883475640381718,0.6408385550275453,0.0034168804407250096,58728.0,1113,5000.0,2.0,95116,10.0,100.0
0.984844945796293,71678,0.7651814626350982,0.08297237057908238,0.9887512181539747,0.8235118774649179,0.8688741721854305,0.08312214901165738,0.7535850960931915,0.007937676100761177,69472.0,1103,0.9758111081633608,62529,0.6736931746499012,0.08372934101518147,0.9784020327498588,0.7315494767762071,0.46439628482972134,0.01883475640381718,0.6573972833172127,0.003395853484166702,59429.0,1550,8000.0,2.0,95116,10.0,100.0
0.9828714551183647,72990,0.780751923966525,0.08297237057908238,0.9872144747973692,0.8402045308630652,0.8673883626522327,0.08122149011657374,0.7673787795954413,0.007769460448294714,70446.0,1272,0.9702799603325959,63597,0.6891059338071408,0.08372934101518147,0.9731881279239205,0.7480608591885441,0.46439628482972134,0.01883475640381718,0.668625678119349,0.003395853484166702,59701.0,1948,10000.0,2.0,95116,10.0,100.0
0.9774330963830232,74801,0.8045754657470877,0.08297237057908238,0.9820073876951185,0.8659428597633679,0.8921985815602836,0.07970096300050684,0.786418688758989,0.007412002186803482,71347.0,1727,0.9561154902134443,64773,0.7122460994995584,0.08372934101518147,0.9596881959910913,0.7727877730861025,0.5207547169811321,0.017327975891511804,0.680989528575634,0.002786071743975777,58827.0,2973,15000.0,2.0,95116,10.0,100.0
0.969949637699779,75497,0.818327095336221,0.08297237057908238,0.9750325436084353,0.880720902503898,0.9612277867528272,0.07539280283831729,0.7937360696412801,0.006507843054796248,70819.0,2339,0.9388980286893526,65060,0.7285209638756887,0.08372934101518147,0.943393759804776,0.7899302368276115,0.5380952380952381,0.01418884982420894,0.6840068968417511,0.002207830438622314,56592.0,4234,20000.0,2.0,95116,10.0,100.0
0.9560718296884267,75762,0.8331195592749905,0.08297237057908238,0.9616427146729403,0.8966798128955333,0.9769094138543517,0.06969082615306639,0.7965221413852559,0.005919088271163632,68800.0,3481,0.9257759208731241,65145,0.7398124395474999,0.08372934101518147,0.930638236977676,0.8018175142280154,0.5656565656565656,0.014063284781516826,0.6849005424954792,0.0020816686992724672,54699.0,5223,25000.0,2.0,95116,10.0,100.0
0.9414096971052861,75743,0.8458829219058833,0.08297237057908238,0.9502391499135526,0.9084540952031551,0.9738562091503268,0.056639635073492144,0.796322385297952,0.004825686530131629,66315.0,4714,0.9109309477215544,65168,0.7521342360906682,0.08372934101518147,0.9188341946962637,0.8125803194418946,0.5414364640883977,0.012305374183827222,0.6851423524958997,0.0019029395685268514,52424.0,6372,30000.0,2.0,95116,10.0,100.0
0.9074249756823941,75564,0.8754888767399807,0.08297237057908238,0.9293942084751615,0.929606530312758,0.9490740740740741,0.02597567156614293,0.7944404726859834,0.002270911308297237,60146.0,7709,0.852138093369949,65163,0.8039656840068968,0.08372934101518147,0.8801724953699323,0.8487814393243988,0.6206896551724138,0.006780512305374184,0.685089785104504,0.0009146726102863871,42549.0,11307,35000.0,2.0,95116,10.0,100.0
0.8802548960108307,75422,0.9008158459144623,0.08297237057908238,0.913195117225344,0.9467119141520682,0.7368421052631579,0.0017739483020780538,0.7929475587703436,0.00019975608730392363,54902.0,10260,0.8047726093722981,65156,0.851192228436856,0.08372934101518147,0.8505307412098028,0.878820910592987,0.6190476190476191,0.0016323455549974886,0.6850161907565498,0.00022078304386223137,33544.0,15806,40000.0,2.0,95116,10.0,100.0
0.8793740744627512,75416,0.9016464106985155,0.08297237057908238,0.9129629405426347,0.9469526735760799,0.6666666666666666,0.0010136847440446021,0.7928844779006686,0.0001261617393498465,54726.0,10345,0.8021448975571316,65147,0.8538626519197612,0.08372934101518147,0.8496986930321133,0.8796814760418579,0.36363636363636365,0.0005022601707684581,0.6849215694520375,0.00011564826107069263,33009.0,16069,1000000000.0,2.0,95116,10.0,100.0
0.9880483545084072,28852,0.3070040792295723,0.08297237057908238,0.9896639009984531,0.3261029074566633,0.814385150812065,0.08895083628991383,0.30333487531014763,0.00906261827663064,28154.0,349,0.9847168206125425,32409,0.3460195971235123,0.08372934101518147,0.985096506230149,0.37571140077106663,0.40583554376657827,0.01921145153189352,0.34073131754909797,0.003963581311241011,31403.0,503,0.0,2.0,95116,10.0,110.0
0.9889015791041812,39829,0.4234408511712015,0.08297237057908238,0.9907827099845534,0.45275382922131524,0.814385150812065,0.08895083628991383,0.4187413263804197,0.00906261827663064,38935.0,447,0.9887244538407329,50508,0.5370705244122965,0.08372934101518147,0.9891765537832954,0.584128878281623,0.4617737003058104,0.018960321446509294,0.531014760923504,0.0034379073972833174,49356.0,576,500.0,2.0,95116,10.0,110.0
0.989245908972304,53077,0.564090163589722,0.08297237057908238,0.9912748883337119,0.6057507108135376,0.8181818181818182,0.08895083628991383,0.5580238866226502,0.009020564363514024,51923.0,577,0.9884634706473374,55093,0.5859792253669204,0.08372934101518147,0.9889124878505345,0.6374839361116211,0.4617737003058104,0.018960321446509294,0.5792190588334245,0.0034379073972833174,53807.0,643,1000.0,2.0,95116,10.0,110.0
0.9893741316155109,62663,0.6658816602884898,0.08297237057908238,0.9917746839494319,0.7164312574520774,0.8502475247524752,0.0870501773948302,0.6588060894066193,0.008494890449556331,61317.0,673,0.9871066321012241,57496,0.6123785693258758,0.08372934101518147,0.9879574116187719,0.6660088121901965,0.4617737003058104,0.018960321446509294,0.6044829471382313,0.0034379073972833174,55994.0,751,2000.0,2.0,95116,10.0,110.0
0.986309743823036,69379,0.7395390891122419,0.08297237057908238,0.9898148815097602,0.7958245437035678,0.8591549295774648,0.08502280790674101,0.7294146095294167,0.008211026536019177,67453.0,963,0.9820677654792401,60954,0.6525400563522435,0.08372934101518147,0.9840427253600906,0.7089911878098035,0.46153846153846156,0.01883475640381718,0.6408385550275453,0.0034168804407250096,58728.0,1113,5000.0,2.0,95116,10.0,110.0
0.984844945796293,71678,0.7651814626350982,0.08297237057908238,0.9887512181539747,0.8235118774649179,0.8688741721854305,0.08312214901165738,0.7535850960931915,0.007937676100761177,69472.0,1103,0.9758111081633608,62529,0.6736931746499012,0.08372934101518147,0.9784020327498588,0.7315494767762071,0.46439628482972134,0.01883475640381718,0.6573972833172127,0.003395853484166702,59429.0,1550,8000.0,2.0,95116,10.0,110.0
0.9828582201096104,72990,0.7807624374448042,0.08297237057908238,0.9872010042708802,0.840215995597542,0.8673883626522327,0.08122149011657374,0.7673787795954413,0.007769460448294714,70444.0,1273,0.9702799603325959,63597,0.6891059338071408,0.08372934101518147,0.9731881279239205,0.7480608591885441,0.46439628482972134,0.01883475640381718,0.668625678119349,0.003395853484166702,59701.0,1948,10000.0,2.0,95116,10.0,110.0
0.9774203243214991,74801,0.8045859792253669,0.08297237057908238,0.9819943864851983,0.8659543244978446,0.8921985815602836,0.07970096300050684,0.786418688758989,0.007412002186803482,71345.0,1728,0.9561013771827535,64773,0.7122566129778376,0.08372934101518147,0.9596739469347152,0.7727992472920874,0.5207547169811321,0.017327975891511804,0.680989528575634,0.002786071743975777,58825.0,2974,15000.0,2.0,95116,10.0,110.0
0.9699371764071072,75497,0.8183376088145002,0.08297237057908238,0.9750198513427318,0.8807323672383748,0.9612277867528272,0.07539280283831729,0.7937360696412801,0.006507843054796248,70817.0,2340,0.9388844793996681,65060,0.7285314773539678,0.08372934101518147,0.9433800566489942,0.7899417110335964,0.5380952380952381,0.01418884982420894,0.6840068968417511,0.002207830438622314,56590.0,4235,20000.0,2.0,95116,10.0,110.0
0.9560477001703578,75762,0.8331405862315489,0.08297237057908238,0.9616181246324188,0.8967027423644869,0.9769094138543517,0.06969082615306639,0.7965221413852559,0.005919088271163632,68796.0,3483,0.9257627648538419,65145,0.739822953025779,0.08372934101518147,0.9306249195060173,0.8018289884340004,0.5656565656565656,0.014063284781516826,0.6849005424954792,0.0020816686992724672,54697.0,5224,25000.0,2.0,95116,10.0,110.0
0.9413753246914655,75744,0.845924975819,0.08297237057908238,0.9502038034905291,0.9084999541410621,0.9738562091503268,0.056639635073492144,0.7963328987762311,0.004825686530131629,66310.0,4717,0.9108902587327546,65166,0.7521447495689474,0.08372934101518147,0.9188212202939889,0.8125917936478796,0.5363128491620112,0.012054244098442994,0.6851213255393415,0.0018819126119685437,52416.0,6375,30000.0,2.0,95116,10.0,110.0
0.9071755285304393,75565,0.8757412002186803,0.08297237057908238,0.9291429839594609,0.9298702192057232,0.9490740740740741,0.02597567156614293,0.7944509861642626,0.002270911308297237,60101.0,7732,0.8510252056941361,65163,0.8050170318348122,0.08372934101518147,0.879737343439666,0.8492404075637966,0.6071428571428571,0.0064038171772978405,0.685089785104504,0.0008831321754489255,42349.0,11407,35000.0,2.0,95116,10.0,110.0
0.8790400596757463,75419,0.902024895916565,0.08297237057908238,0.9122019669275527,0.9477552049894524,0.6666666666666666,0.0012671059300557526,0.7929160183355061,0.00015770217418730812,54663.0,10378,0.8020088379020446,65156,0.85412548887674,0.08372934101518147,0.8490290629479995,0.8804158252248945,0.5555555555555556,0.0012556504269211452,0.6850161907565498,0.00018924260902476974,32986.0,16085,40000.0,2.0,95116,10.0,110.0
0.878117795011528,75411,0.9028764876571765,0.08297237057908238,0.9119592690684372,0.9480074291479409,0.3333333333333333,0.00025342118601115053,0.7928319105092729,6.308086967492325e-05,54477.0,10467,0.799330077789502,65147,0.8568695067075991,0.08372934101518147,0.8481889435721167,0.8812878648797503,0.125,0.00012556504269211453,0.6849215694520375,8.4107826233231e-05,32437.0,16355,1000000000.0,2.0,95116,10.0,110.0
