airport,n_truth,n_predicted_here,n_correct,n_assigned,role,recall,count_ratio
OOA,7964,408,155,281,arrivals,0.01946258161727775,0.035283776996484176
OOA,7892,974,627,701,departures,0.07944754181449569,0.08882412569690826
LTFM,2282,2209,2202,2211,departures,0.964943032427695,0.9688869412795793
LTFM,2258,1699,1645,1647,arrivals,0.7285208148804252,0.729406554472985
EHAM,2148,2143,2143,2165,departures,0.9976722532588455,1.0079143389199254
EHAM,2136,1774,1762,1766,arrivals,0.8249063670411985,0.8267790262172284
EDDF,2094,2083,2082,2087,departures,0.994269340974212,0.9966571155682904
EDDF,2091,1616,1603,1609,arrivals,0.7666188426590148,0.7694882831181253
LFPG,2084,2064,2060,2071,departures,0.9884836852207294,0.9937619961612284
LFPG,2066,1556,1540,1546,arrivals,0.7454017424975798,0.7483059051306873
EGLL,2001,1989,1988,2024,departures,0.993503248375812,1.0114942528735633
EGLL,1986,1162,1149,1183,arrivals,0.5785498489425982,0.595669687814703
LEMD,1786,1384,1338,1357,arrivals,0.7491601343784995,0.7597984322508399
LEMD,1773,1760,1759,1761,departures,0.9921037789058094,0.9932318104906938
LEBL,1597,1432,1408,1411,arrivals,0.8816530995616781,0.8835316217908579
LEBL,1591,1580,1579,1582,departures,0.9924575738529227,0.994343180389692
EDDM,1573,1564,1564,1567,departures,0.9942784488239034,0.996185632549269
EDDM,1571,1320,1311,1313,arrivals,0.8345003182686187,0.8357733927434755
LIRF,1449,1444,1444,1445,departures,0.9965493443754313,0.9972394755003451
LTAI,1437,1014,990,994,arrivals,0.6889352818371608,0.6917188587334725
LEPA,1436,1387,1382,1386,arrivals,0.9623955431754875,0.9651810584958217
LTAI,1435,1385,1380,1387,departures,0.9616724738675958,0.9665505226480836
LIRF,1433,1191,1186,1189,arrivals,0.8276343335659456,0.8297278436845779
LEPA,1417,1400,1400,1401,departures,0.9880028228652082,0.9887085391672548
LGAV,1317,1110,1099,1128,arrivals,0.8344722854973424,0.856492027334852
LGAV,1306,1253,1253,1280,departures,0.9594180704441041,0.9800918836140888
EGKK,1223,1216,1216,1218,departures,0.9942763695829926,0.9959116925592805
EGKK,1220,1001,993,994,arrivals,0.8139344262295082,0.8147540983606557
EIDW,1188,979,964,965,arrivals,0.8114478114478114,0.8122895622895623
EIDW,1185,1164,1163,1166,departures,0.9814345991561182,0.9839662447257383
LSZH,1178,1171,1164,1168,departures,0.9881154499151104,0.9915110356536503
LSZH,1160,985,974,978,arrivals,0.8396551724137931,0.843103448275862
LOWW,1156,1135,1134,1142,departures,0.9809688581314879,0.9878892733564014
EKCH,1152,1035,1007,1007,arrivals,0.8741319444444444,0.8741319444444444
LOWW,1145,901,895,896,arrivals,0.7816593886462883,0.7825327510917031
EKCH,1140,1132,1132,1133,departures,0.9929824561403509,0.993859649122807
LTFJ,1138,946,918,925,arrivals,0.8066783831282952,0.812829525483304
LTFJ,1137,1102,1101,1115,departures,0.9683377308707124,0.980650835532102
LPPT,1010,1001,1001,1001,departures,0.9910891089108911,0.9910891089108911
LPPT,1001,772,764,764,arrivals,0.7632367632367633,0.7632367632367633
LFPO,992,982,982,990,departures,0.9899193548387096,0.9979838709677419
LFPO,991,888,887,888,arrivals,0.8950554994954592,0.8960645812310797
LIMC,973,960,959,964,departures,0.9856115107913669,0.9907502569373073
LIMC,967,759,750,757,arrivals,0.7755946225439504,0.7828335056876939
ENGM,940,876,871,877,arrivals,0.926595744680851,0.9329787234042554
ENGM,932,923,922,927,departures,0.9892703862660944,0.9946351931330472
EGCC,926,903,902,902,departures,0.9740820734341252,0.9740820734341252
EGCC,924,631,619,619,arrivals,0.6699134199134199,0.6699134199134199
EGSS,888,779,768,773,arrivals,0.8648648648648649,0.8704954954954955
EGSS,885,882,882,883,departures,0.9966101694915255,0.9977401129943503
EPWA,880,759,702,705,arrivals,0.7977272727272727,0.8011363636363636
EPWA,875,871,870,874,departures,0.9942857142857143,0.9988571428571429
EBBR,872,869,869,886,departures,0.9965596330275229,1.0160550458715596
EBBR,871,733,727,733,arrivals,0.8346727898966705,0.8415614236509759
EDDB,870,852,850,864,departures,0.9770114942528736,0.993103448275862
LEMG,861,796,789,789,arrivals,0.9163763066202091,0.9163763066202091
LEMG,850,847,847,849,departures,0.9964705882352941,0.9988235294117647
ESSA,841,713,705,709,arrivals,0.8382877526753865,0.8430439952437574
EDDB,840,757,755,763,arrivals,0.8988095238095238,0.9083333333333333
ESSA,820,791,787,791,departures,0.9597560975609756,0.9646341463414634
EDDL,758,746,744,750,departures,0.9815303430079155,0.9894459102902374
EDDL,751,669,662,666,arrivals,0.881491344873502,0.8868175765645806
LFMN,710,664,653,657,arrivals,0.9197183098591549,0.9253521126760563
LFMN,707,699,693,695,departures,0.9801980198019802,0.983026874115983
LSGG,680,676,676,688,departures,0.9941176470588236,1.011764705882353
LSGG,670,615,614,625,arrivals,0.9164179104477612,0.9328358208955224
LKPR,667,656,655,659,departures,0.9820089955022488,0.9880059970014993
EFHK,666,588,570,577,arrivals,0.8558558558558559,0.8663663663663663
EFHK,659,653,653,660,departures,0.9908952959028832,1.0015174506828528
LKPR,657,574,568,571,arrivals,0.8645357686453576,0.8691019786910198
LEAL,599,598,598,598,departures,0.998330550918197,0.998330550918197
LEAL,599,576,572,572,arrivals,0.9549248747913188,0.9549248747913188
EGPH,584,504,502,506,arrivals,0.8595890410958904,0.8664383561643836
LHBP,578,555,553,554,departures,0.9567474048442907,0.9584775086505191
EGPH,577,570,569,569,departures,0.9861351819757366,0.9861351819757366
LHBP,577,242,237,238,arrivals,0.41074523396880414,0.4124783362218371
EGGW,552,482,477,479,arrivals,0.8641304347826086,0.8677536231884058
EGGW,550,549,549,551,departures,0.9981818181818182,1.0018181818181817
EDDH,538,531,528,537,departures,0.9814126394052045,0.9981412639405205
EDDH,532,483,479,488,arrivals,0.900375939849624,0.9172932330827067
GCLP,521,91,0,0,arrivals,0.0,0.0
GCLP,520,24,0,0,departures,0.0,0.0
LLBG,516,383,382,409,arrivals,0.7403100775193798,0.7926356589147286
EDDK,515,501,501,502,departures,0.9728155339805825,0.974757281553398
LLBG,513,501,501,509,departures,0.9766081871345029,0.9922027290448343
LPPR,513,510,507,508,departures,0.9883040935672515,0.9902534113060428
LPPR,512,441,434,435,arrivals,0.84765625,0.849609375
EDDK,509,440,436,443,arrivals,0.8565815324165029,0.8703339882121808
LEIB,509,493,492,493,arrivals,0.9666011787819253,0.9685658153241651
LROP,509,465,462,463,arrivals,0.9076620825147348,0.9096267190569745
LROP,504,493,493,493,departures,0.9781746031746031,0.9781746031746031
LEIB,495,490,490,490,departures,0.98989898989899,0.98989898989899
EGBB,474,468,468,468,departures,0.9873417721518988,0.9873417721518988
EGBB,466,393,388,388,arrivals,0.8326180257510729,0.8326180257510729
LIML,465,441,440,445,arrivals,0.946236559139785,0.956989247311828
LIME,460,422,419,419,arrivals,0.9108695652173913,0.9108695652173913
LIML,458,451,451,452,departures,0.9847161572052402,0.9868995633187773
LIME,453,450,450,450,departures,0.9933774834437086,0.9933774834437086
LIRN,449,381,335,337,departures,0.7461024498886414,0.7505567928730512
LIRN,447,386,329,335,arrivals,0.7360178970917226,0.7494407158836689
LFML,445,392,390,391,arrivals,0.8764044943820225,0.8786516853932584
LFML,444,440,439,440,departures,0.9887387387387387,0.990990990990991
EDDS,440,421,415,418,departures,0.9431818181818182,0.95
EDDS,433,383,376,377,arrivals,0.8683602771362586,0.8706697459584296
LGIR,430,74,0,0,arrivals,0.0,0.0
LGIR,424,8,1,1,departures,0.0023584905660377358,0.0023584905660377358
LIPZ,412,408,408,409,departures,0.9902912621359223,0.9927184466019418
LFLL,412,374,373,386,arrivals,0.9053398058252428,0.9368932038834952
LFLL,411,402,402,417,departures,0.9781021897810219,1.0145985401459854
LIPZ,409,370,368,370,arrivals,0.8997555012224939,0.9046454767726161
LPFR,407,394,392,392,arrivals,0.9631449631449631,0.9631449631449631
LPFR,405,401,399,399,departures,0.9851851851851852,0.9851851851851852
LYBE,395,343,341,342,arrivals,0.8632911392405064,0.8658227848101265
LYBE,394,389,389,391,departures,0.9873096446700508,0.9923857868020305
LICC,391,365,356,356,arrivals,0.9104859335038363,0.9104859335038363
LICC,390,385,381,382,departures,0.9769230769230769,0.9794871794871794
LTAC,381,8,0,0,departures,0.0,0.0
LIPE,380,375,375,375,departures,0.9868421052631579,0.9868421052631579
LIPE,376,358,358,359,arrivals,0.9521276595744681,0.9547872340425532
LTAC,374,3,0,1,arrivals,0.0,0.00267379679144385
LCLK,368,353,351,352,departures,0.9538043478260869,0.9565217391304348
LCLK,367,338,336,338,arrivals,0.9155313351498637,0.9209809264305178
EPKK,360,349,347,348,departures,0.9638888888888889,0.9666666666666667
GMMN,360,323,316,387,departures,0.8777777777777778,1.075
EGGD,360,307,303,303,arrivals,0.8416666666666667,0.8416666666666667
EGGD,359,356,355,356,departures,0.9888579387186629,0.9916434540389972
ENBR,357,333,332,356,arrivals,0.9299719887955182,0.9971988795518207
GMMN,357,265,257,336,arrivals,0.7198879551820728,0.9411764705882353
LEVC,357,336,332,333,arrivals,0.9299719887955182,0.9327731092436975
EPKK,356,262,250,250,arrivals,0.702247191011236,0.702247191011236
LEVC,355,342,341,341,departures,0.9605633802816902,0.9605633802816902
LFSB,354,351,349,354,departures,0.9858757062146892,1.0
LFSB,352,326,322,322,arrivals,0.9147727272727273,0.9147727272727273
ENBR,349,343,343,366,departures,0.9828080229226361,1.0487106017191976
LTBJ,346,324,275,275,departures,0.7947976878612717,0.7947976878612717
LGRP,346,309,303,312,arrivals,0.8757225433526011,0.9017341040462428
EGPF,346,297,296,299,arrivals,0.8554913294797688,0.8641618497109826
EGPF,344,324,322,328,departures,0.936046511627907,0.9534883720930233
LTBJ,341,289,275,275,arrivals,0.8064516129032258,0.8064516129032258
LGRP,340,327,326,334,departures,0.9588235294117647,0.9823529411764705
LMML,326,324,324,325,departures,0.9938650306748467,0.9969325153374233
LMML,326,310,309,310,arrivals,0.9478527607361963,0.950920245398773
GCTS,323,77,71,97,arrivals,0.21981424148606812,0.30030959752321984
LATI,323,13,0,0,arrivals,0.0,0.0
GCTS,321,7,0,11,departures,0.0,0.03426791277258567
GCXO,320,76,76,316,arrivals,0.2375,0.9875
GCXO,319,307,307,367,departures,0.9623824451410659,1.1504702194357366
LATI,316,8,0,0,departures,0.0,0.0
LICJ,314,292,289,291,arrivals,0.9203821656050956,0.9267515923566879
LICJ,310,287,287,288,departures,0.9258064516129032,0.9290322580645162
EBCI,304,304,304,304,departures,1.0,1.0
EBCI,303,290,285,285,arrivals,0.9405940594059405,0.9405940594059405
BIKF,297,296,294,331,departures,0.98989898989899,1.1144781144781144
BIKF,296,88,87,165,arrivals,0.2939189189189189,0.5574324324324325
ELLX,294,292,292,292,departures,0.9931972789115646,0.9931972789115646
ELLX,294,225,225,226,arrivals,0.7653061224489796,0.7687074829931972
LFBO,293,289,289,291,departures,0.9863481228668942,0.9931740614334471
LFBO,290,278,276,278,arrivals,0.9517241379310345,0.9586206896551724
LGTS,281,265,264,264,arrivals,0.9395017793594306,0.9395017793594306
LTBS,280,235,227,228,arrivals,0.8107142857142857,0.8142857142857143
LGTS,279,271,270,271,departures,0.967741935483871,0.9713261648745519
GMMX,279,62,54,57,arrivals,0.1935483870967742,0.20430107526881722
GMMX,278,93,86,88,departures,0.30935251798561153,0.31654676258992803
EVRA,278,232,219,221,arrivals,0.7877697841726619,0.7949640287769785
LEZL,276,263,255,255,arrivals,0.9239130434782609,0.9239130434782609
LEZL,275,274,273,273,departures,0.9927272727272727,0.9927272727272727
EVRA,273,271,270,271,departures,0.989010989010989,0.9926739926739927
LTBS,273,219,219,219,departures,0.8021978021978022,0.8021978021978022
LBSF,272,171,169,169,departures,0.6213235294117647,0.6213235294117647
GCRR,269,2,0,0,departures,0.0,0.0
GCRR,269,25,0,0,arrivals,0.0,0.0
EGNX,267,263,263,265,departures,0.9850187265917603,0.9925093632958801
LBSF,267,98,87,89,arrivals,0.3258426966292135,0.3333333333333333
EDDP,261,224,221,224,arrivals,0.8467432950191571,0.8582375478927203
EPKT,259,251,249,249,departures,0.9613899613899614,0.9613899613899614
HEGN,258,2,0,0,arrivals,0.0,0.0
HEGN,257,0,0,0,departures,0.0,0.0
UGTB,257,165,159,199,departures,0.6186770428015564,0.77431906614786
LFRS,257,243,237,237,arrivals,0.9221789883268483,0.9221789883268483
EPKT,257,215,211,211,arrivals,0.8210116731517509,0.8210116731517509
UGTB,257,67,56,101,arrivals,0.2178988326848249,0.39299610894941633
LFRS,256,253,253,254,departures,0.98828125,0.9921875
EDDP,256,255,255,257,departures,0.99609375,1.00390625
EGNX,255,207,203,206,arrivals,0.796078431372549,0.807843137254902
LIEO,252,216,210,212,arrivals,0.8333333333333334,0.8412698412698413
EPGD,248,56,39,39,departures,0.15725806451612903,0.15725806451612903
LGKR,247,188,168,222,arrivals,0.680161943319838,0.8987854251012146
EGAA,246,227,223,223,arrivals,0.9065040650406504,0.9065040650406504
LGKR,244,209,207,212,departures,0.8483606557377049,0.8688524590163934
HECA,244,62,42,42,departures,0.1721311475409836,0.1721311475409836
EPGD,244,133,4,10,arrivals,0.01639344262295082,0.040983606557377046
EGAA,239,239,239,240,departures,1.0,1.00418410041841
ENZV,236,164,160,174,departures,0.6779661016949152,0.7372881355932204
ENZV,236,125,110,130,arrivals,0.4661016949152542,0.5508474576271186
LEBB,235,213,38,53,arrivals,0.16170212765957448,0.225531914893617
LEBB,234,183,172,174,departures,0.7350427350427351,0.7435897435897436
LTFE,232,191,186,187,arrivals,0.8017241379310345,0.8060344827586207
HECA,231,131,79,82,arrivals,0.341991341991342,0.354978354978355
LFPB,230,227,227,230,departures,0.9869565217391304,1.0
LIBD,229,11,0,1,arrivals,0.0,0.004366812227074236
LIEO,228,202,195,195,departures,0.8552631578947368,0.8552631578947368
LIBD,228,1,0,0,departures,0.0,0.0
LIRP,228,214,211,220,arrivals,0.9254385964912281,0.9649122807017544
UUWW,227,19,4,4,arrivals,0.01762114537444934,0.01762114537444934
LEMH,226,218,217,220,arrivals,0.9601769911504425,0.9734513274336283
LFBD,225,222,222,224,departures,0.9866666666666667,0.9955555555555555
LFPB,225,211,210,214,arrivals,0.9333333333333333,0.9511111111111111
LEMH,222,218,218,218,departures,0.9819819819819819,0.9819819819819819
LIRP,220,217,217,217,departures,0.9863636363636363,0.9863636363636363
LTFE,220,202,197,199,departures,0.8954545454545455,0.9045454545454545
ENVA,219,200,186,187,arrivals,0.8493150684931506,0.8538812785388128
LFBD,219,210,210,215,arrivals,0.958904109589041,0.9817351598173516
ENVA,217,211,199,201,departures,0.9170506912442397,0.9262672811059908
LUKK,217,9,6,6,departures,0.027649769585253458,0.027649769585253458
LUKK,217,54,0,0,arrivals,0.0,0.0
LDSP,216,3,0,0,departures,0.0,0.0
ESGG,216,214,214,214,departures,0.9907407407407407,0.9907407407407407
UUWW,216,17,5,6,departures,0.023148148148148147,0.027777777777777776
LDZA,215,211,211,211,departures,0.9813953488372092,0.9813953488372092
LDSP,215,14,1,2,arrivals,0.004651162790697674,0.009302325581395349
LDZA,215,193,193,194,arrivals,0.8976744186046511,0.9023255813953488
ESGG,214,201,197,200,arrivals,0.9205607476635514,0.9345794392523364
UUEE,214,3,2,25,arrivals,0.009345794392523364,0.11682242990654206
EDDV,213,213,213,214,departures,1.0,1.0046948356807512
GCFV,212,2,0,0,departures,0.0,0.0
UUEE,212,78,75,79,departures,0.35377358490566035,0.37264150943396224
EGNT,211,195,195,195,departures,0.9241706161137441,0.9241706161137441
EGNT,211,159,159,159,arrivals,0.7535545023696683,0.7535545023696683
GCFV,211,24,0,0,arrivals,0.0,0.0
EDDV,209,190,190,192,arrivals,0.9090909090909091,0.9186602870813397
EGGP,208,206,204,207,departures,0.9807692307692307,0.9951923076923077
EGGP,206,177,176,180,arrivals,0.8543689320388349,0.8737864077669902
LIRQ,202,201,201,202,departures,0.995049504950495,1.0
EDDN,201,197,196,197,departures,0.9751243781094527,0.9800995024875622
EDDN,199,178,177,181,arrivals,0.8894472361809045,0.9095477386934674
LGSA,199,120,119,120,arrivals,0.5979899497487438,0.6030150753768844
EGLC,198,197,197,199,departures,0.9949494949494949,1.005050505050505
LIRQ,198,195,186,189,arrivals,0.9393939393939394,0.9545454545454546
LGSA,196,192,192,194,departures,0.9795918367346939,0.9897959183673469
LIEE,195,167,146,147,arrivals,0.7487179487179487,0.7538461538461538
EPWR,194,166,166,168,arrivals,0.8556701030927835,0.865979381443299
EPWR,193,187,187,188,departures,0.9689119170984456,0.9740932642487047
EGNM,193,154,153,154,arrivals,0.7927461139896373,0.7979274611398963
UDYZ,192,4,0,0,departures,0.0,0.0
UDYZ,192,2,0,0,arrivals,0.0,0.0
EHEH,191,191,189,189,departures,0.9895287958115183,0.9895287958115183
LIEE,191,124,123,123,departures,0.643979057591623,0.643979057591623
EGNM,190,186,185,185,departures,0.9736842105263158,0.9736842105263158
EHEH,190,174,170,171,arrivals,0.8947368421052632,0.9
EGLC,189,189,189,198,arrivals,1.0,1.0476190476190477
EYVI,189,169,132,137,arrivals,0.6984126984126984,0.7248677248677249
DAAG,186,123,123,124,departures,0.6612903225806451,0.6666666666666666
EYVI,186,179,179,179,departures,0.9623655913978495,0.9623655913978495
DTTA,186,8,3,3,arrivals,0.016129032258064516,0.016129032258064516
DTTA,185,2,2,2,departures,0.010810810810810811,0.010810810810810811
DAAG,184,144,140,142,arrivals,0.7608695652173914,0.7717391304347826
LFOB,181,180,180,180,departures,0.994475138121547,0.994475138121547
LFOB,181,169,168,168,arrivals,0.9281767955801105,0.9281767955801105
LDDU,180,4,0,0,arrivals,0.0,0.0
LGKO,178,174,173,183,departures,0.9719101123595506,1.0280898876404494
LDDU,177,1,0,0,departures,0.0,0.0
LGKO,177,169,168,183,arrivals,0.9491525423728814,1.0338983050847457
EETN,162,138,137,139,arrivals,0.845679012345679,0.8580246913580247
EPPO,161,154,154,154,departures,0.9565217391304348,0.9565217391304348
HESH,161,3,0,0,arrivals,0.0,0.0
UMKK,160,5,2,4,departures,0.0125,0.025
HESH,159,1,0,0,departures,0.0,0.0
LPMA,159,156,156,157,departures,0.9811320754716981,0.9874213836477987
EETN,159,149,149,151,departures,0.9371069182389937,0.949685534591195
UMKK,159,48,20,119,arrivals,0.12578616352201258,0.7484276729559748
LPMA,158,10,9,14,arrivals,0.056962025316455694,0.08860759493670886
LIMF,157,156,154,155,departures,0.9808917197452229,0.9872611464968153
LIMF,157,150,148,149,arrivals,0.9426751592356688,0.9490445859872612
LIRA,156,143,143,143,arrivals,0.9166666666666666,0.9166666666666666
LIRA,154,152,152,154,departures,0.987012987012987,1.0
EKBI,154,144,142,142,arrivals,0.922077922077922,0.922077922077922
EPPO,154,99,99,117,arrivals,0.6428571428571429,0.7597402597402597
LPPD,153,57,57,124,departures,0.37254901960784315,0.8104575163398693
EKBI,152,150,150,151,departures,0.9868421052631579,0.993421052631579
LPPD,151,92,81,94,arrivals,0.5364238410596026,0.6225165562913907
ULLI,148,12,2,2,arrivals,0.013513513513513514,0.013513513513513514
LIPX,144,144,144,145,departures,1.0,1.0069444444444444
OLBA,144,140,136,137,departures,0.9444444444444444,0.9513888888888888
OLBA,144,102,86,87,arrivals,0.5972222222222222,0.6041666666666666
ENTC,143,67,6,7,arrivals,0.04195804195804196,0.04895104895104895
ULLI,142,3,1,1,departures,0.007042253521126761,0.007042253521126761
LIPX,142,131,131,135,arrivals,0.9225352112676056,0.9507042253521126
LGSR,139,16,12,17,departures,0.08633093525179857,0.1223021582733813
LGSR,139,68,35,105,arrivals,0.2517985611510791,0.7553956834532374
ENTC,138,81,16,16,departures,0.11594202898550725,0.11594202898550725
LTCG,138,86,84,103,arrivals,0.6086956521739131,0.7463768115942029
EGPD,137,125,125,125,departures,0.9124087591240876,0.9124087591240876
EGPD,136,120,120,120,arrivals,0.8823529411764706,0.8823529411764706
ENBO,134,130,130,225,departures,0.9701492537313433,1.6791044776119404
EBLG,134,134,134,136,departures,1.0,1.0149253731343284
LTCG,133,126,126,137,departures,0.9473684210526315,1.0300751879699248
LTDB,133,7,2,2,departures,0.015037593984962405,0.015037593984962405
ENBO,133,125,124,216,arrivals,0.9323308270676691,1.6240601503759398
LIBR,130,1,0,0,departures,0.0,0.0
LRCL,130,99,97,98,departures,0.7461538461538462,0.7538461538461538
LRCL,129,58,15,18,arrivals,0.11627906976744186,0.13953488372093023
LTDB,129,6,1,2,arrivals,0.007751937984496124,0.015503875968992248
LGZA,126,126,126,130,departures,1.0,1.0317460317460319
LGZA,126,116,116,117,arrivals,0.9206349206349206,0.9285714285714286
EBLG,126,73,72,72,arrivals,0.5714285714285714,0.5714285714285714
LIBR,125,0,0,0,arrivals,0.0,0.0
EGAC,123,122,121,122,departures,0.983739837398374,0.991869918699187
EGAC,123,120,120,122,arrivals,0.975609756097561,0.991869918699187
BKPR,120,0,0,0,departures,0.0,0.0
EICK,120,107,106,106,arrivals,0.8833333333333333,0.8833333333333333
BKPR,120,6,0,1,arrivals,0.0,0.008333333333333333
EICK,119,118,118,118,departures,0.9915966386554622,0.9915966386554622
LDZD,118,99,70,82,arrivals,0.5932203389830508,0.6949152542372882
OJAI,116,57,57,61,departures,0.49137931034482757,0.5258620689655172
OJAI,116,73,5,8,arrivals,0.04310344827586207,0.06896551724137931
LDZD,114,66,60,60,departures,0.5263157894736842,0.5263157894736842
LICA,112,4,2,2,arrivals,0.017857142857142856,0.017857142857142856
EGLF,110,110,110,112,departures,1.0,1.018181818181818
LICA,108,2,2,3,departures,0.018518518518518517,0.027777777777777776
EGJJ,108,105,105,106,arrivals,0.9722222222222222,0.9814814814814815
EGLF,108,101,100,102,arrivals,0.9259259259259259,0.9444444444444444
LCPH,107,101,101,101,arrivals,0.9439252336448598,0.9439252336448598
LWSK,106,13,10,10,departures,0.09433962264150944,0.09433962264150944
OKKK,106,105,105,105,departures,0.9905660377358491,0.9905660377358491
LEST,106,77,77,77,arrivals,0.7264150943396226,0.7264150943396226
LCPH,105,102,102,102,departures,0.9714285714285714,0.9714285714285714
LGMK,105,92,89,112,departures,0.8476190476190476,1.0666666666666667
LEST,105,96,96,96,departures,0.9142857142857143,0.9142857142857143
LZIB,105,101,101,101,departures,0.9619047619047619,0.9619047619047619
LEGE,105,103,96,97,arrivals,0.9142857142857143,0.9238095238095239
LWSK,105,26,18,21,arrivals,0.17142857142857143,0.2
LZIB,105,92,91,91,arrivals,0.8666666666666667,0.8666666666666667
LEGE,104,104,104,108,departures,1.0,1.0384615384615385
EDJA,104,93,92,92,arrivals,0.8846153846153846,0.8846153846153846
LGMK,104,83,81,169,arrivals,0.7788461538461539,1.625
EDJA,102,100,100,100,departures,0.9803921568627451,0.9803921568627451
OKKK,102,14,11,13,arrivals,0.10784313725490197,0.12745098039215685
EGJJ,101,98,97,97,departures,0.9603960396039604,0.9603960396039604
EHRD,100,94,92,94,arrivals,0.92,0.94
EHRD,99,98,96,97,departures,0.9696969696969697,0.9797979797979798
LBBG,97,93,90,90,arrivals,0.9278350515463918,0.9278350515463918
LOWS,96,95,95,98,departures,0.9895833333333334,1.0208333333333333
LOWS,95,85,83,85,arrivals,0.8736842105263158,0.8947368421052632
LJLJ,94,86,86,87,arrivals,0.9148936170212766,0.925531914893617
DTTJ,94,1,0,0,arrivals,0.0,0.0
LQSA,93,74,72,72,departures,0.7741935483870968,0.7741935483870968
LBBG,93,91,91,92,departures,0.978494623655914,0.989247311827957
LQSA,93,68,63,74,arrivals,0.6774193548387096,0.7956989247311828
GMAD,92,8,0,0,departures,0.0,0.0
EGKB,92,90,81,82,departures,0.8804347826086957,0.8913043478260869
EINN,91,91,91,92,departures,1.0,1.010989010989011
GMAD,91,16,5,5,arrivals,0.054945054945054944,0.054945054945054944
EGKB,91,88,80,83,arrivals,0.8791208791208791,0.9120879120879121
LJLJ,90,87,87,88,departures,0.9666666666666667,0.9777777777777777
UUDD,89,12,7,10,departures,0.07865168539325842,0.11235955056179775
DTTJ,89,3,3,3,departures,0.033707865168539325,0.033707865168539325
EDDW,88,88,87,90,departures,0.9886363636363636,1.0227272727272727
GMTT,88,88,88,88,departures,1.0,1.0
EDLW,87,85,85,85,departures,0.9770114942528736,0.9770114942528736
EDLW,87,77,75,75,arrivals,0.8620689655172413,0.8620689655172413
EDDW,87,83,82,84,arrivals,0.9425287356321839,0.9655172413793104
GMTT,87,85,85,86,arrivals,0.9770114942528736,0.9885057471264368
LIMJ,86,83,82,82,arrivals,0.9534883720930233,0.9534883720930233
EINN,86,64,64,65,arrivals,0.7441860465116279,0.7558139534883721
EGHI,86,52,52,52,arrivals,0.6046511627906976,0.6046511627906976
LIPH,85,85,85,85,departures,1.0,1.0
GCLA,85,75,49,50,departures,0.5764705882352941,0.5882352941176471
LIPH,85,76,76,76,arrivals,0.8941176470588236,0.8941176470588236
EDSB,85,75,74,74,arrivals,0.8705882352941177,0.8705882352941177
LFKB,84,83,83,83,departures,0.9880952380952381,0.9880952380952381
LFKB,84,83,83,83,arrivals,0.9880952380952381,0.9880952380952381
GCLA,84,73,56,62,arrivals,0.6666666666666666,0.7380952380952381
EGJB,83,82,82,83,departures,0.9879518072289156,1.0
EGHI,83,72,70,70,departures,0.8433734939759037,0.8433734939759037
LYTV,83,4,0,0,arrivals,0.0,0.0
LYTV,82,3,0,0,departures,0.0,0.0
EDSB,81,76,76,78,departures,0.9382716049382716,0.9629629629629629
EGNS,81,73,73,74,arrivals,0.9012345679012346,0.9135802469135802
DTMB,81,4,2,3,arrivals,0.024691358024691357,0.037037037037037035
EGNS,80,74,74,75,departures,0.925,0.9375
LFKJ,80,80,80,80,arrivals,1.0,1.0
LIMJ,79,79,78,78,departures,0.9873417721518988,0.9873417721518988
DTMB,79,1,1,1,departures,0.012658227848101266,0.012658227848101266
LFKJ,78,78,78,78,departures,1.0,1.0
EDFH,77,73,73,73,departures,0.948051948051948,0.948051948051948
LYPG,77,2,0,0,departures,0.0,0.0
LYPG,77,5,0,2,arrivals,0.0,0.025974025974025976
EKYT,75,74,73,73,departures,0.9733333333333334,0.9733333333333334
UUDD,75,7,0,0,arrivals,0.0,0.0
LBWN,75,68,68,70,arrivals,0.9066666666666666,0.9333333333333333
LFMT,75,63,63,63,arrivals,0.84,0.84
LFMT,74,73,73,73,departures,0.9864864864864865,0.9864864864864865
EGJB,74,69,68,68,arrivals,0.918918918918919,0.918918918918919
LTAJ,74,2,0,0,arrivals,0.0,0.0
EDFH,74,63,62,63,arrivals,0.8378378378378378,0.8513513513513513
LTAU,73,0,0,0,arrivals,0.0,0.0
LTAJ,72,1,0,0,departures,0.0,0.0
ENTO,72,67,66,68,arrivals,0.9166666666666666,0.9444444444444444
LFMD,72,68,68,70,arrivals,0.9444444444444444,0.9722222222222222
EGHH,72,57,55,55,arrivals,0.7638888888888888,0.7638888888888888
LRIA,71,51,37,39,departures,0.5211267605633803,0.5492957746478874
ENTO,71,66,66,68,departures,0.9295774647887324,0.9577464788732394
LBWN,71,65,65,65,departures,0.9154929577464789,0.9154929577464789
EGHH,71,71,70,72,departures,0.9859154929577465,1.0140845070422535
EKYT,71,68,67,67,arrivals,0.9436619718309859,0.9436619718309859
LTAU,70,0,0,0,departures,0.0,0.0
LEAS,69,68,68,68,departures,0.9855072463768116,0.9855072463768116
UGSB,69,35,35,36,arrivals,0.5072463768115942,0.5217391304347826
EDLV,69,68,68,68,arrivals,0.9855072463768116,0.9855072463768116
EDLV,68,68,68,68,departures,1.0,1.0
LEAS,68,61,61,61,arrivals,0.8970588235294118,0.8970588235294118
LRIA,68,44,14,65,arrivals,0.20588235294117646,0.9558823529411765
LERS,68,66,66,66,arrivals,0.9705882352941176,0.9705882352941176
UGSB,67,59,59,64,departures,0.8805970149253731,0.9552238805970149
LERS,67,66,66,66,departures,0.9850746268656716,0.9850746268656716
URSS,67,2,0,0,arrivals,0.0,0.0
LFMD,65,60,60,61,departures,0.9230769230769231,0.9384615384615385
LFKF,65,64,62,66,arrivals,0.9538461538461539,1.0153846153846153
GMME,64,58,43,50,departures,0.671875,0.78125
GMME,63,56,28,30,arrivals,0.4444444444444444,0.47619047619047616
LGKF,62,62,61,61,departures,0.9838709677419355,0.9838709677419355
LIEA,62,62,62,62,departures,1.0,1.0
LIEA,62,56,56,56,arrivals,0.9032258064516129,0.9032258064516129
LIPQ,61,57,57,57,departures,0.9344262295081968,0.9344262295081968
LFKF,61,61,61,66,departures,1.0,1.0819672131147542
EDDG,60,59,59,59,departures,0.9833333333333333,0.9833333333333333
EPRZ,60,57,56,56,departures,0.9333333333333333,0.9333333333333333
LGKF,60,54,54,62,arrivals,0.9,1.0333333333333334
DTNH,59,0,0,0,departures,0.0,0.0
LRTR,59,39,33,33,departures,0.559322033898305,0.559322033898305
LIPQ,59,57,57,57,arrivals,0.9661016949152542,0.9661016949152542
LTBA,58,58,58,65,departures,1.0,1.1206896551724137
DTNH,58,0,0,1,arrivals,0.0,0.017241379310344827
EPRZ,58,48,46,46,arrivals,0.7931034482758621,0.7931034482758621
LFQQ,57,56,56,56,arrivals,0.9824561403508771,0.9824561403508771
LFBZ,57,56,56,60,arrivals,0.9824561403508771,1.0526315789473684
LRTR,57,28,15,15,arrivals,0.2631578947368421,0.2631578947368421
LFQQ,56,56,56,56,departures,1.0,1.0
LOWG,56,56,53,54,departures,0.9464285714285714,0.9642857142857143
EDDG,56,47,47,47,arrivals,0.8392857142857143,0.8392857142857143
LTCC,56,2,0,0,arrivals,0.0,0.0
LTCC,55,2,0,0,departures,0.0,0.0
LFBZ,55,55,55,56,departures,1.0,1.018181818181818
LDPL,55,48,48,62,arrivals,0.8727272727272727,1.1272727272727272
LFTH,55,55,55,75,arrivals,1.0,1.3636363636363635
EYKA,54,53,50,50,departures,0.9259259259259259,0.9259259259259259
LOWG,53,50,49,49,arrivals,0.9245283018867925,0.9245283018867925
URSS,52,1,0,0,departures,0.0,0.0
LKTB,52,52,49,49,departures,0.9423076923076923,0.9423076923076923
GMFF,52,46,45,46,departures,0.8653846153846154,0.8846153846153846
LKTB,52,49,46,47,arrivals,0.8846153846153846,0.9038461538461539
GMFF,52,48,46,48,arrivals,0.8846153846153846,0.9230769230769231
LTBA,52,47,46,75,arrivals,0.8846153846153846,1.4423076923076923
LFTH,51,51,51,62,departures,1.0,1.2156862745098038
EGPE,51,48,48,49,departures,0.9411764705882353,0.9607843137254902
EHKD,50,49,49,90,departures,0.98,1.8
EYKA,50,37,13,22,arrivals,0.26,0.44
LFST,50,48,48,48,arrivals,0.96,0.96
LDPL,49,46,46,49,departures,0.9387755102040817,1.0
UGKO,49,2,2,4,departures,0.04081632653061224,0.08163265306122448
LFST,49,47,47,47,departures,0.9591836734693877,0.9591836734693877
UGKO,49,2,1,2,arrivals,0.02040816326530612,0.04081632653061224
DAOO,49,48,47,51,arrivals,0.9591836734693877,1.0408163265306123
EGFF,49,41,39,39,arrivals,0.7959183673469388,0.7959183673469388
EGPE,49,45,45,45,arrivals,0.9183673469387755,0.9183673469387755
UBBN,48,0,0,0,departures,0.0,0.0
DAOO,48,44,44,44,departures,0.9166666666666666,0.9166666666666666
EGFF,48,47,47,48,departures,0.9791666666666666,1.0
ENCN,48,48,48,48,departures,1.0,1.0
UBBN,48,1,0,0,arrivals,0.0,0.0
ORBI,48,5,0,0,arrivals,0.0,0.0
EHKD,48,47,46,84,arrivals,0.9583333333333334,1.75
ENAL,48,33,1,1,arrivals,0.020833333333333332,0.020833333333333332
LFRB,47,41,41,41,departures,0.8723404255319149,0.8723404255319149
ENKB,46,4,4,4,departures,0.08695652173913043,0.08695652173913043
ENAL,46,11,3,3,departures,0.06521739130434782,0.06521739130434782
LGPZ,46,38,18,37,arrivals,0.391304347826087,0.8043478260869565
LGPZ,45,32,25,27,departures,0.5555555555555556,0.6
EDDC,45,44,44,44,departures,0.9777777777777777,0.9777777777777777
LGPA,45,21,0,0,departures,0.0,0.0
LTFH,45,11,11,12,departures,0.24444444444444444,0.26666666666666666
EDDC,45,43,43,43,arrivals,0.9555555555555556,0.9555555555555556
LTFH,45,7,7,8,arrivals,0.15555555555555556,0.17777777777777778
LIRI,44,30,29,33,departures,0.6590909090909091,0.75
ESSB,44,39,38,40,departures,0.8636363636363636,0.9090909090909091
GEML,44,44,44,46,departures,1.0,1.0454545454545454
BIRK,44,44,44,57,departures,1.0,1.2954545454545454
ORER,44,1,0,0,departures,0.0,0.0
LFRB,44,39,39,39,arrivals,0.8863636363636364,0.8863636363636364
LKMT,44,38,38,39,arrivals,0.8636363636363636,0.8863636363636364
ENKB,44,10,8,9,arrivals,0.18181818181818182,0.20454545454545456
GEML,44,42,42,42,arrivals,0.9545454545454546,0.9545454545454546
LEJR,44,43,42,42,arrivals,0.9545454545454546,0.9545454545454546
BIRK,44,41,41,49,arrivals,0.9318181818181818,1.1136363636363635
ORER,44,0,0,0,arrivals,0.0,0.0
LKMT,43,40,40,40,departures,0.9302325581395349,0.9302325581395349
LIBP,43,34,34,36,arrivals,0.7906976744186046,0.8372093023255814
ENCN,43,36,36,36,arrivals,0.8372093023255814,0.8372093023255814
LOWI,43,38,36,37,arrivals,0.8372093023255814,0.8604651162790697
ENEV,42,13,0,0,departures,0.0,0.0
ORBI,42,4,0,0,departures,0.0,0.0
EPMO,42,42,42,45,departures,1.0,1.0714285714285714
ESMS,42,36,33,33,arrivals,0.7857142857142857,0.7857142857142857
LGSM,42,40,39,51,arrivals,0.9285714285714286,1.2142857142857142
ENEV,42,14,0,0,arrivals,0.0,0.0
LIRI,42,32,26,76,arrivals,0.6190476190476191,1.8095238095238095
UMMS,42,10,2,6,arrivals,0.047619047619047616,0.14285714285714285
LIBP,41,40,40,43,departures,0.975609756097561,1.048780487804878
ESMS,41,38,38,39,departures,0.926829268292683,0.9512195121951219
LGSM,41,40,39,51,departures,0.9512195121951219,1.2439024390243902
LIRZ,41,39,35,35,arrivals,0.8536585365853658,0.8536585365853658
LEJR,40,40,40,40,departures,1.0,1.0
UMMS,40,21,18,18,departures,0.45,0.45
GMMW,40,40,40,40,arrivals,1.0,1.0
LEAM,40,37,37,37,arrivals,0.925,0.925
UWKD,40,0,0,0,arrivals,0.0,0.0
LGPA,40,32,0,0,arrivals,0.0,0.0
EPMO,40,30,24,40,arrivals,0.6,1.0
LICT,40,16,15,17,arrivals,0.375,0.425
LEVX,40,37,37,37,arrivals,0.925,0.925
GMMW,39,39,37,37,departures,0.9487179487179487,0.9487179487179487
LEVT,39,39,37,47,departures,0.9487179487179487,1.205128205128205
LEXJ,39,36,36,36,departures,0.9230769230769231,0.9230769230769231
LIRZ,39,39,35,35,departures,0.8974358974358975,0.8974358974358975
LICT,39,10,9,13,departures,0.23076923076923078,0.3333333333333333
LEZG,39,18,14,15,arrivals,0.358974358974359,0.38461538461538464
LEVT,39,39,39,125,arrivals,1.0,3.2051282051282053
EGPB,39,0,0,0,arrivals,0.0,0.0
EDLP,39,34,34,35,arrivals,0.8717948717948718,0.8974358974358975
LEZG,38,15,15,15,departures,0.39473684210526316,0.39473684210526316
UWKD,38,11,2,2,departures,0.05263157894736842,0.05263157894736842
ESPA,38,19,19,19,departures,0.5,0.5
EGPB,38,2,0,0,departures,0.0,0.0
LEAM,37,36,36,36,departures,0.972972972972973,0.972972972972973
LIPY,37,37,37,37,departures,1.0,1.0
LGSK,37,31,31,31,departures,0.8378378378378378,0.8378378378378378
LOWL,37,36,36,36,departures,0.972972972972973,0.972972972972973
LEVX,37,36,36,36,departures,0.972972972972973,0.972972972972973
ESSB,37,32,31,34,arrivals,0.8378378378378378,0.918918918918919
LEXJ,37,32,17,18,arrivals,0.4594594594594595,0.4864864864864865
LGSK,37,31,31,31,arrivals,0.8378378378378378,0.8378378378378378
EGTE,36,34,34,34,departures,0.9444444444444444,0.9444444444444444
LECO,36,34,34,34,departures,0.9444444444444444,0.9444444444444444
EGTE,36,30,29,29,arrivals,0.8055555555555556,0.8055555555555556
LTFO,36,23,22,23,arrivals,0.6111111111111112,0.6388888888888888
LIPY,36,31,31,31,arrivals,0.8611111111111112,0.8611111111111112
LTFO,35,33,33,33,departures,0.9428571428571428,0.9428571428571428
LZKZ,35,35,35,35,departures,1.0,1.0
EGMC,35,35,35,35,departures,1.0,1.0
EDLP,35,32,32,32,departures,0.9142857142857143,0.9142857142857143
LECO,35,34,34,34,arrivals,0.9714285714285714,0.9714285714285714
LTFG,35,32,31,31,arrivals,0.8857142857142857,0.8857142857142857
ESPA,35,29,26,26,arrivals,0.7428571428571429,0.7428571428571429
LEGR,34,34,34,34,departures,1.0,1.0
LTFG,34,34,34,34,departures,1.0,1.0
GMFO,34,34,34,34,departures,1.0,1.0
LZKZ,34,30,30,30,arrivals,0.8823529411764706,0.8823529411764706
LEGR,34,34,33,33,arrivals,0.9705882352941176,0.9705882352941176
LGMT,34,32,31,31,arrivals,0.9117647058823529,0.9117647058823529
GMFO,34,33,32,33,arrivals,0.9411764705882353,0.9705882352941176
LOWL,34,32,32,33,arrivals,0.9411764705882353,0.9705882352941176
LICR,34,4,4,13,arrivals,0.11764705882352941,0.38235294117647056
LGMT,33,32,31,31,departures,0.9393939393939394,0.9393939393939394
LTCI,33,0,0,0,departures,0.0,0.0
LICR,33,5,5,9,departures,0.15151515151515152,0.2727272727272727
LOWI,33,32,31,31,departures,0.9393939393939394,0.9393939393939394
EGMC,33,30,30,32,arrivals,0.9090909090909091,0.9696969696969697
EKAH,33,30,29,29,arrivals,0.8787878787878788,0.8787878787878788
LFRN,32,32,32,32,departures,1.0,1.0
EGWU,32,32,0,0,departures,0.0,0.0
EKAH,32,32,32,33,departures,1.0,1.03125
LTCB,32,12,11,14,departures,0.34375,0.4375
LEMI,32,31,30,30,arrivals,0.9375,0.9375
LTCI,32,0,0,0,arrivals,0.0,0.0
EDMO,31,30,27,27,departures,0.8709677419354839,0.8709677419354839
LEMI,31,31,31,31,departures,1.0,1.0
ENHD,31,29,27,34,departures,0.8709677419354839,1.096774193548387
EIKN,31,30,30,30,departures,0.967741935483871,0.967741935483871
LFRN,31,31,31,31,arrivals,1.0,1.0
LTCE,31,0,0,2,arrivals,0.0,0.06451612903225806
LGNX,30,16,0,0,departures,0.0,0.0
URMM,30,5,4,4,departures,0.13333333333333333,0.13333333333333333
EGPK,30,30,30,31,departures,1.0,1.0333333333333334
LGNX,30,26,0,0,arrivals,0.0,0.0
LTCB,30,21,21,24,arrivals,0.7,0.8
EIKN,30,29,29,29,arrivals,0.9666666666666667,0.9666666666666667
LTAZ,29,0,0,0,departures,0.0,0.0
EBAW,29,29,28,29,departures,0.9655172413793104,1.0
LTCE,29,0,0,0,departures,0.0,0.0
EGPA,29,15,0,0,departures,0.0,0.0
ENHD,29,26,23,38,arrivals,0.7931034482758621,1.3103448275862069
LTAZ,29,1,0,0,arrivals,0.0,0.0
URMM,29,1,0,3,arrivals,0.0,0.10344827586206896
EGPK,29,21,20,21,arrivals,0.6896551724137931,0.7241379310344828
EGHQ,28,27,27,27,departures,0.9642857142857143,0.9642857142857143
ESNU,28,11,11,11,departures,0.39285714285714285,0.39285714285714285
EGHQ,28,27,27,27,arrivals,0.9642857142857143,0.9642857142857143
ENBN,27,10,5,10,departures,0.18518518518518517,0.37037037037037035
LICD,27,26,26,26,departures,0.9629629629629629,0.9629629629629629
LTCA,27,0,0,0,departures,0.0,0.0
LFKC,27,27,27,27,arrivals,1.0,1.0
EGWU,27,22,0,0,arrivals,0.0,0.0
LTAN,27,0,0,0,arrivals,0.0,0.0
LICD,27,27,27,27,arrivals,1.0,1.0
LIPB,27,26,16,16,arrivals,0.5925925925925926,0.5925925925925926
LTCA,27,0,0,0,arrivals,0.0,0.0
LFKC,26,26,26,26,departures,1.0,1.0
LTAT,26,1,0,0,departures,0.0,0.0
LTAN,26,0,0,0,departures,0.0,0.0
LIPB,26,26,25,25,departures,0.9615384615384616,0.9615384615384616
LRBS,26,26,26,27,departures,1.0,1.0384615384615385
LTCS,26,0,0,0,departures,0.0,0.0
LPCS,26,26,23,24,departures,0.8846153846153846,0.9230769230769231
ENBN,26,13,0,13,arrivals,0.0,0.5
EGPA,26,16,0,0,arrivals,0.0,0.0
LTCS,26,0,0,0,arrivals,0.0,0.0
LGHI,26,24,24,27,arrivals,0.9230769230769231,1.0384615384615385
ESNU,26,18,1,1,arrivals,0.038461538461538464,0.038461538461538464
LFMP,25,25,25,25,departures,1.0,1.0
EHBK,25,22,21,22,departures,0.84,0.88
LGML,25,1,0,0,departures,0.0,0.0
EGSH,25,25,25,25,departures,1.0,1.0
EFOU,25,1,1,3,departures,0.04,0.12
LGKL,25,25,25,25,departures,1.0,1.0
LGHI,25,24,24,26,departures,0.96,1.04
LPCS,25,25,20,20,arrivals,0.8,0.8
EBAW,25,24,23,26,arrivals,0.92,1.04
EGSH,25,24,24,25,arrivals,0.96,1.0
EFOU,25,24,18,19,arrivals,0.72,0.76
LGKL,25,23,23,23,arrivals,0.92,0.92
LFRK,24,24,23,24,departures,0.9583333333333334,1.0
LICG,24,17,12,13,departures,0.5,0.5416666666666666
LIPR,24,24,24,26,departures,1.0,1.0833333333333333
EKVG,24,0,0,0,departures,0.0,0.0
ENAT,24,18,0,0,departures,0.0,0.0
ENFL,24,16,16,33,departures,0.6666666666666666,1.375
LFMP,24,24,23,28,arrivals,0.9583333333333334,1.1666666666666667
EHBK,24,16,14,14,arrivals,0.5833333333333334,0.5833333333333334
LESO,24,24,18,52,arrivals,0.75,2.1666666666666665
LTAT,24,0,0,0,arrivals,0.0,0.0
LIPR,24,22,22,23,arrivals,0.9166666666666666,0.9583333333333334
EKVG,24,0,0,0,arrivals,0.0,0.0
ENAT,24,19,0,0,arrivals,0.0,0.0
ENFL,24,12,12,13,arrivals,0.5,0.5416666666666666
ENLK,23,19,0,0,departures,0.0,0.0
ENKR,23,6,0,0,departures,0.0,0.0
LESO,23,23,19,21,departures,0.8260869565217391,0.9130434782608695
ESSV,23,21,21,22,departures,0.9130434782608695,0.9565217391304348
ENOV,23,4,3,10,departures,0.13043478260869565,0.43478260869565216
EDDR,23,17,17,18,departures,0.7391304347826086,0.782608695652174
LFBT,23,23,23,23,departures,1.0,1.0
ENKR,23,7,0,0,arrivals,0.0,0.0
LICG,23,17,15,18,arrivals,0.6521739130434783,0.782608695652174
EGPO,23,10,7,7,arrivals,0.30434782608695654,0.30434782608695654
LLER,22,11,1,1,departures,0.045454545454545456,0.045454545454545456
EIKY,22,22,22,22,departures,1.0,1.0
LGKP,22,9,3,3,departures,0.13636363636363635,0.13636363636363635
LFBP,22,22,22,22,departures,1.0,1.0
GCHI,22,16,0,0,departures,0.0,0.0
EGNV,22,19,19,19,departures,0.8636363636363636,0.8636363636363636
EGPO,22,5,4,4,departures,0.18181818181818182,0.18181818181818182
LRSB,22,16,16,16,departures,0.7272727272727273,0.7272727272727273
LSGS,22,21,21,23,departures,0.9545454545454546,1.0454545454545454
EDXW,22,21,19,19,departures,0.8636363636363636,0.8636363636363636
LRCV,22,1,1,1,departures,0.045454545454545456,0.045454545454545456
EPSC,22,20,20,20,departures,0.9090909090909091,0.9090909090909091
LLER,22,14,1,1,arrivals,0.045454545454545456,0.045454545454545456
EDMO,22,22,19,19,arrivals,0.8636363636363636,0.8636363636363636
ENLK,22,18,0,0,arrivals,0.0,0.0
LGKP,22,9,5,7,arrivals,0.22727272727272727,0.3181818181818182
LFRK,22,21,20,21,arrivals,0.9090909090909091,0.9545454545454546
LFBP,22,22,22,22,arrivals,1.0,1.0
ESSV,22,20,20,23,arrivals,0.9090909090909091,1.0454545454545454
GCHI,22,17,0,0,arrivals,0.0,0.0
ENOV,22,18,18,44,arrivals,0.8181818181818182,2.0
EDDR,22,15,15,19,arrivals,0.6818181818181818,0.8636363636363636
LFBT,22,21,21,21,arrivals,0.9545454545454546,0.9545454545454546
LRSB,22,6,6,10,arrivals,0.2727272727272727,0.45454545454545453
EDXW,22,21,19,19,arrivals,0.8636363636363636,0.8636363636363636
EPSC,22,17,13,19,arrivals,0.5909090909090909,0.8636363636363636
LRSV,21,15,15,17,departures,0.7142857142857143,0.8095238095238095
ENSG,21,5,0,0,departures,0.0,0.0
BIAR,21,0,0,0,departures,0.0,0.0
LDRI,21,18,18,19,departures,0.8571428571428571,0.9047619047619048
ENSG,21,6,0,0,arrivals,0.0,0.0
LFLC,21,21,21,21,arrivals,1.0,1.0
LRBS,21,20,19,20,arrivals,0.9047619047619048,0.9523809523809523
EGNV,21,18,18,18,arrivals,0.8571428571428571,0.8571428571428571
LSZB,21,20,19,22,arrivals,0.9047619047619048,1.0476190476190477
LDRI,21,17,17,31,arrivals,0.8095238095238095,1.4761904761904763
BIAR,21,0,0,0,arrivals,0.0,0.0
LRCV,21,3,3,3,arrivals,0.14285714285714285,0.14285714285714285
EIKY,21,19,19,19,arrivals,0.9047619047619048,0.9047619047619048
LGML,21,12,0,0,arrivals,0.0,0.0
DABC,20,1,1,1,departures,0.05,0.05
LSZB,20,19,18,20,departures,0.9,1.0
LTCR,20,0,0,0,departures,0.0,0.0
LRSV,20,16,13,41,arrivals,0.65,2.05
HLLM,20,4,4,4,arrivals,0.2,0.2
EGNJ,20,15,15,15,arrivals,0.75,0.75
DABC,20,2,2,3,arrivals,0.1,0.15
GMTN,20,20,19,19,arrivals,0.95,0.95
LSGS,20,16,16,17,arrivals,0.8,0.85
LTCR,20,0,0,0,arrivals,0.0,0.0
ENSK,19,17,0,0,departures,0.0,0.0
HLLM,19,3,3,3,departures,0.15789473684210525,0.15789473684210525
ENVD,19,8,0,0,departures,0.0,0.0
LTCJ,19,0,0,0,departures,0.0,0.0
LSZR,19,19,19,21,departures,1.0,1.105263157894737
LRBC,19,19,19,30,departures,1.0,1.5789473684210527
EGTK,19,19,19,20,departures,1.0,1.0526315789473684
GMTN,19,18,18,18,departures,0.9473684210526315,0.9473684210526315
LOWK,19,19,19,19,departures,1.0,1.0
EFTU,19,17,17,17,departures,0.8947368421052632,0.8947368421052632
ENSK,19,18,0,0,arrivals,0.0,0.0
LTCJ,19,0,0,0,arrivals,0.0,0.0
LSZR,19,19,18,18,arrivals,0.9473684210526315,0.9473684210526315
LFTZ,19,18,0,0,arrivals,0.0,0.0
LRBC,19,18,16,21,arrivals,0.8421052631578947,1.105263157894737
LFLC,18,18,18,18,departures,1.0,1.0
EBOS,18,16,16,16,departures,0.8888888888888888,0.8888888888888888
EYPA,18,17,16,17,departures,0.8888888888888888,0.9444444444444444
EGJA,18,16,16,16,departures,0.8888888888888888,0.8888888888888888
EGJA,18,18,18,18,arrivals,1.0,1.0
LIPO,18,18,14,14,arrivals,0.7777777777777778,0.7777777777777778
LOWK,18,17,16,16,arrivals,0.8888888888888888,0.8888888888888888
EFTU,18,15,14,14,arrivals,0.7777777777777778,0.7777777777777778
LGAL,17,17,17,17,departures,1.0,1.0
EBKT,17,17,17,18,departures,1.0,1.0588235294117647
EPLL,17,17,17,17,departures,1.0,1.0
EFRO,17,0,0,0,departures,0.0,0.0
LPAZ,17,17,17,18,departures,1.0,1.0588235294117647
LQBK,17,17,17,17,departures,1.0,1.0
ENML,17,5,4,4,departures,0.23529411764705882,0.23529411764705882
EBOS,17,14,13,15,arrivals,0.7647058823529411,0.8823529411764706
EYPA,17,14,9,11,arrivals,0.5294117647058824,0.6470588235294118
EFRO,17,0,0,0,arrivals,0.0,0.0
LQBK,17,15,14,18,arrivals,0.8235294117647058,1.0588235294117647
LTCF,16,0,0,0,departures,0.0,0.0
EPLB,16,15,15,17,departures,0.9375,1.0625
LFBL,16,11,11,11,departures,0.6875,0.6875
EGNJ,16,12,12,12,departures,0.75,0.75
EDDE,16,16,16,16,departures,1.0,1.0
LFLY,16,16,0,0,departures,0.0,0.0
EPBY,16,15,15,15,departures,0.9375,0.9375
EKRN,16,16,16,17,departures,1.0,1.0625
LECH,16,14,14,15,departures,0.875,0.9375
LYNI,16,1,0,0,departures,0.0,0.0
LEPP,16,16,16,18,departures,1.0,1.125
LFBE,16,16,16,16,departures,1.0,1.0
EKEB,16,13,13,22,departures,0.8125,1.375
LXGB,16,15,15,15,departures,0.9375,0.9375
LGAL,16,15,15,15,arrivals,0.9375,0.9375
LFBE,16,16,16,16,arrivals,1.0,1.0
EPLB,16,14,14,18,arrivals,0.875,1.125
EDVE,16,16,16,18,arrivals,1.0,1.125
EPLL,16,15,15,28,arrivals,0.9375,1.75
LFBL,16,12,11,12,arrivals,0.6875,0.75
ENSH,16,15,0,0,arrivals,0.0,0.0
EGTK,16,16,16,17,arrivals,1.0,1.0625
LFLY,16,15,0,0,arrivals,0.0,0.0
LFMK,16,16,16,17,arrivals,1.0,1.0625
LYNI,16,4,0,6,arrivals,0.0,0.375
LXGB,16,15,15,15,arrivals,0.9375,0.9375
LTCF,16,0,0,0,arrivals,0.0,0.0
HESX,15,8,7,8,departures,0.4666666666666667,0.5333333333333333
ENRA,15,9,7,10,departures,0.4666666666666667,0.6666666666666666
EDNY,15,13,12,12,departures,0.8,0.8
LTCK,15,0,0,0,departures,0.0,0.0
LFMK,15,15,15,15,departures,1.0,1.0
UWGG,15,0,0,0,departures,0.0,0.0
EGAE,15,5,5,5,departures,0.3333333333333333,0.3333333333333333
HESX,15,5,5,23,arrivals,0.3333333333333333,1.5333333333333334
LGLM,15,0,0,0,arrivals,0.0,0.0
EKEB,15,13,13,25,arrivals,0.8666666666666667,1.6666666666666667
EDNY,15,11,10,11,arrivals,0.6666666666666666,0.7333333333333333
ENVD,15,4,0,0,arrivals,0.0,0.0
LFRM,15,15,14,16,arrivals,0.9333333333333333,1.0666666666666667
EPBY,15,13,10,28,arrivals,0.6666666666666666,1.8666666666666667
EKRN,15,14,14,19,arrivals,0.9333333333333333,1.2666666666666666
LTCK,15,0,0,0,arrivals,0.0,0.0
ENML,15,12,7,24,arrivals,0.4666666666666667,1.6
LECH,15,12,12,12,arrivals,0.8,0.8
LLHA,15,13,13,13,arrivals,0.8666666666666667,0.8666666666666667
EDDE,15,12,12,12,arrivals,0.8,0.8
LFSD,15,15,15,16,arrivals,1.0,1.0666666666666667
ETSI,14,13,13,13,departures,0.9285714285714286,0.9285714285714286
LTAR,14,0,0,0,departures,0.0,0.0
LGLM,14,0,0,0,departures,0.0,0.0
EDVE,14,14,14,14,departures,1.0,1.0
LROD,14,4,3,3,departures,0.21428571428571427,0.21428571428571427
LLHA,14,14,14,14,departures,1.0,1.0
ENSH,14,14,0,0,departures,0.0,0.0
EFKU,14,14,14,14,departures,1.0,1.0
LTAY,14,3,3,3,departures,0.21428571428571427,0.21428571428571427
LTAR,14,0,0,0,arrivals,0.0,0.0
ENRA,14,8,7,12,arrivals,0.5,0.8571428571428571
LROD,14,3,0,8,arrivals,0.0,0.5714285714285714
EGAE,14,4,4,4,arrivals,0.2857142857142857,0.2857142857142857
LPAZ,14,13,13,15,arrivals,0.9285714285714286,1.0714285714285714
LEPP,14,14,3,58,arrivals,0.21428571428571427,4.142857142857143
LFBH,14,14,12,13,arrivals,0.8571428571428571,0.9285714285714286
LPPS,13,6,5,5,departures,0.38461538461538464,0.38461538461538464
LTDA,13,0,0,0,departures,0.0,0.0
EFVA,13,13,13,13,departures,1.0,1.0
LFRZ,13,13,10,10,departures,0.7692307692307693,0.7692307692307693
LFRM,13,13,13,14,departures,1.0,1.0769230769230769
LIBC,13,3,2,2,departures,0.15384615384615385,0.15384615384615385
EDMA,13,13,13,13,departures,1.0,1.0
LTCT,13,0,0,0,departures,0.0,0.0
LGKV,13,13,13,14,departures,1.0,1.0769230769230769
LFBH,13,13,13,13,departures,1.0,1.0
LPPS,13,6,6,20,arrivals,0.46153846153846156,1.5384615384615385
LBPD,13,4,3,3,arrivals,0.23076923076923078,0.23076923076923078
LFRZ,13,13,10,10,arrivals,0.7692307692307693,0.7692307692307693
EFKU,13,13,13,13,arrivals,1.0,1.0
LTAY,13,2,0,7,arrivals,0.0,0.5384615384615384
LTCT,13,0,0,0,arrivals,0.0,0.0
LGKV,13,12,12,12,arrivals,0.9230769230769231,0.9230769230769231
UWGG,13,1,0,0,arrivals,0.0,0.0
LIRS,12,12,12,13,departures,1.0,1.0833333333333333
LFTW,12,12,12,12,departures,1.0,1.0
HLLB,12,0,0,0,departures,0.0,0.0
LFMU,12,12,12,12,departures,1.0,1.0
ESNS,12,12,12,12,departures,1.0,1.0
ENSD,12,1,0,0,departures,0.0,0.0
LTFD,12,11,11,11,departures,0.9166666666666666,0.9166666666666666
GCGM,12,6,0,0,departures,0.0,0.0
EKRK,12,12,12,12,departures,1.0,1.0
LTCP,12,0,0,0,departures,0.0,0.0
LTCN,12,0,0,0,departures,0.0,0.0
ENST,12,6,3,4,departures,0.25,0.3333333333333333
LFTZ,12,11,0,0,departures,0.0,0.0
EDFM,12,11,11,18,departures,0.9166666666666666,1.5
ENBL,12,12,0,0,departures,0.0,0.0
LTCD,12,0,0,0,arrivals,0.0,0.0
HLLB,12,0,0,0,arrivals,0.0,0.0
EKSB,12,12,12,12,arrivals,1.0,1.0
ETSI,12,11,11,12,arrivals,0.9166666666666666,1.0
EFVA,12,12,12,12,arrivals,1.0,1.0
LGRX,12,4,2,2,arrivals,0.16666666666666666,0.16666666666666666
LFMU,12,12,12,12,arrivals,1.0,1.0
LIBC,12,2,1,1,arrivals,0.08333333333333333,0.08333333333333333
LIBF,12,3,0,11,arrivals,0.0,0.9166666666666666
LTFD,12,10,10,10,arrivals,0.8333333333333334,0.8333333333333334
GCGM,12,6,0,0,arrivals,0.0,0.0
LTCN,12,0,0,0,arrivals,0.0,0.0
LGIO,12,10,10,10,arrivals,0.8333333333333334,0.8333333333333334
LGRX,11,1,1,1,departures,0.09090909090909091,0.09090909090909091
EGPN,11,11,11,12,departures,1.0,1.0909090909090908
LTCV,11,0,0,0,departures,0.0,0.0
LIPO,11,11,11,13,departures,1.0,1.1818181818181819
ENAN,11,10,0,0,departures,0.0,0.0
LFSD,11,11,11,12,departures,1.0,1.0909090909090908
GMML,11,2,0,0,departures,0.0,0.0
LTCD,11,0,0,0,departures,0.0,0.0
LRBV,11,10,10,10,departures,0.9090909090909091,0.9090909090909091
LIRS,11,10,8,8,arrivals,0.7272727272727273,0.7272727272727273
LFTW,11,10,10,10,arrivals,0.9090909090909091,0.9090909090909091
LTDA,11,0,0,0,arrivals,0.0,0.0
ENBL,11,0,0,0,arrivals,0.0,0.0
EGPN,11,11,11,11,arrivals,1.0,1.0
EDMA,11,11,11,11,arrivals,1.0,1.0
ESNS,11,10,10,13,arrivals,0.9090909090909091,1.1818181818181819
ENSD,11,6,0,0,arrivals,0.0,0.0
ENST,11,11,3,5,arrivals,0.2727272727272727,0.45454545454545453
EDFM,11,10,10,16,arrivals,0.9090909090909091,1.4545454545454546
LFMV,11,10,10,10,arrivals,0.9090909090909091,0.9090909090909091
LTCP,11,0,0,0,arrivals,0.0,0.0
GMML,11,3,0,0,arrivals,0.0,0.0
LICB,11,11,11,12,arrivals,1.0,1.0909090909090908
LTCV,11,0,0,0,arrivals,0.0,0.0
EKSB,10,10,10,10,departures,1.0,1.0
LIPK,10,8,8,8,departures,0.8,0.8
LIMP,10,10,10,10,departures,1.0,1.0
LGIO,10,9,9,9,departures,0.9,0.9
LQMO,10,0,0,1,departures,0.0,0.1
LFMV,10,9,9,10,departures,0.9,1.0
LGIK,10,9,0,0,departures,0.0,0.0
DAAE,10,3,3,3,departures,0.3,0.3
ESNZ,10,8,8,8,departures,0.8,0.8
EHGG,10,10,10,10,departures,1.0,1.0
EKOD,10,9,9,9,arrivals,0.9,0.9
LIPK,10,8,8,8,arrivals,0.8,0.8
LDSB,10,0,0,1,arrivals,0.0,0.1
EHGG,10,10,10,11,arrivals,1.0,1.1
LFCR,10,10,10,10,arrivals,1.0,1.0
DAAE,10,4,4,5,arrivals,0.4,0.5
ENNA,9,8,0,0,departures,0.0,0.0
LBPD,9,3,3,3,departures,0.3333333333333333,0.3333333333333333
GMMI,9,0,0,1,departures,0.0,0.1111111111111111
LDSB,9,0,0,0,departures,0.0,0.0
LTCO,9,0,0,0,departures,0.0,0.0
LFCR,9,9,9,9,departures,1.0,1.0
EDTY,9,9,9,9,departures,1.0,1.0
ESKN,9,7,7,7,departures,0.7777777777777778,0.7777777777777778
ESTA,9,9,8,8,departures,0.8888888888888888,0.8888888888888888
GMFK,9,3,0,0,departures,0.0,0.0
LTBR,9,9,9,10,departures,1.0,1.1111111111111112
LICB,9,9,9,9,departures,1.0,1.0
ENMS,9,3,0,0,departures,0.0,0.0
LKPD,9,9,9,13,departures,1.0,1.4444444444444444
ESNZ,9,7,7,7,arrivals,0.7777777777777778,0.7777777777777778
UUBW,9,1,0,0,arrivals,0.0,0.0
URML,9,0,0,0,arrivals,0.0,0.0
GMMI,9,0,0,3,arrivals,0.0,0.3333333333333333
ENMS,9,8,0,0,arrivals,0.0,0.0
LRBV,9,9,9,9,arrivals,1.0,1.0
DAON,9,9,5,5,arrivals,0.5555555555555556,0.5555555555555556
EGNR,9,8,4,4,arrivals,0.4444444444444444,0.4444444444444444
LTCO,9,1,0,0,arrivals,0.0,0.0
ESKN,9,6,5,6,arrivals,0.5555555555555556,0.6666666666666666
LQMO,9,1,0,4,arrivals,0.0,0.4444444444444444
ENAN,9,9,0,0,arrivals,0.0,0.0
LGIK,9,7,0,0,arrivals,0.0,0.0
GMFK,9,4,0,0,arrivals,0.0,0.0
LTBR,9,7,7,11,arrivals,0.7777777777777778,1.2222222222222223
EKRK,9,9,9,9,arrivals,1.0,1.0
BIEG,8,0,0,0,departures,0.0,0.0
LFOT,8,8,8,8,departures,1.0,1.0
LFRG,8,8,8,10,departures,1.0,1.25
LQTZ,8,7,7,9,departures,0.875,1.125
ENJS,8,0,0,0,departures,0.0,0.0
EFMA,8,2,2,2,departures,0.25,0.25
EGPR,8,2,0,0,departures,0.0,0.0
UBBG,8,0,0,0,departures,0.0,0.0
LDOS,8,3,3,3,departures,0.375,0.375
LSMP,8,8,7,8,departures,0.875,1.0
DAON,8,3,3,3,departures,0.375,0.375
EPSY,8,7,7,8,departures,0.875,1.0
EGPI,8,7,5,5,departures,0.625,0.625
ESMX,8,6,6,6,departures,0.75,0.75
EFTP,8,5,5,5,departures,0.625,0.625
EDHI,8,8,0,0,departures,0.0,0.0
LFSL,8,8,8,8,departures,1.0,1.0
EDLN,8,8,4,4,departures,0.5,0.5
LGST,8,2,0,0,departures,0.0,0.0
LEBZ,8,7,7,7,departures,0.875,0.875
EBKT,8,8,8,8,arrivals,1.0,1.0
ENNA,8,7,0,0,arrivals,0.0,0.0
LQTZ,8,7,7,8,arrivals,0.875,1.0
EFMA,8,2,2,2,arrivals,0.25,0.25
LFSL,8,8,8,8,arrivals,1.0,1.0
LSMP,8,8,7,7,arrivals,0.875,0.875
EGPI,8,8,1,2,arrivals,0.125,0.25
ESMX,8,4,4,5,arrivals,0.5,0.625
ESTA,8,8,4,4,arrivals,0.5,0.5
LFLB,8,8,8,8,arrivals,1.0,1.0
LKPD,8,7,7,12,arrivals,0.875,1.5
BIEG,8,0,0,0,arrivals,0.0,0.0
LFOT,8,8,8,9,arrivals,1.0,1.125
LDOS,8,4,4,4,arrivals,0.5,0.5
LGST,8,2,0,0,arrivals,0.0,0.0
ESSL,7,7,6,7,departures,0.8571428571428571,1.0
LHDC,7,6,6,7,departures,0.8571428571428571,1.0
EGPL,7,0,0,0,departures,0.0,0.0
UUBW,7,1,0,0,departures,0.0,0.0
EKOD,7,7,7,7,departures,1.0,1.0
BIIS,7,6,0,0,departures,0.0,0.0
EIDL,7,7,7,7,departures,1.0,1.0
OITT,7,0,0,0,departures,0.0,0.0
LTCW,7,0,0,0,departures,0.0,0.0
EDRY,7,7,0,0,departures,0.0,0.0
ENNM,7,6,0,0,departures,0.0,0.0
ESNQ,7,6,6,6,departures,0.8571428571428571,0.8571428571428571
HEBA,7,7,7,7,departures,1.0,1.0
LIBF,7,0,0,0,departures,0.0,0.0
EDTL,7,7,7,7,departures,1.0,1.0
DABB,7,0,0,0,arrivals,0.0,0.0
BIIS,7,4,0,0,arrivals,0.0,0.0
LIMP,7,5,5,5,arrivals,0.7142857142857143,0.7142857142857143
LEBZ,7,7,7,7,arrivals,1.0,1.0
EGPR,7,1,0,3,arrivals,0.0,0.42857142857142855
LTCW,7,0,0,0,arrivals,0.0,0.0
EDTY,7,7,7,8,arrivals,1.0,1.1428571428571428
EGPL,7,4,0,0,arrivals,0.0,0.0
EIDL,7,7,7,7,arrivals,1.0,1.0
OITT,7,0,0,0,arrivals,0.0,0.0
EDTL,7,7,7,7,arrivals,1.0,1.0
EDHI,7,7,0,0,arrivals,0.0,0.0
ENJS,7,1,0,0,arrivals,0.0,0.0
ESNQ,7,6,6,6,arrivals,0.8571428571428571,0.8571428571428571
DABB,6,0,0,0,departures,0.0,0.0
ENDU,6,2,2,15,departures,0.3333333333333333,2.5
EDHL,6,6,6,6,departures,1.0,1.0
EHJA,6,6,0,0,departures,0.0,0.0
HEMM,6,0,0,0,departures,0.0,0.0
ESNL,6,0,0,0,departures,0.0,0.0
EFJO,6,6,6,6,departures,1.0,1.0
ENRM,6,6,6,14,departures,1.0,2.3333333333333335
EFIV,6,2,0,0,departures,0.0,0.0
EDVK,6,4,4,4,departures,0.6666666666666666,0.6666666666666666
HEAL,6,1,1,1,departures,0.16666666666666666,0.16666666666666666
EGPU,6,2,0,0,departures,0.0,0.0
ESOE,6,6,6,6,departures,1.0,1.0
ESKM,6,3,0,0,departures,0.0,0.0
ENSO,6,6,6,6,departures,1.0,1.0
ESNK,6,0,0,0,departures,0.0,0.0
LPVZ,6,6,0,0,departures,0.0,0.0
LTCU,6,0,0,0,departures,0.0,0.0
LPPM,6,6,6,7,departures,1.0,1.1666666666666667
URML,6,0,0,0,departures,0.0,0.0
EGNR,6,6,4,4,departures,0.6666666666666666,0.6666666666666666
EFKE,6,2,0,0,departures,0.0,0.0
LHDC,6,3,3,5,arrivals,0.5,0.8333333333333334
LFEC,6,0,0,0,arrivals,0.0,0.0
EDHL,6,6,6,6,arrivals,1.0,1.0
LGLE,6,6,0,0,arrivals,0.0,0.0
ESNL,6,0,0,0,arrivals,0.0,0.0
ENRM,6,6,6,21,arrivals,1.0,3.5
EFIV,6,2,0,0,arrivals,0.0,0.0
EDVK,6,4,4,5,arrivals,0.6666666666666666,0.8333333333333334
ENLE,6,2,0,0,arrivals,0.0,0.0
HEAL,6,4,2,2,arrivals,0.3333333333333333,0.3333333333333333
EDRY,6,5,0,0,arrivals,0.0,0.0
ENNM,6,5,0,0,arrivals,0.0,0.0
LIMZ,6,6,6,6,arrivals,1.0,1.0
EGPU,6,2,1,3,arrivals,0.16666666666666666,0.5
EFTP,6,4,4,4,arrivals,0.6666666666666666,0.6666666666666666
ESOE,6,6,6,7,arrivals,1.0,1.1666666666666667
HEBA,6,5,5,7,arrivals,0.8333333333333334,1.1666666666666667
LWOH,6,0,0,3,arrivals,0.0,0.5
ESKM,6,3,0,0,arrivals,0.0,0.0
EFJO,6,6,4,4,arrivals,0.6666666666666666,0.6666666666666666
ESNK,6,0,0,1,arrivals,0.0,0.16666666666666666
LFLI,6,6,0,0,arrivals,0.0,0.0
LTCU,6,0,0,0,arrivals,0.0,0.0
ESSL,6,6,6,7,arrivals,1.0,1.1666666666666667
ENSO,6,6,6,8,arrivals,1.0,1.3333333333333333
EFJY,5,5,5,5,departures,1.0,1.0
GMMZ,5,2,0,0,departures,0.0,0.0
LGLE,5,4,0,0,departures,0.0,0.0
ESNX,5,0,0,0,departures,0.0,0.0
ENRS,5,5,0,0,departures,0.0,0.0
ORMM,5,5,5,5,departures,1.0,1.0
LGKC,5,0,0,0,departures,0.0,0.0
EDAH,5,3,3,3,departures,0.6,0.6
LTCL,5,0,0,0,departures,0.0,0.0
EGEC,5,0,0,2,departures,0.0,0.4
DAAS,5,0,0,0,departures,0.0,0.0
LWOH,5,1,1,2,departures,0.2,0.4
LRTM,5,5,5,6,departures,1.0,1.2
LGKY,5,5,0,0,departures,0.0,0.0
EFKI,5,5,5,5,departures,1.0,1.0
LIMZ,5,5,5,5,departures,1.0,1.0
EEKE,5,5,5,5,departures,1.0,1.0
ENHE,5,0,0,0,departures,0.0,0.0
LTAW,5,0,0,1,departures,0.0,0.2
ENFB,5,0,0,0,departures,0.0,0.0
EFKK,5,5,5,5,departures,1.0,1.0
LTCM,5,2,0,0,departures,0.0,0.0
EEKA,5,0,0,0,departures,0.0,0.0
ENLE,5,2,0,0,departures,0.0,0.0
ESNG,5,0,0,0,departures,0.0,0.0
LFLI,5,5,0,0,departures,0.0,0.0
LFJL,5,4,4,4,departures,0.8,0.8
ESGT,5,2,2,2,departures,0.4,0.4
LFEC,5,0,0,0,departures,0.0,0.0
EETU,5,5,4,4,departures,0.8,0.8
ESDF,5,5,5,5,departures,1.0,1.0
LFLB,5,5,5,6,departures,1.0,1.2
GMMZ,5,2,0,0,arrivals,0.0,0.0
LRTM,5,4,2,31,arrivals,0.4,6.2
ENDU,5,4,4,9,arrivals,0.8,1.8
LESA,5,5,5,5,arrivals,1.0,1.0
EGVN,5,2,2,2,arrivals,0.4,0.4
HEMM,5,0,0,0,arrivals,0.0,0.0
LFRG,5,5,5,9,arrivals,1.0,1.8
ENRS,5,4,0,0,arrivals,0.0,0.0
LTCM,5,0,0,0,arrivals,0.0,0.0
EEKA,5,0,0,1,arrivals,0.0,0.2
ENOA,5,2,0,0,arrivals,0.0,0.0
UBBG,5,0,0,0,arrivals,0.0,0.0
EPSY,5,4,2,5,arrivals,0.4,1.0
LTCL,5,0,0,0,arrivals,0.0,0.0
LSZS,5,5,5,5,arrivals,1.0,1.0
EEKE,5,5,5,5,arrivals,1.0,1.0
URMG,5,0,0,0,arrivals,0.0,0.0
LTAW,5,0,0,1,arrivals,0.0,0.2
EGEC,5,0,0,7,arrivals,0.0,1.4
EKDF,5,5,0,0,arrivals,0.0,0.0
LGKC,5,0,0,0,arrivals,0.0,0.0
EDAH,5,3,3,9,arrivals,0.6,1.8
ESNG,5,0,0,0,arrivals,0.0,0.0
LPVZ,5,5,2,3,arrivals,0.4,0.6
EFKI,5,5,5,5,arrivals,1.0,1.0
LPPM,5,5,5,8,arrivals,1.0,1.6
ENHE,5,0,0,0,arrivals,0.0,0.0
DAAS,5,1,1,1,arrivals,0.2,0.2
ORMM,5,1,1,1,arrivals,0.2,0.2
LFJL,5,5,5,5,arrivals,1.0,1.0
LGSO,4,4,0,0,departures,0.0,0.0
ESMT,4,3,3,4,departures,0.75,1.0
ESOH,4,4,0,0,departures,0.0,0.0
ESOK,4,1,1,1,departures,0.25,0.25
LFRH,4,4,4,4,departures,1.0,1.0
EPRA,4,4,4,4,departures,1.0,1.0
LESA,4,4,4,4,departures,1.0,1.0
LESU,4,4,4,4,departures,1.0,1.0
EDQG,4,4,0,0,departures,0.0,0.0
LGBL,4,4,4,4,departures,1.0,1.0
LFRD,4,4,4,4,departures,1.0,1.0
LECU,4,3,3,3,departures,0.75,0.75
UWSG,4,1,1,1,departures,0.25,0.25
LEVD,4,4,4,4,departures,1.0,1.0
ESSP,4,4,4,4,departures,1.0,1.0
LKCS,4,4,4,4,departures,1.0,1.0
LZTT,4,4,4,4,departures,1.0,1.0
ENGC,4,0,0,0,departures,0.0,0.0
ESMQ,4,4,4,5,departures,1.0,1.25
ESND,4,0,0,0,departures,0.0,0.0
EDAZ,4,4,0,0,departures,0.0,0.0
LTFC,4,0,0,4,departures,0.0,1.0
LFLW,4,0,0,0,departures,0.0,0.0
LGKS,4,0,0,0,departures,0.0,0.0
ESNV,4,0,0,0,departures,0.0,0.0
EFKT,4,1,1,1,departures,0.25,0.25
LFOZ,4,4,0,0,departures,0.0,0.0
LFRT,4,4,3,3,departures,0.75,0.75
LKHK,4,4,0,0,departures,0.0,0.0
LSZA,4,4,4,4,departures,1.0,1.0
ENRO,4,4,4,4,departures,1.0,1.0
LFCK,4,4,4,4,departures,1.0,1.0
LTAP,4,0,0,0,departures,0.0,0.0
LFPN,4,4,0,0,departures,0.0,0.0
LSGL,4,3,0,0,departures,0.0,0.0
ENSR,4,0,0,28,departures,0.0,7.0
ESGJ,4,1,1,1,departures,0.25,0.25
EPZG,4,4,4,4,departures,1.0,1.0
ORKK,4,0,0,0,departures,0.0,0.0
URWW,4,0,0,0,departures,0.0,0.0
EKDF,4,3,0,0,departures,0.0,0.0
LJPZ,4,3,2,2,departures,0.5,0.5
ESDF,4,4,4,8,arrivals,1.0,2.0
EFJY,4,4,4,4,arrivals,1.0,1.0
ESOH,4,3,0,0,arrivals,0.0,0.0
EETU,4,3,3,3,arrivals,0.75,0.75
EDQG,4,4,0,0,arrivals,0.0,0.0
EFKK,4,4,4,4,arrivals,1.0,1.0
ESNX,4,0,0,0,arrivals,0.0,0.0
EDRZ,4,4,0,0,arrivals,0.0,0.0
LSZA,4,4,4,4,arrivals,1.0,1.0
ESSP,4,4,4,4,arrivals,1.0,1.0
LKCS,4,4,4,6,arrivals,1.0,1.5
EFKE,4,1,0,0,arrivals,0.0,0.0
LFCK,4,4,4,4,arrivals,1.0,1.0
ENGC,4,0,0,0,arrivals,0.0,0.0
ESND,4,0,0,0,arrivals,0.0,0.0
EDAZ,4,4,0,0,arrivals,0.0,0.0
LTAP,4,0,0,0,arrivals,0.0,0.0
ENXO,4,1,0,0,arrivals,0.0,0.0
LFLW,4,0,0,0,arrivals,0.0,0.0
ESNV,4,0,0,0,arrivals,0.0,0.0
EFKT,4,1,1,1,arrivals,0.25,0.25
LFLX,4,4,3,3,arrivals,0.75,0.75
EGNO,4,4,4,5,arrivals,1.0,1.25
LGSO,4,4,0,0,arrivals,0.0,0.0
LTAS,4,3,3,4,arrivals,0.75,1.0
ESOK,4,1,1,1,arrivals,0.25,0.25
LFRH,4,4,4,4,arrivals,1.0,1.0
LGBL,4,2,2,2,arrivals,0.5,0.5
LKHK,4,4,0,0,arrivals,0.0,0.0
UWSG,4,1,1,1,arrivals,0.25,0.25
LGPL,4,4,0,0,arrivals,0.0,0.0
LGKY,4,4,0,0,arrivals,0.0,0.0
LEVD,4,4,4,4,arrivals,1.0,1.0
LZTT,4,4,4,4,arrivals,1.0,1.0
ENQG,4,0,0,0,arrivals,0.0,0.0
LSGL,4,3,0,0,arrivals,0.0,0.0
ESGT,4,1,1,1,arrivals,0.25,0.25
ENSR,4,0,0,59,arrivals,0.0,14.75
URMO,4,0,0,1,arrivals,0.0,0.25
ESGJ,4,1,1,1,arrivals,0.25,0.25
ENQS,4,0,0,0,arrivals,0.0,0.0
LDLO,4,2,0,0,arrivals,0.0,0.0
LTFC,4,1,1,9,arrivals,0.25,2.25
LRBM,4,3,0,1,arrivals,0.0,0.25
LGKS,4,0,0,0,arrivals,0.0,0.0
LZPP,4,4,4,4,arrivals,1.0,1.0
EHLL,4,4,0,0,arrivals,0.0,0.0
GMTA,3,3,3,3,departures,1.0,1.0
URMO,3,0,0,0,departures,0.0,0.0
ENQA,3,2,0,0,departures,0.0,0.0
LFBI,3,3,3,3,departures,1.0,1.0
EGMD,3,3,2,2,departures,0.6666666666666666,0.6666666666666666
LFHP,3,3,0,0,departures,0.0,0.0
EFKS,3,0,0,0,departures,0.0,0.0
ESNN,3,3,3,3,departures,1.0,1.0
LELN,3,3,3,3,departures,1.0,1.0
LGSY,3,0,0,0,departures,0.0,0.0
BIBD,3,3,1,1,departures,0.3333333333333333,0.3333333333333333
ETAR,3,3,3,3,departures,1.0,1.0
ENWS,3,0,0,0,departures,0.0,0.0
OSDI,3,0,0,0,departures,0.0,0.0
LTAL,3,0,0,0,departures,0.0,0.0
LPBJ,3,2,2,2,departures,0.6666666666666666,0.6666666666666666
ENXO,3,1,0,0,departures,0.0,0.0
EDTM,3,3,3,3,departures,1.0,1.0
URMG,3,1,0,0,departures,0.0,0.0
EGNO,3,3,3,3,departures,1.0,1.0
EKHA,3,3,0,0,departures,0.0,0.0
ENOL,3,1,1,1,departures,0.3333333333333333,0.3333333333333333
ENOA,3,0,0,0,departures,0.0,0.0
ESUP,3,0,0,0,departures,0.0,0.0
LFLS,3,3,3,3,departures,1.0,1.0
LSZS,3,3,3,3,departures,1.0,1.0
BIHN,3,0,0,0,departures,0.0,0.0
LFAT,3,2,2,2,departures,0.6666666666666666,0.6666666666666666
LRBM,3,1,0,0,departures,0.0,0.0
LRCK,3,3,2,2,departures,0.6666666666666666,0.6666666666666666
ENWV,3,0,0,0,departures,0.0,0.0
LTBH,3,3,3,3,departures,1.0,1.0
ESNO,3,1,1,1,departures,0.3333333333333333,0.3333333333333333
DTTX,3,0,0,0,departures,0.0,0.0
UDSG,3,0,0,0,departures,0.0,0.0
ENWY,3,0,0,0,departures,0.0,0.0
ENSL,3,0,0,0,departures,0.0,0.0
OJAM,3,0,0,5,departures,0.0,1.6666666666666667
LDLO,3,1,0,0,departures,0.0,0.0
ENSE,3,0,0,0,departures,0.0,0.0
ENQO,3,2,0,0,departures,0.0,0.0
ENOC,3,0,0,0,departures,0.0,0.0
EGLK,3,3,3,3,departures,1.0,1.0
ESOW,3,3,3,3,departures,1.0,1.0
LTAS,3,0,0,0,departures,0.0,0.0
EGNH,3,3,3,3,departures,1.0,1.0
GMMB,3,1,0,0,departures,0.0,0.0
EDGS,3,3,3,3,departures,1.0,1.0
LSZC,3,3,0,0,departures,0.0,0.0
ENQA,3,3,0,0,arrivals,0.0,0.0
EPRA,3,3,3,6,arrivals,1.0,2.0
EHJA,3,3,0,0,arrivals,0.0,0.0
LECU,3,3,3,3,arrivals,1.0,1.0
ESNO,3,1,0,17,arrivals,0.0,5.666666666666667
LELN,3,3,3,3,arrivals,1.0,1.0
LGSY,3,0,0,0,arrivals,0.0,0.0
ENRO,3,3,3,3,arrivals,1.0,1.0
ENWS,3,0,0,0,arrivals,0.0,0.0
UDSG,3,0,0,0,arrivals,0.0,0.0
ESUT,3,0,0,0,arrivals,0.0,0.0
ESMQ,3,3,3,14,arrivals,1.0,4.666666666666667
LTAL,3,0,0,0,arrivals,0.0,0.0
OJAM,3,2,1,48,arrivals,0.3333333333333333,16.0
BIHN,3,0,0,0,arrivals,0.0,0.0
EHFB,3,0,0,0,arrivals,0.0,0.0
LFOH,3,3,0,0,arrivals,0.0,0.0
EDTM,3,3,3,3,arrivals,1.0,1.0
ULAA,3,0,0,0,arrivals,0.0,0.0
ESOW,3,3,3,3,arrivals,1.0,1.0
EKHA,3,3,0,0,arrivals,0.0,0.0
LFRD,3,3,3,3,arrivals,1.0,1.0
EFKS,3,0,0,0,arrivals,0.0,0.0
DTTX,3,0,0,0,arrivals,0.0,0.0
BIBD,3,2,0,0,arrivals,0.0,0.0
OSDI,3,0,0,0,arrivals,0.0,0.0
EGNH,3,2,2,2,arrivals,0.6666666666666666,0.6666666666666666
LFOZ,3,3,0,0,arrivals,0.0,0.0
ENFB,3,0,0,0,arrivals,0.0,0.0
GMTA,3,3,3,3,arrivals,1.0,1.0
ESMT,3,3,2,7,arrivals,0.6666666666666666,2.3333333333333335
ENWV,3,0,0,0,arrivals,0.0,0.0
LFRC,3,3,3,4,arrivals,1.0,1.3333333333333333
LFLU,3,3,3,4,arrivals,1.0,1.3333333333333333
LFBI,3,3,2,2,arrivals,0.6666666666666666,0.6666666666666666
LFHP,3,2,0,0,arrivals,0.0,0.0
ESUP,3,0,0,0,arrivals,0.0,0.0
ENWY,3,0,0,0,arrivals,0.0,0.0
LFLS,3,2,2,2,arrivals,0.6666666666666666,0.6666666666666666
ENSL,3,0,0,0,arrivals,0.0,0.0
GMMB,3,2,0,0,arrivals,0.0,0.0
URWW,3,0,0,0,arrivals,0.0,0.0
LFMQ,3,3,3,3,arrivals,1.0,1.0
LTBH,3,3,3,3,arrivals,1.0,1.0
ENOC,3,2,0,0,arrivals,0.0,0.0
EDGS,3,3,3,3,arrivals,1.0,1.0
EPZG,3,1,1,4,arrivals,0.3333333333333333,1.3333333333333333
LDRG,2,1,0,0,departures,0.0,0.0
ENQE,2,1,0,0,departures,0.0,0.0
LFOK,2,2,2,2,departures,1.0,1.0
LEGT,2,2,2,2,departures,1.0,1.0
ENGA,2,0,0,0,departures,0.0,0.0
LEAB,2,2,2,2,departures,1.0,1.0
LFLU,2,2,2,2,departures,1.0,1.0
EGVN,2,2,2,2,departures,1.0,1.0
LIBG,2,0,0,0,departures,0.0,0.0
LTBZ,2,2,0,0,departures,0.0,0.0
EIWF,2,2,1,1,departures,0.5,0.5
EGNL,2,2,2,3,departures,1.0,1.5
EHPK,2,2,0,0,departures,0.0,0.0
DAUB,2,0,0,0,departures,0.0,0.0
DAOI,2,2,2,2,departures,1.0,1.0
EGFE,2,2,2,2,departures,1.0,1.0
GMMD,2,0,0,0,departures,0.0,0.0
LFLX,2,2,2,2,departures,1.0,1.0
LSTS,2,2,0,0,departures,0.0,0.0
LGKJ,2,0,0,0,departures,0.0,0.0
LFMQ,2,2,2,2,departures,1.0,1.0
EHKJ,2,2,0,0,departures,0.0,0.0
ESST,2,2,2,5,departures,1.0,2.5
GMAT,2,1,0,0,departures,0.0,0.0
LSGC,2,2,2,2,departures,1.0,1.0
LFRV,2,2,2,2,departures,1.0,1.0
ENQJ,2,1,0,0,departures,0.0,0.0
LFGA,2,1,1,1,departures,0.5,0.5
ORNI,2,0,0,0,departures,0.0,0.0
ESUT,2,0,0,0,departures,0.0,0.0
LFQG,2,2,1,1,departures,0.5,0.5
ENQD,2,1,0,0,departures,0.0,0.0
LTBY,2,1,1,1,departures,0.5,0.5
OENN,2,0,0,0,departures,0.0,0.0
ETND,2,2,2,2,departures,1.0,1.0
ENXW,2,1,0,0,departures,0.0,0.0
LFRC,2,2,2,2,departures,1.0,1.0
ENUA,2,0,0,0,departures,0.0,0.0
EHGQ,2,2,0,0,departures,0.0,0.0
LGPL,2,1,0,0,departures,0.0,0.0
LFPT,2,2,2,3,departures,1.0,1.5
LJMB,2,2,1,2,departures,0.5,1.0
ENQS,2,0,0,0,departures,0.0,0.0
BITN,2,0,0,0,departures,0.0,0.0
ENQC,2,2,0,0,departures,0.0,0.0
EHFB,2,1,0,0,departures,0.0,0.0
LFOH,2,2,0,0,departures,0.0,0.0
ULAA,2,0,0,0,departures,0.0,0.0
ENWA,2,2,0,0,departures,0.0,0.0
LTAG,2,0,0,0,departures,0.0,0.0
LTBU,2,2,2,2,departures,1.0,1.0
EHLL,2,2,0,0,departures,0.0,0.0
EGPC,2,0,0,17,departures,0.0,8.5
EDXQ,2,2,0,0,departures,0.0,0.0
LRSM,2,1,1,1,departures,0.5,0.5
LKKV,2,2,2,2,departures,1.0,1.0
LZPP,2,2,2,2,departures,1.0,1.0
HLMS,2,0,0,0,departures,0.0,0.0
ENQV,2,0,0,0,departures,0.0,0.0
BIVO,2,0,0,0,departures,0.0,0.0
LEDA,2,1,1,1,departures,0.5,0.5
LSGK,2,2,0,0,departures,0.0,0.0
EGBJ,2,2,2,2,departures,1.0,1.0
ENNE,2,0,0,0,departures,0.0,0.0
LFAC,2,2,2,2,departures,1.0,1.0
ENQE,2,0,0,0,arrivals,0.0,0.0
LTBU,2,1,1,25,arrivals,0.5,12.5
ESST,2,2,2,5,arrivals,1.0,2.5
ENUD,2,0,0,0,arrivals,0.0,0.0
ENQR,2,0,0,0,arrivals,0.0,0.0
LEAB,2,2,2,3,arrivals,1.0,1.5
DTTZ,2,0,0,0,arrivals,0.0,0.0
EHPG,2,2,0,0,arrivals,0.0,0.0
EDMS,2,2,0,0,arrivals,0.0,0.0
ENUA,2,0,0,0,arrivals,0.0,0.0
LSGK,2,2,0,0,arrivals,0.0,0.0
OJAQ,2,0,0,1,arrivals,0.0,0.5
EGNL,2,2,2,3,arrivals,1.0,1.5
ORKK,2,0,0,0,arrivals,0.0,0.0
HLMS,2,0,0,0,arrivals,0.0,0.0
LRCK,2,0,0,0,arrivals,0.0,0.0
LFOK,2,1,1,2,arrivals,0.5,1.0
EHKJ,2,2,0,0,arrivals,0.0,0.0
GMAT,2,2,0,0,arrivals,0.0,0.0
LESU,2,2,2,2,arrivals,1.0,1.0
EGMD,2,2,2,3,arrivals,1.0,1.5
LFJR,2,2,2,2,arrivals,1.0,1.0
ESNN,2,2,2,2,arrivals,1.0,1.0
LSGC,2,2,2,2,arrivals,1.0,1.0
LFRV,2,2,2,2,arrivals,1.0,1.0
ENQJ,2,1,0,0,arrivals,0.0,0.0
LTBZ,2,2,0,0,arrivals,0.0,0.0
EBMB,2,2,0,0,arrivals,0.0,0.0
ORNI,2,0,0,0,arrivals,0.0,0.0
DAOI,2,1,1,1,arrivals,0.5,0.5
LKKV,2,1,1,1,arrivals,0.5,0.5
LFAT,2,2,1,1,arrivals,0.5,0.5
GMMD,2,0,0,0,arrivals,0.0,0.0
LFQG,2,2,1,1,arrivals,0.5,0.5
ENQD,2,1,0,0,arrivals,0.0,0.0
LTAG,2,0,0,0,arrivals,0.0,0.0
ENXW,2,1,0,0,arrivals,0.0,0.0
LFRT,2,2,1,1,arrivals,0.5,0.5
BIVO,2,0,0,0,arrivals,0.0,0.0
LEGT,2,2,2,2,arrivals,1.0,1.0
ENWE,2,0,0,0,arrivals,0.0,0.0
LIBG,2,0,0,0,arrivals,0.0,0.0
EKHB,2,2,0,0,arrivals,0.0,0.0
LFPT,2,2,2,2,arrivals,1.0,1.0
LJMB,2,2,1,2,arrivals,0.5,1.0
LFAC,2,2,2,2,arrivals,1.0,1.0
EDLN,2,2,1,1,arrivals,0.5,0.5
EGBJ,2,2,2,2,arrivals,1.0,1.0
EDFZ,2,2,2,2,arrivals,1.0,1.0
ENWA,2,1,0,0,arrivals,0.0,0.0
LFSN,2,2,1,2,arrivals,0.5,1.0
ETND,2,2,2,2,arrivals,1.0,1.0
ENSE,2,0,0,0,arrivals,0.0,0.0
ENQO,2,1,0,0,arrivals,0.0,0.0
LOAN,2,2,2,3,arrivals,1.0,1.5
ENNE,2,0,0,0,arrivals,0.0,0.0
ENQV,2,0,0,0,arrivals,0.0,0.0
LEDA,2,1,1,5,arrivals,0.5,2.5
EGPC,2,0,0,16,arrivals,0.0,8.0
EHKV,2,2,0,0,arrivals,0.0,0.0
EGLK,2,2,2,2,arrivals,1.0,1.0
BITN,2,0,0,0,arrivals,0.0,0.0
LTBY,2,1,1,1,arrivals,0.5,0.5
OENN,2,0,0,0,arrivals,0.0,0.0
EHJR,2,2,0,0,arrivals,0.0,0.0
DAUB,2,0,0,0,arrivals,0.0,0.0
EYSA,1,1,1,1,departures,1.0,1.0
LKMH,1,1,0,0,departures,0.0,0.0
LCRA,1,1,1,3,departures,1.0,3.0
EHTW,1,1,1,1,departures,1.0,1.0
ENQR,1,0,0,0,departures,0.0,0.0
EBSP,1,1,0,0,departures,0.0,0.0
LKKU,1,1,1,1,departures,1.0,1.0
EHPG,1,1,0,0,departures,0.0,0.0
ENRY,1,1,1,2,departures,1.0,2.0
EDMS,1,1,0,0,departures,0.0,0.0
LFBF,1,1,0,0,departures,0.0,0.0
LFSG,1,1,1,1,departures,1.0,1.0
LFJR,1,1,1,1,departures,1.0,1.0
LGKZ,1,1,1,2,departures,1.0,2.0
ENUE,1,0,0,0,departures,0.0,0.0
ULWC,1,0,0,0,departures,0.0,0.0
EHAK,1,0,0,0,departures,0.0,0.0
ENQM,1,1,0,0,departures,0.0,0.0
UWPS,1,0,0,0,departures,0.0,0.0
EDFZ,1,1,1,2,departures,1.0,2.0
EIWT,1,1,0,0,departures,0.0,0.0
UUBI,1,0,0,0,departures,0.0,0.0
EBCV,1,1,1,1,departures,1.0,1.0
EHGN,1,1,0,0,departures,0.0,0.0
OIGG,1,0,0,0,departures,0.0,0.0
EDAY,1,1,0,0,departures,0.0,0.0
USKK,1,0,0,0,departures,0.0,0.0
LFLD,1,1,1,1,departures,1.0,1.0
UBBL,1,0,0,0,departures,0.0,0.0
LFRO,1,1,1,1,departures,1.0,1.0
OJAQ,1,0,0,0,departures,0.0,0.0
LFCI,1,1,1,1,departures,1.0,1.0
EDTD,1,1,1,1,departures,1.0,1.0
EGOV,1,1,1,1,departures,1.0,1.0
LFBA,1,1,1,1,departures,1.0,1.0
DABT,1,0,0,0,departures,0.0,0.0
EGBK,1,1,0,0,departures,0.0,0.0
ENUN,1,0,0,0,departures,0.0,0.0
ENQG,1,0,0,0,departures,0.0,0.0
LFLA,1,1,1,1,departures,1.0,1.0
URWA,1,0,0,0,departures,0.0,0.0
LFCH,1,1,1,1,departures,1.0,1.0
ENDR,1,0,0,0,departures,0.0,0.0
EPBC,1,0,0,0,departures,0.0,0.0
ENLA,1,1,0,0,departures,0.0,0.0
LFGF,1,1,0,0,departures,0.0,0.0
EDQM,1,1,1,1,departures,1.0,1.0
LOLW,1,1,0,0,departures,0.0,0.0
ULPB,1,0,0,0,departures,0.0,0.0
EPPW,1,0,0,0,departures,0.0,0.0
ENWI,1,0,0,0,departures,0.0,0.0
LFAQ,1,1,0,0,departures,0.0,0.0
UGSA,1,0,0,0,departures,0.0,0.0
ENUK,1,0,0,0,departures,0.0,0.0
BIGJ,1,1,0,0,departures,0.0,0.0
EDBC,1,1,0,0,departures,0.0,0.0
EPWK,1,0,0,0,departures,0.0,0.0
DAUG,1,0,0,0,departures,0.0,0.0
LRAR,1,1,1,5,departures,1.0,5.0
EFLP,1,0,0,0,departures,0.0,0.0
LHPR,1,1,1,1,departures,1.0,1.0
EDMV,1,0,0,0,departures,0.0,0.0
EDBM,1,1,0,0,departures,0.0,0.0
LEBA,1,1,1,1,departures,1.0,1.0
ENUD,1,0,0,0,departures,0.0,0.0
LKJI,1,1,0,0,departures,0.0,0.0
ENWK,1,0,0,0,departures,0.0,0.0
EGHL,1,1,1,1,departures,1.0,1.0
ENBE,1,0,0,0,departures,0.0,0.0
EGEO,1,1,0,0,departures,0.0,0.0
DAAV,1,0,0,0,departures,0.0,0.0
ESMK,1,1,1,1,departures,1.0,1.0
EKGC,1,1,0,0,departures,0.0,0.0
LGTG,1,1,1,1,departures,1.0,1.0
EDTF,1,1,0,0,departures,0.0,0.0
LGKA,1,1,0,0,departures,0.0,0.0
EHLE,1,1,1,1,departures,1.0,1.0
UBBF,1,0,0,0,departures,0.0,0.0
EDFE,1,1,0,0,departures,0.0,0.0
ULMM,1,0,0,0,departures,0.0,0.0
LFOP,1,1,1,1,departures,1.0,1.0
EDWF,1,1,0,0,departures,0.0,0.0
ENWE,1,0,0,0,departures,0.0,0.0
LFHS,1,1,0,0,departures,0.0,0.0
DTTZ,1,0,0,0,departures,0.0,0.0
LFMH,1,1,1,4,departures,1.0,4.0
EHKV,1,1,0,0,departures,0.0,0.0
EKHB,1,1,0,0,departures,0.0,0.0
EDRZ,1,1,0,0,departures,0.0,0.0
EGUB,1,1,1,1,departures,1.0,1.0
EHFD,1,1,0,0,departures,0.0,0.0
UMII,1,0,0,0,departures,0.0,0.0
LOIH,1,1,0,0,departures,0.0,0.0
LIMG,1,1,1,1,departures,1.0,1.0
EKSI,1,1,0,0,departures,0.0,0.0
EPCD,1,1,0,0,departures,0.0,0.0
LSZG,1,1,1,2,departures,1.0,2.0
EHQM,1,1,0,0,departures,0.0,0.0
UUBC,1,0,0,0,departures,0.0,0.0
LKRO,1,1,0,0,departures,0.0,0.0
DAUH,1,0,0,0,departures,0.0,0.0
LFRI,1,1,1,1,departures,1.0,1.0
EHJR,1,1,0,0,departures,0.0,0.0
LFLH,1,1,0,0,departures,0.0,0.0
ENUS,1,0,0,0,departures,0.0,0.0
ENRK,1,1,0,0,departures,0.0,0.0
ENQK,1,0,0,0,departures,0.0,0.0
ENSF,1,0,0,0,departures,0.0,0.0
LIRJ,1,0,0,0,departures,0.0,0.0
LYKV,1,0,0,4,departures,0.0,4.0
LPEV,1,1,1,1,departures,1.0,1.0
ENQB,1,1,0,0,departures,0.0,0.0
EBMB,1,1,0,0,departures,0.0,0.0
LKPM,1,1,0,0,departures,0.0,0.0
GMAZ,1,1,0,0,departures,0.0,0.0
EGSC,1,1,1,1,departures,1.0,1.0
EHKS,1,1,0,0,departures,0.0,0.0
EHJC,1,1,0,0,departures,0.0,0.0
EKTE,1,1,0,0,departures,0.0,0.0
ENQL,1,1,0,0,departures,0.0,0.0
LFLO,1,1,1,1,departures,1.0,1.0
UUBC,1,0,0,2,arrivals,0.0,2.0
LKMH,1,1,0,0,arrivals,0.0,0.0
UBBL,1,0,0,0,arrivals,0.0,0.0
ENGA,1,0,0,0,arrivals,0.0,0.0
LFSG,1,1,1,2,arrivals,1.0,2.0
LIQS,1,1,0,0,arrivals,0.0,0.0
LFGA,1,1,1,2,arrivals,1.0,2.0
ENQM,1,0,0,0,arrivals,0.0,0.0
EDLE,1,1,0,0,arrivals,0.0,0.0
EDBC,1,1,0,0,arrivals,0.0,0.0
LRSM,1,0,0,6,arrivals,0.0,6.0
EIWT,1,1,0,0,arrivals,0.0,0.0
LSZC,1,1,0,0,arrivals,0.0,0.0
UUBI,1,0,0,0,arrivals,0.0,0.0
EGTF,1,1,0,0,arrivals,0.0,0.0
LDRG,1,1,0,0,arrivals,0.0,0.0
URWA,1,0,0,0,arrivals,0.0,0.0
EKAR,1,1,0,0,arrivals,0.0,0.0
LEBA,1,0,0,0,arrivals,0.0,0.0
ULPB,1,0,0,0,arrivals,0.0,0.0
EDTD,1,1,1,2,arrivals,1.0,2.0
LYKV,1,0,0,13,arrivals,0.0,13.0
EGOV,1,1,1,3,arrivals,1.0,3.0
UMII,1,0,0,0,arrivals,0.0,0.0
LFBA,1,1,1,1,arrivals,1.0,1.0
EDAQ,1,1,0,0,arrivals,0.0,0.0
UWPS,1,0,0,0,arrivals,0.0,0.0
DABT,1,1,0,0,arrivals,0.0,0.0
EGBK,1,1,0,0,arrivals,0.0,0.0
EGFE,1,1,1,1,arrivals,1.0,1.0
ENUN,1,0,0,0,arrivals,0.0,0.0
USKK,1,0,0,0,arrivals,0.0,0.0
LFLA,1,1,1,1,arrivals,1.0,1.0
EDBM,1,1,0,0,arrivals,0.0,0.0
ENDR,1,0,0,0,arrivals,0.0,0.0
EHLI,1,1,0,0,arrivals,0.0,0.0
ENLA,1,1,0,0,arrivals,0.0,0.0
EDQM,1,1,1,1,arrivals,1.0,1.0
LPVR,1,1,1,6,arrivals,1.0,6.0
LOLW,1,0,0,0,arrivals,0.0,0.0
EHGQ,1,1,0,0,arrivals,0.0,0.0
EPPW,1,0,0,13,arrivals,0.0,13.0
EPNT,1,0,0,0,arrivals,0.0,0.0
EDXQ,1,1,0,0,arrivals,0.0,0.0
LPEV,1,1,1,1,arrivals,1.0,1.0
ENUK,1,0,0,0,arrivals,0.0,0.0
EHKE,1,1,0,0,arrivals,0.0,0.0
EHPK,1,1,0,0,arrivals,0.0,0.0
EPWK,1,0,0,0,arrivals,0.0,0.0
DAAV,1,0,0,0,arrivals,0.0,0.0
ENQC,1,1,0,0,arrivals,0.0,0.0
EDTF,1,1,0,0,arrivals,0.0,0.0
EBCV,1,1,1,2,arrivals,1.0,2.0
LGKA,1,1,0,0,arrivals,0.0,0.0
EDFE,1,1,0,0,arrivals,0.0,0.0
EDMV,1,0,0,0,arrivals,0.0,0.0
ULMM,1,0,0,0,arrivals,0.0,0.0
LFRI,1,1,0,0,arrivals,0.0,0.0
ENWK,1,0,0,0,arrivals,0.0,0.0
EGWC,1,1,1,1,arrivals,1.0,1.0
EDBR,1,1,1,1,arrivals,1.0,1.0
LGKZ,1,1,1,2,arrivals,1.0,2.0
ENSF,1,0,0,0,arrivals,0.0,0.0
EGUB,1,0,0,0,arrivals,0.0,0.0
EHFD,1,0,0,0,arrivals,0.0,0.0
ENQB,1,0,0,0,arrivals,0.0,0.0
BIGJ,1,0,0,0,arrivals,0.0,0.0
EHFT,1,0,0,0,arrivals,0.0,0.0
LJPZ,1,1,1,2,arrivals,1.0,2.0
EHDV,1,1,0,0,arrivals,0.0,0.0
LFPN,1,1,0,0,arrivals,0.0,0.0
EFLP,1,1,0,0,arrivals,0.0,0.0
EHLE,1,1,1,1,arrivals,1.0,1.0
EGBP,1,1,0,0,arrivals,0.0,0.0
LIMW,1,1,1,1,arrivals,1.0,1.0
LFMH,1,1,1,3,arrivals,1.0,3.0
LFLH,1,1,0,0,arrivals,0.0,0.0
EDGE,1,1,1,2,arrivals,1.0,2.0
ULWC,1,0,0,0,arrivals,0.0,0.0
LFCI,1,1,1,1,arrivals,1.0,1.0
EIWF,1,1,1,1,arrivals,1.0,1.0
GMAZ,1,1,0,0,arrivals,0.0,0.0
LIMG,1,1,1,1,arrivals,1.0,1.0
EHFR,1,0,0,0,arrivals,0.0,0.0
UBBF,1,0,0,0,arrivals,0.0,0.0
LFLD,1,1,0,1,arrivals,0.0,1.0
LFOP,1,1,1,1,arrivals,1.0,1.0
LFTF,1,1,0,0,arrivals,0.0,0.0
EHTW,1,1,1,1,arrivals,1.0,1.0
LKRO,1,1,0,0,arrivals,0.0,0.0
DAUH,1,0,0,0,arrivals,0.0,0.0
LFRO,1,1,1,1,arrivals,1.0,1.0
ENUS,1,0,0,0,arrivals,0.0,0.0
ENRK,1,1,0,0,arrivals,0.0,0.0
LIRJ,1,0,0,2,arrivals,0.0,2.0
LFAQ,1,1,0,0,arrivals,0.0,0.0
UGSA,1,0,0,0,arrivals,0.0,0.0
EGSC,1,1,1,1,arrivals,1.0,1.0
OIGG,1,0,0,0,arrivals,0.0,0.0
LRAR,1,0,0,10,arrivals,0.0,10.0
LFLO,1,1,1,1,arrivals,1.0,1.0
LSTS,1,1,0,0,arrivals,0.0,0.0
LHPR,1,1,1,1,arrivals,1.0,1.0
